{
  "awakened:Thunderbolt": {
    "NAME": "Удар молнии",
    "DESCRIPTION": "Сохраняемая. NL Наносит !D! урона. NL Сжигается."
  },
  "awakened:BurningStudy": {
    "NAME": "Пылающее изучение",
    "DESCRIPTION": "Сохраняемая. NL Даёт !M! Силы. NL Накладывает !awakened:m2! Слабости на ВСЕХ врагов. NL Сжигается.",
    "UPGRADE_DESCRIPTION": "Сохраняемая. NL Даёт !M! Силы. NL Накладывает !awakened:m2! Слабости на ВСЕХ врагов. NL Сжигается."
  },
  "awakened:Cryostasis": {
    "NAME": "Криостазис",
    "DESCRIPTION": "Сохраняемая. NL Даёт !B! Защиты. NL Сжигается."
  },
  "awakened:Darkleech": {
    "NAME": "Тёмный паразит",
    "DESCRIPTION": "Сохраняемая. NL Накладывает !M! Уязвимости. NL Накладывает !awakened:m2! Ожога маны. NL Сжигается."
  },
  "awakened:DeathCoil": {
    "NAME": "Спираль смерти",
    "DESCRIPTION": "Накладывает !M! Ожога маны. NL В следующем ходу вы теряете [E]."
  },
  "awakened:ESPSpell": {
    "NAME": "ЭСВ",
    "DESCRIPTION": "Сохраняемая. NL Вы берёте !M! карту. NL Сжигается.",
    "UPGRADE_DESCRIPTION": "Сохраняемая. NL Вы берёте !M! карты. NL Сжигается."
  },
  "awakened:Strike": {
    "NAME": "Удар",
    "DESCRIPTION": "Наносит !D! урона."
  },
  "awakened:Defend": {
    "NAME": "Оборона",
    "DESCRIPTION": "Даёт !B! Защиты."
  },
  "awakened:Brainshock": {
    "NAME": "Шок мозга",
    "DESCRIPTION": "Наносит !D! урона. NL Добавляет *Бездну в стопку сброса."
  },
  "awakened:Intensify": {
    "NAME": "Усиление",
    "DESCRIPTION": "Призыв. NL В этом ходу Заклинания стоят 0, вы не можете использовать Призыв снова.",
    "UPGRADE_DESCRIPTION": "Сохраняемая. Призыв. NL В этом ходу Заклинания стоят 0, вы не можете использовать Призыв снова."
  },
  "awakened:DarkEcho": {
    "NAME": "Тёмное эхо",
    "DESCRIPTION": "В конце вашего хода наносит !M! урона ВСЕМ врагам. Учитывает Силу."
  },
  "awakened:AwakenedForm": {
    "NAME": "Пробуждённая форма",
    "DESCRIPTION": "Даёт !M! Любознательности. NL Даёт !awakened:m2! Ритуала.",
    "UPGRADE_DESCRIPTION": "*Пробудитесь немедленно. NL Даёт !M! Любознательности. NL Даёт !awakened:m2! Ритуала."
  },
  "awakened:Spellbinder": {
    "NAME": "Заклинатель",
    "DESCRIPTION": "В начале вашего хода выполняет Призыв."
  },
  "awakened:Ceremony": {
    "NAME": "Церемония",
    "DESCRIPTION": "Сохраняемая. NL Даёт !M! Силы.",
    "UPGRADE_DESCRIPTION": "Сохраняемая. NL Даёт !M! Силы."
  },
  "awakened:TalonRake": {
    "NAME": "Рвать когтями",
    "DESCRIPTION": "Наносит !D! урона дважды. NL Призыв."
  },
  "awakened:Hymn": {
    "NAME": "Гимн",
    "DESCRIPTION": "Даёт !B! Защиты. NL Даёт *Церемонию. NL В следующем ходу вы теряете [E]."
  },
  "awakened:Psalm": {
    "NAME": "Псалом",
    "DESCRIPTION": "Наносит !D! урона и накладывает !M! Слабости на ВСЕХ врагов."
  },
  "awakened:DemonGlyph": {
    "NAME": "Демонический глиф",
    "DESCRIPTION": "Даёт !M! Силы и Ловкости. NL Когда вы *Пробуждены, получите ещё !awakened:m2!."
  },
  "awakened:TakeFlight": {
    "NAME": "Взмыть ввысь",
    "DESCRIPTION": "Даёт !B! Защиты. NL Напев: Защита не снимается в начале следующего хода."
  },
  "awakened:FeatherVeil": {
    "NAME": "Перьевая вуаль",
    "DESCRIPTION": "Даёт !B! Защиты. NL Вы теряете !M! Силы."
  },
  "awakened:Peck": {
    "NAME": "Клевок",
    "DESCRIPTION": "Даёт !B! Защиты. NL Наносит !D! урона. NL Вы берёте !M! карту.",
    "UPGRADE_DESCRIPTION": "Даёт !B! Защиты. NL Наносит !D! урона. NL Вы берёте !M! карты."
  },
  "awakened:Extension": {
    "NAME": "Вытягивание",
    "DESCRIPTION": "Наносит !D! урона. NL Каждый раз, когда вы разыгрываете Талант, возвращается из стопки сброса в руку."
  },
  "awakened:Pluck": {
    "NAME": "Выщипывание",
    "DESCRIPTION": "Наносит !D! урона ВСЕМ врагам. NL Добавляет в руку *Укол *пером."
  },
  "awakened:FlareShot": {
    "NAME": "Пылающее перо",
    "DESCRIPTION": "Наносит !D! урона. NL Напев: В следующем ходу возьмите !M! дополнительную карту."
  },
  "awakened:ClarionCall": {
    "NAME": "Звонкий призыв",
    "DESCRIPTION": "Наносит !D! урона. NL В следующий раз, когда вы будете Истощены, получите [E]."
  },
  "awakened:Recitation": {
    "NAME": "Декламация",
    "DESCRIPTION": "Наносит !D! урона. NL Напев: Наносит !D! урона ещё раз."
  },
  "awakened:ChosenVerse": {
    "NAME": "Избранный стих",
    "DESCRIPTION": "Если следующие !M! карт, сыгранные в этом ходу, будут не-Атаками, вы возьмёте карту и получите !B! Защиты."
  },
  "awakened:SoulStrike": {
    "NAME": "Удар души",
    "DESCRIPTION": "Наносит !D! урона !M! раза. NL Стоит на 1 [E] меньше за каждый Талант, сыгранный в этом ходу."
  },
  "awakened:Altar": {
    "NAME": "Алтарь",
    "DESCRIPTION": "Даёт !B! Защиты. NL Сжигает карту. NL Призыв."
  },
  "awakened:Envision": {
    "NAME": "Предвидение",
    "DESCRIPTION": "Даёт !B! Защиты. NL Призыв и кладёт Заклинание на верх стопки добора."
  },
  "awakened:Thaumaturgy": {
    "NAME": "Тауматургия",
    "DESCRIPTION": "Даёт !awakened:m2! Ловкости. NL В начале следующих !M! ходов добавляет *Церемонию в руку.",
    "UPGRADE_DESCRIPTION": "Даёт !awakened:m2! Ловкости. NL В начале следующих !M! ходов добавляет *Церемонию в руку."
  },
  "awakened:WaveOfMiasma": {
    "NAME": "Волна миазмов",
    "DESCRIPTION": "Даёт !B! Защиты. NL Накладывает !awakened:m2! Ожога маны ВСЕМ врагам. NL Сжигается."
  },
  "awakened:SludgeBomb": {
    "NAME": "Грязевая бомба",
    "DESCRIPTION": "Требует и сжигает карту *Бездны. NL Наносит !D! урона ВСЕМ врагам.",
    "EXTENDED_DESCRIPTION": [
      "У меня нет сожжённой карты Бездны"
    ]
  },
  "awakened:KnifesEdge": {
    "NAME": "Лезвие ножа",
    "DESCRIPTION": "Даёт !awakened:m2! Силы. NL Добавляет !M! *Бездн в стопку сброса."
  },
  "awakened:FourthDimension": {
    "NAME": "4-е измерение",
    "DESCRIPTION": "Сжигает карту. NL Замешивает !M! копий в стопку добора. NL Сжигается.",
    "EXTENDED_DESCRIPTION": [
      "Сожжено для 4-го измерения."
    ]
  },
  "awakened:RavenStrike": {
    "NAME": "Удар ворона",
    "DESCRIPTION": "Наносит !D! урона. NL Напев: Вы разыгрываете карту с верха стопки добора"
  },
  "awakened:Unleash": {
    "NAME": "Высвобождение",
    "DESCRIPTION": "Наносит !D! урона. NL Наносит на !M! больше урона за каждую карту в вашей руке."
  },
  "awakened:DesperatePrayer": {
    "NAME": "Отчаянная молитва",
    "DESCRIPTION": "Добавляет !M! карт *Церемония в руку. NL Сжигается."
  },
  "awakened:BirdsEye": {
    "NAME": "Птичий взор",
    "DESCRIPTION": "Выберите Заклинание для Призыва.",
    "UPGRADE_DESCRIPTION": "Обновляет Заклинания. Выберите Заклинание для Призыва."
  },
  "awakened:Initiation": {
    "NAME": "Посвящение",
    "DESCRIPTION": "Даёт !B! Защиты. NL Добавляет *Церемонию."
  },
  "awakened:Ensorcelate": {
    "NAME": "Очарование",
    "DESCRIPTION": "Даёт !B! Защиты. NL Следующий сыгранный Талант стоит 0."
  },
  "awakened:Skyward": {
    "NAME": "Ввысь",
    "DESCRIPTION": "Даёт !B! Защиты. NL Вы берёте !M! карту. NL Стоит на 1 [E] меньше за каждый Талант, сыгранный в этом бою."
  },
  "awakened:RisingChant": {
    "NAME": "Восходящий хор",
    "DESCRIPTION": "Эфирная. NL Первый в ходу Напев срабатывает дважды.",
    "UPGRADE_DESCRIPTION": "Первый в ходу Напев срабатывает дважды."
  },
  "awakened:FeatherWhirl": {
    "NAME": "Перьевой вихрь",
    "DESCRIPTION": "Добавляет X копий *Укола *пером.",
    "UPGRADE_DESCRIPTION": "Добавляет X+1 копий *Укола *пером."
  },
  "awakened:Murder": {
    "NAME": "Убийство",
    "DESCRIPTION": "Наносит !D! урона случайному противнику !M! раз.",
    "UPGRADE_DESCRIPTION": "Сохраняемая. NL Наносит !D! урона случайному противнику !M! раз."
  },
  "awakened:Nihil": {
    "NAME": "Ничто",
    "DESCRIPTION": "Накладывает !M! Ожога маны. NL Напев: ВСЕ враги теряют ОЗ, равное Ожогу маны."
  },
  "awakened:MoonlitVision": {
    "NAME": "Лунное видение",
    "DESCRIPTION": "Когда вы разыгрываете первое за ход Заклинание, даёт [E]."
  },
  "awakened:Rebirth": {
    "NAME": "Перерождение",
    "DESCRIPTION": "В конце боя или когда вы должны умереть, снимает все ослабления, *Пробуждает и восстанавливает !M! ОЗ."
  },
  "awakened:Archmagus": {
    "NAME": "Архимаг",
    "DESCRIPTION": "Первое в ходу Заклинание разыгрывается дважды."
  },
  "awakened:Planeswalk": {
    "NAME": "Переход между мирами",
    "DESCRIPTION": "Даёт [E] [E]. NL Добавляет *Бездну в стопку добора.",
    "UPGRADE_DESCRIPTION": "Даёт [E] [E] [E]. NL Добавляет *Бездну в стопку добора."
  },
  "awakened:Spew": {
    "NAME": "Изрыгание",
    "DESCRIPTION": "Наносит !D! урона. NL [E] , потраченная на эту карту, считается Истощённой."
  },
  "awakened:DarknessFalls": {
    "NAME": "Наступление тьмы",
    "DESCRIPTION": "Каждый раз, когда вы получаете Истощение, даёт !M! Защиты и !awakened:m2! Силы.",
    "UPGRADE_DESCRIPTION": "Врождённая. NL Каждый раз, когда вы получаете Истощение, даёт !M! Защиты и !awakened:m2! Силы."
  },
  "awakened:Eventide": {
    "NAME": "Сумерки",
    "DESCRIPTION": "Наносит !D! урона случайному противнику дважды. NL Добавляет *Бездну на верх стопки добора."
  },
  "awakened:EclipseEmbrace": {
    "NAME": "Объятие затмения",
    "DESCRIPTION": "Каждый раз, когда вы Сжигаете *Бездну, даёт [E] и берёт карту в следующий ход."
  },
  "awakened:Clutch": {
    "NAME": "Хватка",
    "DESCRIPTION": "Наносит !D! урона. NL Берите карту стоимостью 0."
  },
  "awakened:Gloomguard": {
    "NAME": "Мрачный страж",
    "DESCRIPTION": "Даёт !B! Защиты. NL Стоит 0, если *Бездна в руке."
  },
  "awakened:Carrionmaker": {
    "NAME": "Падальщик",
    "DESCRIPTION": "Наносит !D! урона случайному противнику. NL Повторяется за каждое Заклинание, сыгранное в этот ход.",
    "EXTENDED_DESCRIPTION": [
      " NL (",
      " Заклинание сыграно.)",
      " Заклинаний сыграно.)"
    ]
  },
  "awakened:MirePit": {
    "NAME": "Трясина",
    "DESCRIPTION": "ВСЕ враги теряют !M! Силы в этот ход. NL В следующем ходу вы теряете [E]. NL Сжигается."
  },
  "awakened:SingularityShield": {
    "NAME": "Щит сингулярности",
    "DESCRIPTION": "Даёт !B! Защиты. В следующем ходу даёт !B! Защиты и вы теряете [E]."
  },
  "awakened:Dejection": {
    "NAME": "Уныние",
    "DESCRIPTION": "Наносит !D! урона. NL Сжигает карту. Если это было Заклинание, даёт *Церемонию."
  },
  "awakened:BloodRite": {
    "NAME": "Кровавый обряд",
    "DESCRIPTION": "Наносит !D! урона. NL Даёт *Церемонию."
  },
  "awakened:SongOfSorrow": {
    "NAME": "Песнь скорби",
    "DESCRIPTION": "Каждый раз, когда вы создаёте *Бездну, ВСЕ враги теряют !M! ОЗ."
  },
  "awakened:MysticOrder": {
    "NAME": "Мистический орден",
    "DESCRIPTION": "Вы берёте !M! карт. NL Призыв."
  },
  "awakened:ProfaneStrike": {
    "NAME": "Осквернённый удар",
    "DESCRIPTION": "Наносит !D! урона. NL Вы кладёте карту из руки на верх стопки добора."
  },
  "awakened:Victuals": {
    "NAME": "Провиант",
    "DESCRIPTION": "Напев: Даёт [E] [E]. NL Сжигается.",
    "UPGRADE_DESCRIPTION": "Напев: Даёт [E] [E] [E]. NL Сжигается."
  },
  "awakened:Gather": {
    "NAME": "Сбор",
    "DESCRIPTION": "Даёт !B! Защиты. NL Напев: Положите карту из стопки сброса в руку."
  },
  "awakened:TheTower": {
    "NAME": "Башня",
    "DESCRIPTION": "Наносит !D! урона ВСЕМ врагам. NL Наносит на !M! больше урона за каждую карту, созданную в этом бою."
  },
  "awakened:ArcaneNesting": {
    "NAME": "Тайное гнездование",
    "DESCRIPTION": "Неиграбельная. NL Каждый раз, когда вы разыгрываете Талант, пока эта карта в руке, даёт !B! Защиты.",
    "EXTENDED_DESCRIPTION": [
      "Мне нужно разыгрывать Талант, чтобы получать Защиту."
    ]
  },
  "awakened:MiddenHeap": {
    "NAME": "Куча отбросов",
    "DESCRIPTION": "Даёт !B! Защиты. NL Вы берёте !M! карту Статуса или Проклятия из стопки добора или сброса в руку.",
    "UPGRADE_DESCRIPTION": "Даёт !B! Защиты. NL Положите !M! карт Статуса или Проклятия из стопки добора или сброса в руку.",
    "EXTENDED_DESCRIPTION": [
      "Выберите карту, которую хотите взять в руку.",
      "Выберите карты, которые хотите взять в руку."
    ]
  },
  "awakened:Caw": {
    "NAME": "Кар",
    "DESCRIPTION": "Наносит !D! урона. NL Напев: Увеличить урон всех карт *Кар на !M! в этом бою."
  },
  "awakened:Scour": {
    "NAME": "Истязание",
    "DESCRIPTION": "Наносит !D! урона. NL Накладывает !M! Ожога маны."
  },
  "awakened:Manastorm": {
    "NAME": "Магическая буря",
    "DESCRIPTION": "Наносит !D! урона ВСЕМ врагам. NL Призыв дважды."
  },
  "awakened:StormRuler": {
    "NAME": "Владыка бури",
    "DESCRIPTION": "Призыв. NL *Удар *молнии наносит на !M! больше урона."
  },
  "awakened:AphoticFount": {
    "NAME": "Афотический источник",
    "DESCRIPTION": "Призыв. NL Каждый раз, когда вы разыгрываете *Криостазис, даёт !M! Шипов.",
    "UPGRADE_DESCRIPTION": "Призыв. NL Каждый раз, когда вы разыгрываете *Криостазис, даёт !M! Шипов."
  },
  "awakened:Bloodthirst": {
    "NAME": "Кровожадность",
    "DESCRIPTION": "Наносит !D! урона. Даёт Зелье Таланта и Сжигается, если убивает врага."
  },
  "awakened:Procession": {
    "NAME": "Шествие",
    "DESCRIPTION": "Разыграйте карту из стопки добора и замешайте *Бездны, равные её стоимости. NL Сжигается."
  },
  "awakened:SplitWide": {
    "NAME": "Широкий размах",
    "DESCRIPTION": "Наносит !D! урона. NL Каждый раз, когда вы атакуете этого врага, получите !M! временной Силы. NL Сжигается.",
    "UPGRADE_DESCRIPTION": "Наносит !D! урона. NL Каждый раз, когда вы атакуете этого врага, получите !M! временной Силы. NL Сжигается."
  },
  "awakened:Spellshield": {
    "NAME": "Щит чар",
    "DESCRIPTION": "Каждый раз, когда карта Сохраняется, даёт !M! Защиты."
  },
  "awakened:Siphon": {
    "NAME": "Сифон",
    "DESCRIPTION": "Наносит !D! урона. NL Напев: Похищает !M! Силы."
  },
  "awakened:PlumeJab": {
    "NAME": "Укол пером",
    "DESCRIPTION": "Сохраняемая. NL Наносит !D! урона случайным противникам дважды. NL Сжигается."
  },
  "awakened:Primacy": {
    "NAME": "Первенство",
    "DESCRIPTION": "Вы берёте карту, когда в первый раз за ход получаете Силу.",
    "UPGRADE_DESCRIPTION": "Вы берёте карту, когда первые !M! раз за ход получаете Силу."
  },
  "awakened:Daggerstorm": {
    "NAME": "Буря кинжалов",
    "DESCRIPTION": "Наносит !M! урона случайным противникам каждый раз, когда вы создаёте карту."
  },
  "awakened:PackRat": {
    "NAME": "Крыса-собиратель",
    "DESCRIPTION": "Наносит !D! урона и даёт !B! Защиты дважды. NL Вы получаете случайное зелье. NL Сжигается."
  },
  "awakened:Mantis": {
    "NAME": "Богомол",
    "DESCRIPTION": "Даёт !M! Силы. NL Добавляет в руку *Укол *пером."
  },
  "awakened:ManaShield": {
    "NAME": "Щит маны",
    "DESCRIPTION": "Даёт !B! Защиты. NL Призыв. NL Уменьшает стоимость случайного Заклинания в руке на 1."
  },
  "awakened:Crusher": {
    "NAME": "Сокрушитель",
    "DESCRIPTION": "Сохраняемая. NL Наносит !D! урона. NL Каждый раз, когда вы создаёте карту, уменьшает её стоимость на 1 до её розыгрыша."
  },
  "awakened:Minniegun": {
    "NAME": "Миниган",
    "DESCRIPTION": "Наносит !D! урона !M! раз. NL Добавляет *Бездну в стопку добора."
  },
  "awakened:SignInBlood": {
    "NAME": "Подписать кровью",
    "DESCRIPTION": "Вы получаете !awakened:m2! урона. NL Вы берёте !M! карт. NL Даёт !awakened:m2! Силы. NL Сжигается."
  },
  "awakened:SpreadingSpores": {
    "NAME": "Распространяющиеся споры",
    "DESCRIPTION": "Эфирная. NL Даёт !M! Шипов. NL Замешайте копию этой карты в стопку добора."
  },
  "awakened:Scheme": {
    "NAME": "План",
    "DESCRIPTION": "Следующая карта стоимостью 1 или меньше разыгрывается дважды.",
    "UPGRADE_DESCRIPTION": "Следующие !M! карт стоимостью 1 или меньше разыгрываются дважды."
  },
  "awakened:TheEncyclopedia": {
    "NAME": "Энциклопедия",
    "DESCRIPTION": "Выберите 2 из !M! случайных карт и добавьте их в руку. Они стоят на 2 меньше. NL Сжигается.",
    "EXTENDED_DESCRIPTION": [
      "Выберите 2 карты для добавления в руку."
    ]
  },
  "awakened:RealityRift": {
    "NAME": "Разлом реальности",
    "DESCRIPTION": "Выберите !awakened:m2! из !M! мощных карт из *ДРУГОГО *ИЗМЕРЕНИЯ. NL Добавьте 2 *Бездны в стопку сброса. Сжигается."
  },
  "awakened:Inscribe": {
    "NAME": "Вписать",
    "DESCRIPTION": "Выберите Заклинание. Добавьте !M! копий в Книгу заклинаний до конца боя.",
    "UPGRADE_DESCRIPTION": "Призыв. NL Выберите Заклинание. Добавьте !M! копий в Книгу заклинаний до конца боя."
  }
}