{
  "awakened:Nest": {
    "NAME": "Гнездо",
    "DESCRIPTIONS": [
      "Ты нашёл его… и вернулся. NL #pГнездо — #pместо #pтвоего #pвознесения, #pгде #pты #pстал #b~живым~ #b~аватаром~ #b~бога.~ Как только ты входишь, тебя окружают культисты, @каркающие@ и @ликующие@! NL Они хорошо знают, что твоё возвращение часто сопровождается требованием #r@десятины...@",
      "Предстоящие битвы будут тяжёлыми, и сейчас — идеальный момент найти уникальное оружие для своего арсенала. NL NL #r@...Только@ #r@не@ #r@кинжалы.@ NL NL Ты совершаешь могущественный ритуал, призывая невероятно #yмощную #yреликвию, но плата за него оказывается высокой. NL NL Истощённый, ты покидаешь Гнездо, надеясь, что новое оружие посеет хаос на своём пути.",
      "Всё больше членов стаи выстраиваются в очередь, принося подношения. NL NL Большинство — @бесполезный@ @хлам,@ но один приносит особенно интересный дар: #bмощный #bэликсир, который может серьёзно помочь в бою. NL NL Вскоре ты покидаешь Гнездо и продолжаешь свой путь вниз по Шпилю.",
      "Культисты окружают тебя ещё плотнее обычного, увидев возвращение своей драгоценной статуи. NL Повод для праздника! Тебя осыпают дарами и Душами! NL Когда торжества заканчиваются и ты покидаешь Гнездо, ты понимаешь, что мог бы использовать это время для поисков ценного оружия... NL NL Теперь уже поздно, но ты всё равно движешься дальше.",
      "#r@«ПТИЧИЙ@ #r@БОГ!!@ #r@ВОЗВРАТИЛСЯ!!»@ NL #b~«КАР~ #b~КАР~ #b~КАРРРРР!!!»~ NL Статуя, которую ты решил не разрушать, сегодня действительно оказалась полезной.",
      "",
      "",
      "Культисты окружают тебя ещё плотнее обычного, увидев возвращение своей драгоценной статуи. NL Повод для праздника! Тебя осыпают дарами и Душами! NL Когда торжества заканчиваются и ты покидаешь Гнездо, ты понимаешь, что мог бы использовать это время для поисков ценного оружия... NL NL Теперь уже поздно, но ты всё равно движешься дальше.",
      "Ты быстро направляешься к ящику для пожертвований и сокровищнице, намереваясь в полной мере воспользоваться монетами и найти #yреликвию. NL NL Монеты, оплаченные самой кровью, вполне могут заменить #bдуши. NL NL #yРеликвия, разумеется, тоже пригодится в грядущих испытаниях. NL NL Ты сжимаешь в руках #rокровавленные монеты из ящика для пожертвований… но затем замечаешь, что сундуки почти пусты... NL NL NL ~...~",
      "Тебя… #r@обокрали?@ Гнездо #pобчистили? NL NL Конечно же нет, ~ни~ ~за~ ~что~ такого бы не случилось. NL NL NL Было бы глупо даже подумать о подобном. NL NL NL ~...верно?~ NL NL NL Ты отталкиваешь свои #y~навязчивые~ #y~сомнения~ и уходишь прочь от Гнезда."
    ],
    "OPTIONS": [
      "[Вернуть статую] #rПотерять #rСтатую #rСломанного #rКрыла. #gПолучить #gмного #gнаград.",
      "[Закрыто] Требуется Статуя Сломанного Крыла.",
      "[Собрать подношения] #gПолучить #gЗелье #gЛюбопытства.",
      "[Призвать оружие] #gПолучить #gособую #gреликвию. #rПотерять #r",
      " #rМакс. #rОЗ.",
      "[Ящик пожертвований] #gПолучить #g",
      " #gзолота #gи #gобычную #gреликвию. #rПолучить #rПроклятие #r— #rСомнение.",
      "[Уйти]",
      "[Продолжить]",
      "[Быть восхвалённым!] #gПолучить #gнаграды за возвращение #gСтатуи #gСломанного #gКрыла.",
      "[Продолжить] — #rПолучить #rПроклятие #r— #rСомнение."
    ]
  },

  "awakened:WingStatueAwakened": {
    "NAME": "Крылатая статуя",
    "DESCRIPTIONS": [
      "Среди камней ты замечаешь большую изящную синюю статую Мазалета — Бога Воронов. NL NL Тебя захлёстывает внезапная ярость и желание уничтожить её. NL NL Однако ты знаешь, что это навлечёт гнев твоего покровителя.",
      "Ты решаешь, что риск того не стоит, и забираешь статую с собой. NL Сначала её вес тяготит тебя, но вскоре ты справляешься и продолжаешь путь.",
      "Ты обрушиваешься на статую, разбивая её вдребезги! NL Среди обломков ты находишь острый осколок, всё ещё наполненный магией. NL Ты уходишь, ощущая, как #pтёмная #pэнергия проникает в твою кровь.",
      "Ты проходишь мимо и продолжаешь путь.",
      "КА…Кар?! Дар ПТИЧЬЕМУ БОГУ?",
      "КА-КАРРР!!",
      "Обмен? Честное предложение...",
      "Культ будет доволен."
    ],
    "OPTIONS": [
      "[Разрушить] #gПолучить #gЗаострённый #gосколок. #rПолучить #rПроклятие #rдважды #r— #rГемофилия.",
      "[Забрать] #rПотерять #r",
      "[Уйти]",
      " #rОЗ. #gПолучить #gСтатую #gСломанного #gКрыла."
    ]
  },

  "awakened:BackToBasics": {
    "NAME": "Возвращение к основам",
    "DESCRIPTIONS": [
      "Ничто не имеет значения, кроме борьбы за жизнь. Здесь и сейчас."
    ],
    "OPTIONS": [
      "[Отчаяние] #gВаши #gУдары #gи #gОбороны #gстановятся #gИстощающими.",
      "[Закрыто] Требуется Удар или Оборона."
    ]
  },

  "awakened:AbyssEvent": {
    "NAME": "Из Бездны",
    "DESCRIPTIONS": [
      "Продвигаясь по городу, ты внезапно ощущаешь необъяснимое чувство… словно #pсама #pреальность начинает @распадаться@ перед тобой. NL Ощущения подводят тебя, но ты видишь #pгримуар, лежащий перед тобой, и слышишь ~потусторонний~ ~голос~, зовущий… NL \n\n«ПРОБУЖДЁННОЕ ДИТЯ. СТРАННИК БЕСКОНЕЧНЫХ ПЛАНОВ. НАМ МНОГОЕ НУЖНО ОБСУДИТЬ. ВОЗЬМИ МОЮ РУКУ, И Я ПРИВЕДУ ТЕБЯ К ЗНАНИЮ, КОТОРОЕ ТЫ ИЩЕШЬ… В НЕИЗВЕСТНЫЕ МИРЫ ЧУДОВИЩ, МАШИН И МАГИИ, ЧТО ВНЕ ПОНИМАНИЯ ЭТОГО МИРА».",
      "«ХОРОШО. НАШ СОЮЗ БУДЕТ МОГУЩЕСТВЕННЫМ»\n\n NL Пока ощущение #pпотустороннего #pнедомогания не исчезает, с томом в руках ты чувствуешь, будто перед тобой открылся бесконечный мир возможностей...",
      "Ты с усилием вырываешься из транса, расправляешь крылья и оставляешь странный #pгримуар позади."
    ],
    "OPTIONS": [
      "[Протянуть руку] Получить #gРазлом #gРеальности. #rПолучить #rПроклятие — #rСтарость.",
      "[Уйти]",
      "[Уйти]"
    ]
  },

  "awakened:CultTalk": {
    "NAME": "Речи культа",
    "DESCRIPTIONS": [
      "@ВЛАДЫКА!@ @ПРОСТИ@ @МЕНЯ!@",
      "@МОЁ@ @ВРЕМЯ@ @ПРИШЛО!@",
      "@КАРРРРРР!@ @КАР@ @КАР@ @КАР@ @КАРРРРРР!!!!@",

      "@МОЯ@ @КРОВЬ@ @ДЛЯ@ @ПТИЧЬЕГО@ @БОГА!@",
      "@Я@ @НЕДОСТОИН!@",
      "@Я@ @УМРУ@ @ЧТОБЫ@ @СТАЯ@ @ПРОЦВЕТАЛА!!!@",

      "~Пусть~ ~это~ ~станет~ ~моим~ ~искуплением…~",
      "~...~",
      "~Ты~ ~не~ ~оставляешь~ ~мне~ ~выбора…~"
    ]
  }
}