[
  {
    "PROPER_NAME": "Зелье Таланта",
    "NAMES": [
      "зелье таланта",
      "Зелье Таланта",
      "Зелье_Таланта",
      "зелье_таланта",
      "зельеталанта",
      "Power Potion",
      "Power_Potion",
      "power_potion",
      "powerpotion"
    ],
    "DESCRIPTION": "#yЗелье: выберите #b1 из #b3 случайных #yТалантов и добавьте его в руку. В этом ходу оно стоит #b0."
  },
  {
    "PROPER_NAME": "Призыв",
    "NAMES": [
      "призыв",
      "Призыв",
      "Призыва",
      "Призовите",
      "Призвать",
      "conjure",
      "conjured",
      "awaken"
    ],
    "DESCRIPTION": "Создаёт следующую карту из Книги заклинаний и добавляет её в руку."
  },
  {
    "PROPER_NAME": "Напев",
    "NAMES": [
      "напев",
      "Напев",
      "Напева",
      "chant"
    ],
    "DESCRIPTION": "Карты с эффектами #yНапева становятся сильнее до конца боя, если последней сыгранной картой была карта #yТаланта."
  },
  {
    "PROPER_NAME": "Порча",
    "NAMES": [
      "порча",
      "Порча",
      "Порчи",
      "Порчей",
      "Hex",
      "hexxed",
      "hexx"
    ],
    "DESCRIPTION": "Существо с #yПорчей получает на #b20% больше урона от следующей Атаки за каждый заряд. #yПорча полностью снимается после атаки."
  },
  {
    "PROPER_NAME": "Истощение",
    "NAMES": [
      "истощение",
      "Истощение",
      "Истощения",
      "Истощены",
      "Истощённой",
      "drain",
      "drained"
    ],
    "DESCRIPTION": "Любой эффект, который приводит к потере [E], даже если терять нечего. (Не включает [E], потраченные на разыгрывание карт.)"
  },
  {
    "PROPER_NAME": "Ожог маны",
    "NAMES": [
      "ожог маны",
      "Ожог маны",
      "Ожога маны",
      "Ожогу маны",
      "Ожогом маны",
      "manaburn"
    ],
    "DESCRIPTION": "Каждый раз, когда вы теряете [E] (даже если терять нечего), существо теряет ОЗ, равное #yОжогу маны. (Не включает [E], потраченные на разыгрывание карт.)"
  },
  {
    "PROPER_NAME": "Любознательность",
    "NAMES": [
      "любознательность",
      "Любознательность",
      "Любознательности",
      "curiosity"
    ],
    "DESCRIPTION": "Каждый раз, когда вы разыгрываете карту #yТаланта, получайте #b1 #yСилы."
  }
]