{
  "awakened:PhaseSkip": {
    "NAME": "Напиток вознесённого",
    "DESCRIPTIONS": [
      "#yНемедленно #yПробудитесь и #yУлучшите все карты до конца боя."
    ]
  },
  "awakened:CultistsDelight": {
    "NAME": "Услада культиста",
    "DESCRIPTIONS": [
      "Когда вы разыгрываете #yТалант в этом бою, получайте #b",
      " #yСилы. Добавьте в руку случайный #yТалант. В этом ходу он стоит #b0."
    ]
  },
  "awakened:SacramentalWine": {
    "NAME": "Священное вино",
    "DESCRIPTIONS": [
      "Когда вы разыгрываете #yТалант в этом бою, получайте #b",
      " #yЗащиты. Добавьте в руку случайный #yТалант. В этом ходу он стоит #b0."
    ]
  },
  "awakened:SneckoPowersPotion": {
    "NAME": "Эссенция Змекко",
    "DESCRIPTIONS": [
      "Выберите #b1 из #b3 случайных #yТалантов #yдругого #yкласса и добавьте его в руку. В этом ходу он стоит #b0.",
      "Выберите #b1 из #b3 случайных #yТалантов #yдругого #yкласса и добавьте #b",
      " его копии в руку. В этом ходу они стоят #b0."
    ]
  }
}