{
  "awakened:IntensifyPower": {
    "NAME": "Усиление",
    "DESCRIPTIONS": [
      "В этом ходу все Заклинания стоят #b0.",
      "В течение следующих #b",
      " ходов все Заклинания стоят #b0."
    ]
  },
  "awakened:IntensifyDebuffPower": {
    "NAME": "Выгорание",
    "DESCRIPTIONS": [
      "Вы не можете #yПризывать до конца хода.",
      "Вы не можете #yПризывать в течение следующих #b",
      " ходов."
    ]
  },
  "awakened:RisingChantPower": {
    "NAME": "Восходящий хор",
    "DESCRIPTIONS": [
      "Первые #b",
      " эффекта #yНапева, сработавшие в этом ходу, срабатывают дважды. NL Осталось #b",
      " в этом ходу."
    ]
  },
  "awakened:CursedStrength": {
    "NAME": "Тёмное благословение",
    "DESCRIPTIONS": [
      "Каждый раз, когда вы получаете #yИстощение, даёт #b",
      " #yСилы."
    ]
  },
  "awakened:ThaumaturgyPower": {
    "NAME": "Тауматургия",
    "DESCRIPTIONS": [
      "В начале следующих #b",
      " ходов даёт #yЦеремонию."
    ]
  },
  "awakened:SacramentPower": {
    "NAME": "Таинство",
    "DESCRIPTIONS": [
      "Каждый раз, когда вы разыгрываете #yТалант, даёт #b",
      " #yЗащиты."
    ]
  },
  "awakened:FlarePower": {
    "NAME": "Перьевая вспышка",
    "DESCRIPTIONS": [
      "Каждый раз, когда вы разыгрываете не-Атаку в этом ходу, ВСЕ враги теряют #b",
      " ОЗ."
    ]
  },
  "awakened:PrimacyPower": {
    "NAME": "Первенство",
    "DESCRIPTIONS": [
      "Первый раз за ход, когда вы получаете #yСилу, берите карту.",
      "Первые #b",
      " раз за ход, когда вы получаете #yСилу, берите карту.",
      " NL Этот эффект может сработать ещё #b",
      " раз в этом ходу.",
      " раз в этом ходу.",
      " NL В этом ходу эффект больше не может сработать."
    ]
  },
  "awakened:SpellbinderPower": {
    "NAME": "Заклинатель",
    "DESCRIPTIONS": [
      "В начале вашего хода выполняет #yПризыв.",
      "В начале вашего хода выполняет #yПризыв #b",
      " раза."
    ]
  },
  "awakened:DarkEchoPower": {
    "NAME": "Тёмное эхо",
    "DESCRIPTIONS": [
      "В конце вашего хода наносит #b",
      " урона ВСЕМ врагам #b",
      " раза.",
      " урона ВСЕМ врагам."
    ]
  },
  "awakened:MoonlitVisionPower": {
    "NAME": "Лунное видение",
    "DESCRIPTIONS": [
      "Первый раз за ход, когда вы разыгрываете Заклинание, даёт [E].",
      "Первые #b",
      " раз за ход, когда вы разыгрываете Заклинание, даёт [E].",
      " NL Осталось #b",
      " раз в этом ходу."
    ]
  },
  "awakened:EclipseEmbracePower": {
    "NAME": "Объятие затмения",
    "DESCRIPTIONS": [
      "Каждый раз, когда вы #yСжигаете #yБездну, даёт [E] и берёт карту в следующий ход.",
      "Каждый раз, когда вы #yСжигаете #yБездну, даёт #b",
      " [E] и берёт #b",
      " карты в следующий ход."
    ]
  },
  "awakened:SongOfSorrowPower": {
    "NAME": "Песнь скорби",
    "DESCRIPTIONS": [
      "Каждый раз, когда вы создаёте #yБездну, ВСЕ враги теряют #b",
      " ОЗ."
    ]
  },
  "awakened:ShroudOfMiasmaPower": {
    "NAME": "Покров миазмов",
    "DESCRIPTIONS": [
      "Каждый раз, когда вы атакуете врага с #yПорчей, даёт #b",
      " #yЗащиты."
    ]
  },
  "awakened:StrengthReturnPower": {
    "NAME": "Широкий размах",
    "DESCRIPTIONS": [
      "Каждый раз, когда вы атакуете этого врага, получайте #b",
      " временной #yСилы."
    ]
  },
  "awakened:ManaburnPower": {
    "NAME": "Ожог маны",
    "DESCRIPTIONS": [
      "Каждый раз, когда вы получаете #yИстощение, теряет #b",
      " ОЗ."
    ]
  },
  "awakened:ArchmagusPower": {
    "NAME": "Архимаг",
    "DESCRIPTIONS": [
      "Первое Заклинание, которое вы разыгрываете за ход, разыгрывается дважды.",
      "Первые #b",
      " Заклинания, которые вы разыгрываете за ход, разыгрываются дважды.",
      " NL (Осталось срабатываний: #b",
      ")"
    ]
  },
  "awakened:DoubleSpellPower": {
    "NAME": "Повтор чар",
    "DESCRIPTIONS": [
      "Следующее Заклинание в этом ходу разыгрывается дважды.",
      "Следующие #b",
      " Заклинаний в этом ходу разыгрываются дважды."
    ]
  },
  "awakened:DarknessFallsPower": {
    "NAME": "Наступление тьмы",
    "DESCRIPTIONS": [
      "Каждый раз, когда вы получаете #yИстощение, даёт #b",
      " #yЗащиты."
    ]
  },
  "awakened:VoidRefundPower": {
    "NAME": "Звонкий призыв",
    "DESCRIPTIONS": [
      "В следующий раз, когда вы получите #yИстощение, даёт [E].",
      "В следующий раз, когда вы получите #yИстощение, даёт #b",
      " [E]."
    ]
  },
  "awakened:DemonGlyphPower": {
    "NAME": "Демонический глиф",
    "DESCRIPTIONS": [
      "Даёт #b",
      " #yСилы и #yЛовкости, когда вы #yПробуждаетесь."
    ]
  },
  "awakened:ReverseRitualPower": {
    "NAME": "Пробуждённая форма",
    "DESCRIPTIONS": [
      "В начале вашего хода даёт #b",
      " #yРитуала."
    ]
  },
  "awakened:EnsorcelatePower": {
    "NAME": "Очарование",
    "DESCRIPTIONS": [
      "Следующий #yТалант, который вы разыграете, стоит #b0.",
      "Следующие #b",
      " #yТаланта, которые вы разыграете, стоят #b0."
    ]
  },
  "awakened:ConjureNextPower": {
    "NAME": "Выщипывание",
    "DESCRIPTIONS": [
      "В следующий раз, когда вы получите #yИстощение, добавьте в руку #yУкол #yпером.",
      "В следующий раз, когда вы получите #yИстощение, получите #b",
      " копий #yУкола #yпером."
    ]
  },
  "awakened:ChosensVersePower": {
    "NAME": "Избранный стих",
    "DESCRIPTIONS": [
      "В следующий раз в этом ходу, когда вы разыгрываете не-Атаку, берите карту и получайте #b",
      " #yЗащиты.",
      "В следующие #b",
      " раз в этом ходу, когда вы разыгрываете не-Атаку, берите карту и получайте #b",
      " #yЗащиты."
    ]
  },
  "awakened:AphoticFountPower": {
    "NAME": "Афотический источник",
    "DESCRIPTIONS": [
      "Каждый раз, когда вы разыгрываете #yКриостазис, получайте #b",
      " expansioncontent:Шипов."
    ]
  },
  "awakened:GrimoirePower": {
    "NAME": "Повелитель бури",
    "DESCRIPTIONS": [
      "Ваши #yУдары #yмолнии наносят на #b",
      " урона больше."
    ]
  },
  "awakened:SpellshieldPower": {
    "NAME": "Щит чар",
    "DESCRIPTIONS": [
      "Каждый раз, когда вы #yСохраняете карту, даёт #b",
      " #yЗащиты."
    ]
  },
  "awakened:DaggerstormPower": {
    "NAME": "Буря кинжалов",
    "DESCRIPTIONS": [
      "Каждый раз, когда вы создаёте карту, наносит #b",
      " урона случайному врагу."
    ]
  },
  "awakened:SchemePower": {
    "NAME": "План",
    "DESCRIPTIONS": [
      "Следующие #b",
      " карт стоимостью #b1 или меньше, сыгранные в этом ходу, разыгрываются дважды.",
      "Следующая карта стоимостью #b1 или меньше, сыгранная в этом ходу, разыгрывается дважды."
    ]
  },
  "awakened:FourthDimensionPower": {
    "NAME": "4-е измерение",
    "DESCRIPTIONS": [
      "В начале вашего #b",
      " следующего хода",
      " следующих ходов",
      " разыграйте и #yСожгите копию",
      "."
    ]
  }
}