{
  "awakened:RippedDoll": {
    "NAME": "Порванная кукла",
    "FLAVOR": "Последнее напоминание о прежнем «я». В ней всё ещё таится скрытая магия.",
    "DESCRIPTIONS": [
      "В начале первых #b",
      " ходов боя выполняет #yawakened:Призыв."
    ]
  },
  "awakened:ShreddedDoll": {
    "NAME": "Изорванная кукла",
    "FLAVOR": "Напоминание о вашей слабости, от которого вы всё равно не можете отказаться.",
    "DESCRIPTIONS": [
      "Заменяет ",
      ".[] NL В начале вашего хода выполняет #yawakened:Призыв. NL Первый раз за бой, когда вы обновляете Книгу заклинаний, получайте #b1 #yРитуала."
    ]
  },
  "awakened:WhiteRibbon": {
    "NAME": "Белая лента",
    "FLAVOR": "Наделяет силой произнесённые слова даже без должного ритуала.",
    "DESCRIPTIONS": [
      "Каждый раз, когда вы разыгрываете карту с #yawakened:Напевом, получайте #b",
      " #yЗащиты, даже если эффект не активен."
    ]
  },
  "awakened:HexxBomb": {
    "NAME": "Манабомба",
    "FLAVOR": "3... 2...",
    "DESCRIPTIONS": [
      "Когда враг умирает, весь его #yawakened:Ожог маны передаётся случайному врагу."
    ]
  },
  "awakened:TomeOfPortalmancy": {
    "NAME": "Фолиант портальной магии",
    "FLAVOR": "Гримуар, описывающий создание и обслуживание межпланарных врат.",
    "DESCRIPTIONS": [
      "Каждый раз, когда вы создаёте #yБездну, накладывайте #b",
      " #yawakened:Ожога маны на ВСЕХ врагов."
    ]
  },
  "awakened:EyeOfTheOccult": {
    "NAME": "Око оккультизма",
    "FLAVOR": "Эта жуткая резьба передаёт своему владельцу магические знания.",
    "DESCRIPTIONS": [
      "#yУдар #yмолнии и #yТёмный #yпаразит целятся во ВСЕХ врагов."
    ]
  },
  "awakened:DeadBird": {
    "NAME": "Дух ворона",
    "FLAVOR": "Этот призрак следует по пятам за проклятыми и обречёнными.",
    "DESCRIPTIONS": [
      "В конце вашего хода наносит #b",
      " урона врагу с наименьшим ОЗ. Урон увеличивается от #yСилы."
    ]
  },
  "awakened:AbyssBlade": {
    "NAME": "Клинок бездны",
    "FLAVOR": "Возврат из пустоты.",
    "DESCRIPTIONS": [
      "Первый раз за ход, когда вы получаете #yawakened:Истощение, получайте [E] и берите карту."
    ]
  },
  "awakened:ShardOfNowak": {
    "NAME": "Позолоченный костяной осколок",
    "FLAVOR": "...Нет, не в этом смысле.",
    "DESCRIPTIONS": [
      "В начале каждого боя получайте #b",
      " #yСилы. После потери ОЗ теряйте эту #yСилу до конца боя."
    ]
  },
  "awakened:VioletPlumage": {
    "NAME": "Фиолетовое оперение",
    "FLAVOR": "Окрашено бесконечной тьмой небытия.",
    "DESCRIPTIONS": [
      "Первый раз за бой, когда вы заканчиваете ход с лишней [E], в начале следующего хода берите #b",
      " дополнительных карт."
    ]
  },
  "awakened:ZenerDeck": {
    "NAME": "Колода Зенера",
    "FLAVOR": "«Раз, два, три — все взгляды должны быть на мне».",
    "DESCRIPTIONS": [
      "В начале боя добавляет #yЭСВ в Книгу заклинаний и #yawakened:Призывает её."
    ]
  },
  "awakened:CawingCask": {
    "NAME": "Каркающая бочка",
    "FLAVOR": "Ритуальная бочка с изображением бога-ворона Мазалета; содержимое пахнет подозрительно...",
    "DESCRIPTIONS": [
      "Каждый раз, когда вы используете зелье, получайте #b",
      " #yРитуала."
    ]
  },
  "awakened:MiniBlackHole": {
    "NAME": "Алетейя",
    "FLAVOR": "Из Бездны.",
    "DESCRIPTIONS": [
      "Если в свой ход вы не разыгрываете ни одного #yТаланта, в следующий ход берите дополнительную карту."
    ]
  },
  "awakened:StrengthBooster": {
    "NAME": "Бумажный ворон",
    "FLAVOR": "Судья сомнений и проклятий, сложенный тысячу раз...",
    "DESCRIPTIONS": [
      "Враги получают на #b",
      "% больше урона от #yawakened:Ожога маны."
    ]
  },
  "awakened:CursedBlessing": {
    "NAME": "Последние обряды",
    "FLAVOR": "Я завещаю всё своё имущество коту по кличке Лапша. Прощай, жестокий мир. С любовью, Рыцарь",
    "DESCRIPTIONS": [
      "Первый раз за бой, когда вы активируете #b",
      " эффекта #yawakened:Напева, получайте #b",
      " #yРитуала."
    ]
  },
  "awakened:CurvedSwordMeme": {
    "NAME": "Призванный клинок",
    "FLAVOR": "Ну же, давай. Призови клинок. Прямо сейчас. Я смотрю. :^)",
    "DESCRIPTIONS": [
      "В начале боя добавляет в руку #yПризыв #yклинка?",
      "ПРИМЕЧАНИЕ: ИГРОК НЕ МОЖЕТ ПОЛУЧИТЬ ЭТУ РЕЛИКВИЮ ВНЕ КОНСОЛИ, ЭТО ШУТОЧНАЯ РЕЛИКВИЯ!"
    ]
  },
  "awakened:CurvedSword": {
    "NAME": "Зецумэй",
    "FLAVOR": "Клинок, любимый магами за способность возвращать сотворённую магию обратно в себя.",
    "DESCRIPTIONS": [
      "Каждый раз, когда вы разыгрываете #b",
      " Заклинаний за бой, получайте #yЦеремонию."
    ]
  },
  "awakened:MoonTalisman": {
    "NAME": "Лунный талисман",
    "FLAVOR": "«Пожалуйста… просто не забывай меня. Даже после моей смерти».",
    "DESCRIPTIONS": [
      "При получении выберите карту, которая #rНЕ имеет #yawakened:Призыв, и добавьте к ней #yawakened:Призыв.",
      "Выберите карту для ",
      "Талисман благословил ",
      " и добавил #yawakened:Призыв.",
      "Карта, связанная с этой реликвией, была #rудалена из вашей колоды, реликвия больше не работает."
    ]
  },
  "awakened:AwakenedUrn": {
    "NAME": "Ваза с птичьим лицом",
    "FLAVOR": "Урна в виде хитро прищурившегося бога-ворона Мазалета.",
    "DESCRIPTIONS": [
      "Первые #b4 раза за бой, когда вы разыгрываете #yТалант, восстанавливайте #b",
      " ОЗ."
    ]
  },
  "awakened:NerfedMummifiedHand": {
    "NAME": "Высохшая рука",
    "FLAVOR": "Она требует истинной силы, сопротивляясь вашей оккультной магии.",
    "DESCRIPTIONS": [
      "Каждый раз, когда вы разыгрываете #yТалант (кроме #yЦеремонии), случайная карта в вашей руке в этом ходу стоит #b0."
    ]
  }
}