{
  "awakened:SpellDescriptor": {
    "TEXT": [
      "Заклинание"
    ]
  },
  "awakened:ConjureMod": {
    "TEXT": [
      " NL awakened:Призыв."
    ]
  },
  "awakened:SpellMod": {
    "TEXT": [
      "[#12FAF0]Заклинание. NL"
    ]
  },
  "awakened:DrainingMod": {
    "TEXT": [
      " NL В следующем ходу теряйте [E]."
    ]
  },
  "awakened:highlightChant": {
    "TEXT": [
      "awakened:Напев: ",
      "[awakenedIcon] [#12FAF0]Напев: "
    ]
  },
  "awakened:Spellbook": {
    "TEXT": [
      "Книга заклинаний",
      "Пробуждение",
      "После разыгрывания #b7 Талантов вы #yПробуждаетесь! NL NL Пока вы #yПробуждены, все #yПризванные заклинания #yУлучшаются, значительно повышая их эффективность.",
      "После разыгрывания #b7 Талантов вы #yПробуждаетесь! NL NL Пока вы #yПробуждены, все #yПризванные заклинания #yУлучшаются, значительно повышая их эффективность."
    ]
  },
  "awakened:FullSpellbook": {
    "TEXT": [
      "Моя Книга заклинаний переполнена!"
    ]
  },
  "awakened:FourthDimensionDupeAttempt": {
    "TEXT": [
      "@СДЕЛАВ@ @ЭТО@ @ТЫ@ @РАЗОРВЁШЬ@ @ПРОСТРАНСТВЕННО-ВРЕМЕННОЙ@ @КОНТИНУУМ!!!@"
    ]
  }
}