{
  "Slimebound:AcidTongue": {
    "NAME": "Распространение слизи",
    "DESCRIPTION": "Эффекты, накладывающие slimeboundmod:Слизь, накладывают на !M! больше."
  },
  "Slimebound:BestDefense": {
    "NAME": "Безрассудство",
    "DESCRIPTION": "Ваши карты «Рывок» наносят врагам на !M! урона больше, а вам — на 1 урона больше."
  },
  "Slimebound:CheckThePlaybook": {
    "NAME": "Консультация с руководством",
    "DESCRIPTION": "Получите 3 случайных карты «Рывок». В этом бою они стоят на 1 меньше. NL Сжигается."
  },
  "Slimebound:Chomp": {
    "NAME": "Откусить",
    "DESCRIPTION": "Наносит !D! урона. NL Уменьшает стоимость случайного «Рывка» в руке до 0 в этом ходу.",
    "UPGRADE_DESCRIPTION": "Наносит !D! урона. NL Уменьшает стоимость случайного «Рывка» в руке до 0 в этом бою."
  },
  "Slimebound:ComboTackle": {
    "NAME": "Копьё-рывок",
    "DESCRIPTION": "Наносит !D! урона. NL Получите !SlimeboundSelfharm! урона. NL Возьмите !M! карт."
  },
  "Slimebound:CorrosiveSpit": {
    "NAME": "Едкий плевок",
    "DESCRIPTION": "Накладывает !slime! slimeboundmod:Слизи."
  },
  "Slimebound:Darklings": {
    "NAME": "Дуэт темнышей",
    "DESCRIPTION": "slimeboundmod:Разделиться на slimeboundmod:Темныша !M! раз. NL Сжигается.",
    "UPGRADE_DESCRIPTION": "Трио темнышей"
  },
  "Slimebound:Defend_Slimebound": {
    "NAME": "Оборона",
    "DESCRIPTION": "Даёт !B! Защиты."
  },
  "Slimebound:DisruptingSlam": {
    "NAME": "На десерт",
    "DESCRIPTION": "Наносит !D! урона ВСЕМ врагам. NL expansioncontent:Эксгумирует !M! случайных карт «Лизь»."
  },
  "Slimebound:Dissolve": {
    "NAME": "Быстрый перекус",
    "DESCRIPTION": "Возьмите !M! карту. Сожгите карту. Получите *Лизь в количестве, равном её стоимости. NL Сжигается.",
    "UPGRADE_DESCRIPTION": "Возьмите !M! карт. Сожгите карту. Получите *Лизь в количестве, равном её стоимости. NL Сжигается."
  },
  "Slimebound:DivideAndConquer": {
    "NAME": "Разделяй и властвуй",
    "DESCRIPTION": "Наносит !D! урона случайному врагу за каждого Слизня. NL slimeboundmod:Поглощает всех Слизней. NL Сжигается."
  },
  "Slimebound:DouseInSlime": {
    "NAME": "Окунуть в слизь",
    "DESCRIPTION": "Накладывает !slime! slimeboundmod:Слизи. NL Следующая Атака по этому врагу не снимает slimeboundmod:Слизь."
  },
  "Slimebound:DuplicatedForm": {
    "NAME": "Форма дубликата",
    "DESCRIPTION": "Первая карта в ходу, нацеленная на врагов, разыгрывается дважды.",
    "UPGRADE_DESCRIPTION": "Каждый ход получайте [E]. NL Первая карта в ходу, нацеленная на врагов, разыгрывается дважды.",
    "EXTENDED_DESCRIPTION": [
      "Нужно... здоровье..."
    ]
  },
  "Slimebound:Equalize": {
    "NAME": "Уравновесить",
    "DESCRIPTION": "Наносит !D! урона. NL Восстанавливает !M! ОЗ. NL slimeboundmod:Потребление — разыгрывается дважды. NL Сжигается."
  },
  "Slimebound:FinishingTackle": {
    "NAME": "Начальный рывок",
    "DESCRIPTION": "Наносит !D! урона. NL Получите !SlimeboundSelfharm! урона. slimeboundmod:Потребление — накладывает !M! Уязвимости."
  },
  "Slimebound:FirmFortitude": {
    "NAME": "Ликвидация",
    "DESCRIPTION": "Потеряйте 2 Силы. NL Получите !M! slimeboundmod:Потенции."
  },
  "Slimebound:FlameTackle": {
    "NAME": "Пламенный рывок",
    "DESCRIPTION": "Наносит !D! урона. NL Получите !SlimeboundSelfharm! урона. NL Ваши карты «Рывок» наносят на !M! урона больше в этом бою."
  },
  "Slimebound:FormOfPuddle": {
    "NAME": "Форма лужи",
    "DESCRIPTION": "Эфирная. NL Получите 1 Неуязвимость. NL Сжигается."
  },
  "Slimebound:ForwardTackle": {
    "NAME": "Рывок вперёд",
    "DESCRIPTION": "Наносит !D! урона. NL Получите !SlimeboundSelfharm! урона. NL slimeboundmod:Команда дважды.",
    "UPGRADE_DESCRIPTION": "Наносит !D! урона. NL Получите !SlimeboundSelfharm! урона. NL slimeboundmod:Команда трижды."
  },
  "Slimebound:Gluttony": {
    "NAME": "Чревоугодие",
    "DESCRIPTION": "Первый раз за ход, когда вы slimeboundmod:Потребляете, получайте *Лизь.",
    "UPGRADE_DESCRIPTION": "Врождённая. NL Первый раз за ход, когда вы slimeboundmod:Потребляете, получайте *Лизь."
  },
  "Slimebound:GoopSpray": {
    "NAME": "Распыление слизи",
    "DESCRIPTION": "Накладывает !slime! slimeboundmod:Слизи и !M! Слабости на ВСЕХ врагов."
  },
  "Slimebound:GoopTackle": {
    "NAME": "Комбо-рывок",
    "DESCRIPTION": "Наносит !D! урона. NL Получите !SlimeboundSelfharm! урона. NL Получите случайную карту «Рывок». В этом ходу она стоит 0.",
    "UPGRADE_DESCRIPTION": "Наносит !D! урона. NL Получите !SlimeboundSelfharm! урона. NL Получите случайную улучшенную карту «Рывок». В этом ходу она стоит 0."
  },
  "Slimebound:Grow": {
    "NAME": "Рост",
    "DESCRIPTION": "Потеряйте 1 слот для Слизней в обмен на !M! Силы и !M! Ловкости."
  },
  "Slimebound:GrowthPunch": {
    "NAME": "Растущий удар",
    "DESCRIPTION": "Получите !B! Защиты. NL Наносит !D! урона. NL slimeboundmod:Потребление — увеличивает эффекты этой карты на !M! в этом бою."
  },
  "Slimebound:HauntingLick": {
    "NAME": "Призрачный лизь",
    "DESCRIPTION": "Накладывает !M! Уязвимости и !slime! slimeboundmod:Слизи. NL Сжигается.",
    "UPGRADE_DESCRIPTION": "Накладывает !M! Уязвимости и !slime! slimeboundmod:Слизи. NL Возьмите карту. NL Сжигается."
  },
  "Slimebound:HungryTackle": {
    "NAME": "Голодный рывок",
    "DESCRIPTION": "Наносит !D! урона. NL Получите !SlimeboundSelfharm! урона. NL expansioncontent:Эксгумирует случайную карту «Лизь».",
    "UPGRADE_DESCRIPTION": "Наносит !D! урона. NL Получите !SlimeboundSelfharm! урона. NL expansioncontent:Эксгумирует 2 случайные карты «Лизь»."
  },
  "Slimebound:ItLooksTasty": {
    "NAME": "Выглядит вкусно",
    "DESCRIPTION": "Наносит !D! урона. slimeboundmod:Потребление — получайте *Лизь.",
    "UPGRADE_DESCRIPTION": "Наносит !D! урона. slimeboundmod:Потребление — получайте *Лизь+."
  },
  "Slimebound:LeadByExample": {
    "NAME": "Личный пример",
    "DESCRIPTION": "Первая карта, которую вы разыгрываете в ход, нацеленная на врагов, также slimeboundmod:Командует.",
    "UPGRADE_DESCRIPTION": "Первые !M! карт, которые вы разыгрываете в ход, нацеленные на врагов, также slimeboundmod:Командуют."
  },
  "Slimebound:LeechEnergy": {
    "NAME": "Энергетическая пиявка",
    "DESCRIPTION": "Наносит !D! урона. slimeboundmod:Потребление — получайте [E] и возьмите !M! карту.",
    "UPGRADE_DESCRIPTION": "Наносит !D! урона. slimeboundmod:Потребление — получайте [E] и возьмите !M! карт."
  },
  "Slimebound:LeechLife": {
    "NAME": "Жизненная пиявка",
    "DESCRIPTION": "Эфирная. NL Наносит !D! урона. Восстанавливает ОЗ, равное неблокированному урону. NL Сжигается."
  },
  "Slimebound:LeechingTouch": {
    "NAME": "Пиявка-удар",
    "DESCRIPTION": "Наносит !D! урона. NL slimeboundmod:Потребление — получайте Защиту, равную slimeboundmod:Слизи на враге."
  },
  "Slimebound:LevelUp": {
    "NAME": "Повышение уровня",
    "DESCRIPTION": "Получите !M! slimeboundmod:Потенции.",
    "UPGRADE_DESCRIPTION": "Получите !M! slimeboundmod:Потенции и 1 слот для Слизней."
  },
  "Slimebound:Lick": {
    "NAME": "Лизь",
    "DESCRIPTION": "Накладывает !slime! slimeboundmod:Слизи. NL Сжигается — slimeboundmod:Погребённая.",
    "UPGRADE_DESCRIPTION": "Накладывает !M! Слабости и !slime! slimeboundmod:Слизи. NL Возьмите карту. NL Сжигается — slimeboundmod:Погребённая."
  },
  "Slimebound:LivingWall": {
    "NAME": "Форма стены",
    "DESCRIPTION": "Получите !B! Защиты. NL Накладывает !slime! slimeboundmod:Слизи на атакующих в этом ходу."
  },
  "Slimebound:MassFeed": {
    "NAME": "Массовое кормление",
    "DESCRIPTION": "Наносит !D! урона ВСЕМ врагам. NL При убийстве увеличьте Макс. ОЗ на !M!. NL Сжигается."
  },
  "Slimebound:MassRepurpose": {
    "NAME": "Массовое перепрофилирование",
    "DESCRIPTION": "slimeboundmod:Поглощает ВСЕХ Слизней. Разделитесь на случайного slimeboundmod:Специалиста за каждого. NL Сжигается.",
    "UPGRADE_DESCRIPTION": "slimeboundmod:Поглощает ВСЕХ Слизней. Разделитесь на случайного slimeboundmod:Специалиста за каждого. slimeboundmod:Команда им. NL Сжигается."
  },
  "Slimebound:MegaLick": {
    "NAME": "Мега-лизь",
    "DESCRIPTION": "Накладывает !M! Слабости и !slime! slimeboundmod:Слизи на ВСЕХ врагов. NL Сжигается.",
    "UPGRADE_DESCRIPTION": "Накладывает !M! Слабости и !slime! slimeboundmod:Слизи на ВСЕХ врагов. NL Возьмите карту. NL Сжигается."
  },
  "Slimebound:MinionMaster": {
    "NAME": "Повелитель миньонов",
    "DESCRIPTION": "Каждый раз, когда вы разыгрываете карту с slimeboundmod:Командой, slimeboundmod:Команда снова.",
    "UPGRADE_DESCRIPTION": "Врождённая. NL Каждый раз, когда вы разыгрываете карту с slimeboundmod:Командой, slimeboundmod:Команда снова."
  },
  "Slimebound:Nibble": {
    "NAME": "Откусить и лизнуть",
    "DESCRIPTION": "Наносит !D! урона. NL Получите *Лизь. NL Сжигается.",
    "UPGRADE_DESCRIPTION": "Наносит !D! урона. NL Получите *Лизь. NL Возьмите карту. NL Сжигается."
  },
  "Slimebound:OneTwoCombo": {
    "NAME": "Комбо «Раз-два»",
    "DESCRIPTION": "Наносит !D! урона. NL slimeboundmod:Команда. NL Когда вы slimeboundmod:Разделяетесь, верните эту карту из стопки сброса в руку.",
    "UPGRADE_DESCRIPTION": "Наносит !D! урона. NL slimeboundmod:Команда дважды. NL Когда вы slimeboundmod:Разделяетесь, верните эту карту из стопки сброса в руку."
  },
  "Slimebound:OozeBath": {
    "NAME": "Слизевая ванна",
    "DESCRIPTION": "Накладывает !slime! slimeboundmod:Слизи на цель в начале каждого её хода. NL Сжигается.",
    "UPGRADE_DESCRIPTION": "Утраивает slimeboundmod:Слизь на враге. NL Сжигается."
  },
  "Slimebound:Overexert": {
    "NAME": "Перенапряжение",
    "DESCRIPTION": "Получите 5 slimeboundmod:Потенции. NL Через !M! хода slimeboundmod:Поглотит всех Слизней.",
    "UPGRADE_DESCRIPTION": "Получите 5 slimeboundmod:Потенции. NL slimeboundmod:Команда дважды. NL Через !M! хода slimeboundmod:Поглотит всех Слизней."
  },
  "Slimebound:Prepare": {
    "NAME": "Подготовка",
    "DESCRIPTION": "Получите !B! Защиты. NL В следующем ходу получите [E] и возьмите !M! карт. NL Сжигается.",
    "UPGRADE_DESCRIPTION": "В следующем ходу получите [E] и возьмите !M! карт. NL Сохраните до !M! карт в этом ходу. Сжигается."
  },
  "Slimebound:PrepareCrush": {
    "NAME": "Подготовка: Крушение",
    "DESCRIPTION": "В следующем ходу получите *СЛИЗЕНЬ *КРУШЕНИЕ, [E] [E] [E] и !M! Силы. NL Сжигается.",
    "UPGRADE_DESCRIPTION": "В следующем ходу получите *СЛИЗЕНЬ *КРУШЕНИЕ+, [E] [E] [E] [E] и !M! Силы. NL Сжигается.",
    "EXTENDED_DESCRIPTION": [
      "~Слизень...~ NL #r~КРУШЕНИЕ!!!~"
    ]
  },
  "Slimebound:PressTheAttack": {
    "NAME": "Развивать наступление",
    "DESCRIPTION": "Наносит !D! урона. slimeboundmod:Команда.",
    "UPGRADE_DESCRIPTION": "Наносит !D! урона. slimeboundmod:Команда дважды."
  },
  "Slimebound:ProtectTheBoss": {
    "NAME": "Защитить босса",
    "DESCRIPTION": "Предотвращает следующий урон от атаки врага, slimeboundmod:Поглощая вашего первого Слизня.",
    "UPGRADE_DESCRIPTION": "Предотвращает следующие 2 урона от атак врага, slimeboundmod:Поглощая вашего первого Слизня."
  },
  "Slimebound:RainOfGoop": {
    "NAME": "Дождь из слизи",
    "DESCRIPTION": "Накладывает !slime! slimeboundmod:Слизи на случайного врага !M! раз.",
    "UPGRADE_DESCRIPTION": "Накладывает !slime! slimeboundmod:Слизи на случайного врага !M! раз."
  },
  "Slimebound:RallyTheTroops": {
    "NAME": "Сплотить войска",
    "DESCRIPTION": "Наносит !D! урона. NL Следующие !M! карт, сыгранные в этом ходу, активируют slimeboundmod:Команду."
  },
  "Slimebound:Recollect": {
    "NAME": "Восстановить",
    "DESCRIPTION": "Получите !B! Защиты. NL expansioncontent:Эксгумирует случайную карту «Лизь».",
    "UPGRADE_DESCRIPTION": "Получите !B! Защиты. NL expansioncontent:Эксгумирует 2 случайные карты «Лизь».",
    "EXTENDED_DESCRIPTION": [
      "Не... сожжено..."
    ]
  },
  "Slimebound:Recycling": {
    "NAME": "Переработка",
    "DESCRIPTION": "В начале вашего хода expansioncontent:Эксгумирует случайную карту «Лизь».",
    "UPGRADE_DESCRIPTION": "Врождённая. NL В начале вашего хода expansioncontent:Эксгумирует случайную карту «Лизь»."
  },
  "Slimebound:RejuvenatingLick": {
    "NAME": "Двойной лизь",
    "DESCRIPTION": "Накладывает !slime! slimeboundmod:Слизи 2 раза. NL Сжигается.",
    "UPGRADE_DESCRIPTION": "Накладывает !slime! slimeboundmod:Слизи 2 раза. NL Возьмите карту. NL Сжигается."
  },
  "Slimebound:Replication": {
    "NAME": "Репликация",
    "DESCRIPTION": "Выберите карту. NL Поместите её копию на верх стопки добора. NL Сжигается.",
    "UPGRADE_DESCRIPTION": "Выберите карту. NL Получите её копию. NL Сжигается.",
    "EXTENDED_DESCRIPTION": [
      " чтобы добавить копию в руку.",
      " чтобы поместить копию на верх стопки добора."
    ]
  },
  "Slimebound:Repurpose": {
    "NAME": "Перепрофилировать",
    "DESCRIPTION": "slimeboundmod:Поглощает — разделиться на случайного slimeboundmod:Специалиста. NL Сжигается.",
    "UPGRADE_DESCRIPTION": "slimeboundmod:Поглощает — разделиться на случайного slimeboundmod:Специалиста. NL slimeboundmod:Команда. NL Сжигается."
  },
  "Slimebound:RollThrough": {
    "NAME": "Прокатиться",
    "DESCRIPTION": "Наносит !D! урона ВСЕМ врагам. NL Вы не получаете урон от следующих !M! карт «Рывок»."
  },
  "Slimebound:SamplingLick": {
    "NAME": "Пробный лизь",
    "DESCRIPTION": "Накладывает !slime! slimeboundmod:Слизи. NL Получите !B! Защиты. NL Сжигается.",
    "UPGRADE_DESCRIPTION": "Накладывает !slime! slimeboundmod:Слизи. NL Получите !B! Защиты. NL Возьмите карту. NL Сжигается."
  },
  "Slimebound:Schlurp": {
    "NAME": "Всосать",
    "DESCRIPTION": "Накладывает !slime! slimeboundmod:Слизи. NL Получите !M! *Лизь.",
    "UPGRADE_DESCRIPTION": "Накладывает !slime! slimeboundmod:Слизи. NL Получите !M! *Лизя."
  },
  "Slimebound:SelfFormingGoo": {
    "NAME": "Реформация",
    "DESCRIPTION": "Получите !B! Защиты. NL Положите карту из стопки сброса на верх стопки добора."
  },
  "Slimebound:ServeAndProtect": {
    "NAME": "Служить и защищать",
    "DESCRIPTION": "Получите !B! Защиты и 1 bronze:Неуязвимости за каждого Слизня. NL slimeboundmod:Поглощает всех Слизней. NL Сжигается."
  },
  "Slimebound:SlimeBarrage": {
    "NAME": "Слизневой залп",
    "DESCRIPTION": "Наносит !D! урона. slimeboundmod:Команда ВСЕМ Слизням.",
    "UPGRADE_DESCRIPTION": "Наносит !D! урона. slimeboundmod:Команда ВСЕМ Слизням дважды."
  },
  "Slimebound:SlimeBrawl": {
    "NAME": "Слизневая потасовка",
    "DESCRIPTION": "Разыграйте верхнюю карту стопки добора. Повторяется за каждого вашего призванного Слизня. NL Сжигается."
  },
  "Slimebound:SlimeCrush": {
    "NAME": "СЛИЗЕНЬ КРУШЕНИЕ!!!",
    "DESCRIPTION": "Эфирная. NL Наносит !D! урона. NL Сжигается.",
    "UPGRADE_DESCRIPTION": "Эфирная. NL Наносит !D! урона ВСЕМ врагам. NL Сжигается."
  },
  "Slimebound:SlimeSlap": {
    "NAME": "Слизневая оплеуха",
    "DESCRIPTION": "Наносит !D! урона. NL Не снимает slimeboundmod:Слизь."
  },
  "Slimebound:SlimeSpikes": {
    "NAME": "Слизневые шипы",
    "DESCRIPTION": "Получите !B! Защиты и !M! временных Шипов."
  },
  "Slimebound:SlimeTap": {
    "NAME": "Слизневое касание",
    "DESCRIPTION": "slimeboundmod:Поглощает — получите [E] и возьмите !M! карт. NL Сжигается.",
    "UPGRADE_DESCRIPTION": "slimeboundmod:Поглощает — получите [E] [E] и возьмите !M! карт. NL Сжигается.",
    "EXTENDED_DESCRIPTION": [
      "Нужны... слизни..."
    ]
  },
  "Slimebound:SpikyOuterGoop": {
    "NAME": "Слизевая броня",
    "DESCRIPTION": "Каждый раз, когда вы slimeboundmod:Потребляете, получайте !M! Защиты."
  },
  "Slimebound:Split": {
    "NAME": "Разделение",
    "DESCRIPTION": "slimeboundmod:Разделиться на slimeboundmod:Слизня-партизана. NL slimeboundmod:Команда."
  },
  "Slimebound:SplitAcid": {
    "NAME": "Разделение: Партизан",
    "DESCRIPTION": "slimeboundmod:Разделиться на slimeboundmod:Слизня-партизана. NL slimeboundmod:Команда !M! раз.",
    "UPGRADE_DESCRIPTION": "slimeboundmod:Разделиться на slimeboundmod:Слизня-партизана. NL slimeboundmod:Команда трижды."
  },
  "Slimebound:SplitBruiser": {
    "NAME": "Разделение: Крушитель",
    "DESCRIPTION": "slimeboundmod:Разделиться на slimeboundmod:Слизня-крушителя. NL slimeboundmod:Команда !M! раз.",
    "UPGRADE_DESCRIPTION": "slimeboundmod:Разделиться на slimeboundmod:Слизня-крушителя. NL slimeboundmod:Команда трижды."
  },
  "Slimebound:SplitGreed": {
    "NAME": "Воскресить Жадность",
    "DESCRIPTION": "Сохраняемая. NL Призвать Жадного слизня. NL Сжигается."
  },
  "Slimebound:SplitLeeching": {
    "NAME": "Разделение: Пиявка",
    "DESCRIPTION": "slimeboundmod:Разделиться на slimeboundmod:Слизня-пиявку. NL slimeboundmod:Команда !M! раз.",
    "UPGRADE_DESCRIPTION": "slimeboundmod:Разделиться на slimeboundmod:Слизня-пиявку. NL slimeboundmod:Команда трижды."
  },
  "Slimebound:SplitMire": {
    "NAME": "Разделение: Топь",
    "DESCRIPTION": "slimeboundmod:Разделиться на slimeboundmod:Топяного_слизня. NL slimeboundmod:Команда !M! раз.",
    "UPGRADE_DESCRIPTION": "slimeboundmod:Разделиться на slimeboundmod:Топяного_слизня. NL slimeboundmod:Команда трижды."
  },
  "Slimebound:SplitScrap": {
    "NAME": "Воскресить Мусор",
    "DESCRIPTION": "Сохраняемая. NL Призвать Слизня-мусорщика. NL Сжигается."
  },
  "Slimebound:SplitSpecialist": {
    "NAME": "Разделение: Специалист",
    "DESCRIPTION": "Выберите 1 из 3 slimeboundmod:Специалистов, в которого slimeboundmod:Разделиться. NL Сжигается.",
    "UPGRADE_DESCRIPTION": "Выберите 1 из 3 slimeboundmod:Специалистов, в которого slimeboundmod:Разделиться. NL slimeboundmod:Команда. NL Сжигается."
  },
  "Slimebound:Strike_Slimebound": {
    "NAME": "Удар",
    "DESCRIPTION": "Наносит !D! урона."
  },
  "Slimebound:Tackle": {
    "NAME": "Рывок",
    "DESCRIPTION": "Наносит !D! урона. NL Получите !SlimeboundSelfharm! урона."
  },
  "Slimebound:TagTeam": {
    "NAME": "Командная работа",
    "DESCRIPTION": "Наносит !D! урона. NL slimeboundmod:Разделиться на случайного Слизня. NL slimeboundmod:Команда !M! раз.",
    "UPGRADE_DESCRIPTION": "Наносит !D! урона. NL slimeboundmod:Разделиться на случайного slimeboundmod:Специалиста. NL slimeboundmod:Команда !M! раз."
  },
  "Slimebound:Teamwork": {
    "NAME": "Слаженность",
    "DESCRIPTION": "slimeboundmod:Команда X раз. NL Получите !B! Защиты X раз.",
    "UPGRADE_DESCRIPTION": "slimeboundmod:Команда X+1 раз. NL Получите !B! Защиты X+1 раз."
  },
  "Slimebound:TongueLash": {
    "NAME": "Язык-хлыст",
    "DESCRIPTION": "Наносит !D! урона. Наносит на !M! урона больше за каждую сожжённую карту «Лизь»."
  },
  "Slimebound:ViciousTackle": {
    "NAME": "Яростный рывок",
    "DESCRIPTION": "Наносит !D! урона. NL Получите !SlimeboundSelfharm! урона. Получает двойной бонус урона от slimeboundmod:Слизи.",
    "UPGRADE_DESCRIPTION": "Наносит !D! урона. NL Получите !SlimeboundSelfharm! урона. Получает двойной бонус урона И исцеления от slimeboundmod:Слизи."
  },
  "Slimebound:WasteNot": {
    "NAME": "Не пропадать же добру",
    "DESCRIPTION": "expansioncontent:Эксгумирует все карты «Лизь». NL Сжигается.",
    "UPGRADE_DESCRIPTION": "expansioncontent:Эксгумирует все карты «Лизь».",
    "EXTENDED_DESCRIPTION": [
      "Не... сожжено..."
    ]
  }
}