{
  "Slimebound:Hunted": {
    "NAME": "Приближение босса",
    "DESCRIPTIONS": [
      "Гулкий голос эхом проносится по шпилю... NL NL #r~СЛИЗЕНЬ: КРУШЕНИЕ!!!~ NL NL Громоздкая слизь быстро настигает вас и преграждает путь вперёд. Похоже, оно следовало за вами с самого Преддверия, укрепляя себя поглощением остатков на пути.",
      "Неужели это и правда так просто?",
      "Вы с лёгкостью расправляетесь со Слизнебоссом и забираете все его награды с пути себе. В конце концов, это очень модная шляпа."
    ],
    "OPTIONS": [
      "[Столкнуться] #rСразиться #rсо #rСлизнебоссом. #gПолучить #gМаленькую #gшляпу-котелок.",
      "[Убежать в ужасе] #rПолучить #rПроклятие #r— #rСтыд."
    ]
  },
  "Slimebound:WorldofGoop": {
    "NAME": "Мир слизи",
    "DESCRIPTIONS": [
      "Вы падаете в лужу. NL @ЛУЖУ@ @ИЗ@ #g@ВЯЗКОЙ@ #g@СЛИЗИ!!@ NL Спокойно, вы же в своей среде, можно насладиться этим моментом и немного отдохнуть. NL NL Выбравшись, вы замечаете в луже #yдуши нескольких неудачливых странников, медленно поглощаемые прожорливым существом.",
      "Вы выходите из бодрящей ванны слизи и поглощаете #yдуши, оставив существо с грустной аморфной мордочкой.",
      "Вы успешно заключаете сделку, отдав немного вкусных душ, ведь оно может помочь в путешествии. NL С вашим новообретённым #gдругом вы вместе покидаете это место."
    ],
    "OPTIONS": [
      "[Собрать души] #gПолучить #g75 #gДуш.",
      "[Нанять] #rПотерять #r75 #rДуш. #gПолучить #yСлизня-жадину.",
      "[Уйти]",
      "[Закрыто] Требуется 75 Душ."
    ]
  },
  "Slimebound:SlimeTalk": {
    "NAME": "Речи слизней",
    "DESCRIPTIONS": [
      "~Не~ ~поглощай~ ~меня!~",
      "~Забираешь~ ~наши~ ~души?~",
      "~Оно~ ~будет~ ~питаться~ ~нами...~",
      "~Это~ ~Босс!~",
      "Эта шляпа... NL #r~Я~ #r~должен~ #r~заполучить~ #r~её!~",
      "~Ну~ ~почему~",
      "~оно~ ~не~",
      "~даёт~ ~нам~ ~поиграть?~",
      "~Оно~ ~хочет~ ~поглотить~ ~нас...~",
      "~Оно~ ~слишком~ ~сильное...~",
      "~Оно~ ~похоже~ ~на~ ~нас...~",
      "~КЛАССНАЯ~ #r~ШЛЯПА!!!~"
    ]
  },
  "Slimebound:ScrapOoze": {
    "NAME": "Слизень-мусорщик",
    "DESCRIPTIONS": [
      "В вашем случае любой слизень — друг. За новый мусор и сокровища он согласился присоединиться к вам."
    ],
    "OPTIONS": [
      "[Нанять] #rПотерять ",
      ". Получить #gСлизня-мусорщика. #rЗакрывается, если залезть внутрь.",
      "[Нанять] Закрыто (Слизень-мусорщик был разозлён)",
      "[Уйти]",
      "[Нанять] Закрыто (Требуется Обычная или Необычная реликвия)"
    ]
  },
  "Slimebound:ArtOfSlimeWar": {
    "NAME": "Искусство войны слизней",
    "DESCRIPTIONS": [
      "Вы наткнулись на омерзительный пьедестал со #gсветящейся #gкнигой, лежащей на вершине. Похоже, в ней описаны сложные и продвинутые боевые приёмы #gСлизнебосса и его приспешников.",
      "Как только вы дотрагиваетесь до книги, активируется несколько ловушек. Вы не сможете избежать каждую из них.",
      "Вам удаётся украсть книгу и чудом избежать ловушек, но вы падаете в ужасную лужу слизи.",
      "Схватив книгу, вместо пола появилась ловушка с шипами, из которой еле удалось выбраться без смертельных ран.",
      "Покинув пьедестал, книга вытянула саму вашу жизненную сущность, хотя бы оно того стоило.",
      "Вы решаете оставить книгу на своём месте и продолжить путь.",
      "Вы не можете понять, как приспешники слизи могли хоть кому-то навредить, но похоже у них есть единственная тактика — яростно кидаться всем своим телом на врага. Хорошо, если оно сработает для вас..."
    ],
    "OPTIONS": [
      "[Прочитать] #gУбрать #gвсе Удары. #gПолучить #g3 #gУлучшенных #gРывка.",
      "[Забрать] #gПолучить #gКнигу #gстратегий. #rАктивировать #rловушку.",
      "[Уйти]",
      "[Нырнуть] #rПолучить #rПроклятие #r— #rГадость.",
      "[Терпеть] #rПолучить #r",
      " #rУрона.",
      "[Схватить и бежать] #rПотерять #r",
      " #rМакс. #rОЗ."
    ]
  },
  "Slimebound:Darklings": {
    "NAME": "Темныши",
    "DESCRIPTIONS": [
      "Три незнакомых на вид слизня встали(?) на вашем пути. Они выглядят враждебно, но при приближении замечают, что ваши тела похожи и начинают смотреть с любопытством.",
      "Пока вы ~готовитесь~ ~к~ ~битве,~ чернильно-чёрные слизни делают то же самое!",
      "После короткого разговора вы узнали, что они на вашей стороне — охраняют от незваных гостей. Они могут покинуть пост, чтобы немного помочь вам."
    ],
    "OPTIONS": [
      "[Нанять] #gПолучить #gТемнышей.",
      "[Сражаться]",
      "[Уйти]",
      ".",
      "[Закрыто] Требуется редкая карта."
    ]
  },
  "Slimebound:BackToBasics": {
    "NAME": "Возвращение к основам",
    "DESCRIPTIONS": [
      "Когда одна овца идёт впереди, все остальные идут за ней."
    ],
    "OPTIONS": [
      "[Вдохновиться] #gДобавить #gКоманду ко всем #gУдарам и #gОбронам.",
      "[Закрыто] Требуется Удар или Оборона."
    ]
  }
}