[
  {
    "NAMES": [
      "поглощение",
      "поглощает",
      "поглощая",
      "поглощаете",
      "поглощённый",
      "absorb",
      "absorbing",
      "absorbed"
    ],
    "PROPER_NAME": "Поглощение",
    "DESCRIPTION": "Вручную объединитесь со своим первым Слизнем, получая #b1 #yСилы."
  },
  {
    "NAMES": [
      "разделение",
      "разделиться",
      "разделяетесь",
      "split",
      "splitting"
    ],
    "PROPER_NAME": "Разделение",
    "DESCRIPTION": "Призывает миньона-Слизня, который атакует в начале каждого хода. NL Если нет свободных слотов, ваш самый старый Слизень автоматически #yПоглощается, освобождая место и давая #b1 #yСилы."
  },
  {
    "NAMES": [
      "слизь",
      "слизи",
      "слизью",
      "goop",
      "gooped"
    ],
    "PROPER_NAME": "Слизь",
    "DESCRIPTION": "Следующая атака наносит на #b1 урона больше за каждую #yСлизь, снимая всю #yСлизь и активируя эффекты #yПотребления."
  },
  {
    "NAMES": [
      "потенция",
      "потенции",
      "potency"
    ],
    "PROPER_NAME": "Потенция",
    "DESCRIPTION": "Увеличивает урон ВСЕХ ваших призванных Слизней. Вторичные эффекты увеличиваются на #b1 за каждые #b2 Потенции (округляется вверх)."
  },
  {
    "NAMES": [
      "команда",
      "команду",
      "команды",
      "командой",
      "командует",
      "командуют",
      "command",
      "commands"
    ],
    "PROPER_NAME": "Команда",
    "DESCRIPTION": "Ваш первый Слизень атакует."
  },
  {
    "NAMES": [
      "слизень-огонёк",
      "слизня-огонька",
      "слизней-огоньков",
      "torchhead slime",
      "torchhead_slime"
    ],
    "PROPER_NAME": "Слизень-огонёк",
    "DESCRIPTION": "Атакует на #b6 каждый ход. Получает бонус урона от вашей #yСилы."
  },
  {
    "NAMES": [
      "слизень-крушитель",
      "слизня-крушителя",
      "слизней-крушителей",
      "bruiser slime",
      "bruiser_slime",
      "bruiser slimes",
      "bruiser_slimes",
      "bruiser"
    ],
    "PROPER_NAME": "Слизень-крушитель",
    "DESCRIPTION": "Атакует на #b3 дважды каждый ход."
  },
  {
    "NAMES": [
      "слизень-культист",
      "слизня-культиста",
      "слизней-культистов",
      "cultist slime",
      "cultist_slime"
    ],
    "PROPER_NAME": "Слизень-культист",
    "DESCRIPTION": "Атакует на #b6 каждый ход, затем увеличивает свой урон на #b1."
  },
  {
    "NAMES": [
      "слизень-пиявка",
      "слизня-пиявку",
      "слизней-пиявок",
      "leeching slime",
      "leeching_slime",
      "leeching slimes",
      "leeching_slimes",
      "leeching"
    ],
    "PROPER_NAME": "Слизень-пиявка",
    "DESCRIPTION": "Атакует на #b1 и даёт #b3 #yЗащиты каждый ход."
  },
  {
    "NAMES": [
      "слизень-партизан",
      "слизня-партизана",
      "слизней-партизанов",
      "guerilla slime",
      "guerilla_slime",
      "guerilla slimes",
      "guerilla_slimes",
      "guerilla"
    ],
    "PROPER_NAME": "Слизень-партизан",
    "DESCRIPTION": "Атакует на #b3 ВСЕХ врагов каждый ход."
  },
  {
    "NAMES": [
      "топяной слизень",
      "топяного слизня",
      "топяных слизней",
      "mire slime",
      "mire_slime",
      "mire slimes",
      "mire_slimes",
      "mire"
    ],
    "PROPER_NAME": "Топяной слизень",
    "DESCRIPTION": "Атакует на #b2 и накладывает #b2 #yСлизи каждый ход."
  },
  {
    "NAMES": [
      "бронзовый слизень",
      "бронзового слизня",
      "бронзовых слизней",
      "bronze slime",
      "bronze_slime"
    ],
    "PROPER_NAME": "Бронзовый слизень",
    "DESCRIPTION": "Атакует на #b10 ВСЕХ врагов каждый ход, но пропускает каждую вторую атаку."
  },
  {
    "NAMES": [
      "лизь",
      "лизя",
      "лизьев",
      "lick"
    ],
    "PROPER_NAME": "Лизь",
    "DESCRIPTION": "Карты стоимостью 0, которые накладывают #yСлизь с различными вторичными эффектами."
  },
  {
    "NAMES": [
      "гекса-слизень",
      "гекса-слизня",
      "гекса-слизней",
      "ghostflame slime",
      "ghostflame_slime"
    ],
    "PROPER_NAME": "Гекса-слизень",
    "DESCRIPTION": "Атакует на #b3 и накладывает #b6 #yОжога души каждый ход."
  },
  {
    "NAMES": [
      "замедление",
      "замедления",
      "slow"
    ],
    "PROPER_NAME": "Замедление",
    "DESCRIPTION": "Получает на #b10% больше урона за каждую карту, сыгранную в ходу."
  },
  {
    "NAMES": [
      "рывок",
      "рывка",
      "рывки",
      "рывков",
      "tackle",
      "tackles"
    ],
    "PROPER_NAME": "Рывок",
    "DESCRIPTION": "Атаки с высоким уроном, которые также наносят небольшой урон вам."
  },
  {
    "NAMES": [
      "карта босса",
      "карты босса",
      "карту босса",
      "spire boss",
      "spire_boss"
    ],
    "PROPER_NAME": "Карта Босса",
    "DESCRIPTION": "Мощные карты стоимостью 0, вдохновлённые боссами Шпиля."
  },
  {
    "NAMES": [
      "шипастый слизень",
      "шипастого слизня",
      "шипастых слизней",
      "protector slime",
      "protector_slime"
    ],
    "PROPER_NAME": "Шипастый слизень",
    "DESCRIPTION": "Атакует на #b4 и даёт #b4 временных #yШипов каждый ход."
  },
  {
    "NAMES": [
      "слизень-провокатор",
      "слизня-провокатора",
      "слизней-провокаторов",
      "insulting slime",
      "insulting_slime"
    ],
    "PROPER_NAME": "Слизень-провокатор",
    "DESCRIPTION": "Атакует на #b4 и накладывает #b1 #yУязвимости каждый ход."
  },
  {
    "NAMES": [
      "тёмный слизень",
      "тёмного слизня",
      "тёмных слизней",
      "darkling slime",
      "darkling_slime"
    ],
    "PROPER_NAME": "Тёмный слизень",
    "DESCRIPTION": "Атакует на #b3 каждый ход. По #yКоманде другие Тёмные слизни также атакуют."
  },
  {
    "NAMES": [
      "древний слизень",
      "древнего слизня",
      "древних слизней",
      "ancient slime",
      "ancient_slime"
    ],
    "PROPER_NAME": "Древний слизень",
    "DESCRIPTION": "Атакует на #b3 и даёт вам взять #b1 карту каждый ход."
  },
  {
    "NAMES": [
      "слизень-часовой",
      "слизня-часового",
      "слизней-часовых",
      "time slime",
      "time_slime"
    ],
    "PROPER_NAME": "Слизень-часовой",
    "DESCRIPTION": "Атакует на #b4 и накладывает #b1 #yСлабости каждый ход."
  },
  {
    "NAMES": [
      "потребление",
      "потребления",
      "потребляет",
      "потребляете",
      "consume"
    ],
    "PROPER_NAME": "Потребление",
    "DESCRIPTION": "Дополнительный эффект, который активируется, когда #yАтака используется на враге, покрытом #yСлизью."
  },
  {
    "NAMES": [
      "специалист",
      "специалиста",
      "специалистов",
      "specialist"
    ],
    "PROPER_NAME": "Специалист",
    "DESCRIPTION": "Уникальный слизень с более мощным эффектом, чем у обычных слизней."
  },
  {
    "NAMES": [
      "погребённая",
      "погребённые",
      "погребённых",
      "buried"
    ],
    "PROPER_NAME": "Погребённая",
    "DESCRIPTION": "Погребённые карты всегда будут выбираться последними для случайных эффектов #yВоскрешения."
  }
]