{
  "Slimebound:EmptySlimeSlot": {
    "NAME": "Слот для Слизня",
    "DESCRIPTION": [
      "Миньоны-слизни могут быть помещены в этот слот через #yРазделение."
    ]
  },
  "Slimebound:BronzeSlime": {
    "NAME": "Бронзовый слизень",
    "DESCRIPTION": [
      "Наносит #b",
      " урона ВСЕМ врагам в начале вашего хода и пропускает следующую атаку.",
      ""
    ]
  },
  "Slimebound:AttackSlime": {
    "NAME": "Слизень-крушитель",
    "DESCRIPTION": [
      "Наносит #b",
      " урона дважды в начале вашего хода."
    ]
  },
  "Slimebound:ScrapOozeSlime": {
    "NAME": "Слизень-мусорщик",
    "DESCRIPTION": [
      "Наносит #b",
      " урона в начале вашего хода. NL Может быть воскрешён, если был #yПоглощён."
    ]
  },
  "Slimebound:GreedOozeSlime": {
    "NAME": "Слизень-жадина",
    "DESCRIPTION": [
      "Наносит #b",
      " урона в начале вашего хода. NL Может быть воскрешён, если был #yПоглощён."
    ]
  },
  "Slimebound:TorchHeadSlime": {
    "NAME": "Слизень-огонёк",
    "DESCRIPTION": [
      "Наносит #b",
      " урона в начале вашего хода. Получает бонус урона от вашей #yСилы."
    ]
  },
  "Slimebound:CultistSlime": {
    "NAME": "Слизень-культист",
    "DESCRIPTION": [
      "Наносит #b",
      " урона в начале вашего хода. После атаки увеличивает свой урон на #b1."
    ]
  },
  "Slimebound:ShieldSlime": {
    "NAME": "Слизень-пиявка",
    "DESCRIPTION": [
      "Наносит #b",
      " урона в начале вашего хода и даёт вам #b",
      " #yЗащиты."
    ]
  },
  "Slimebound:PoisonSlime": {
    "NAME": "Слизень-партизан",
    "DESCRIPTION": [
      "Наносит #b",
      " урона ВСЕМ врагам в начале вашего хода."
    ]
  },
  "Slimebound:SlimingSlime": {
    "NAME": "Топяной слизень",
    "DESCRIPTION": [
      "Наносит #b",
      " урона и накладывает #b",
      " #yСлизи в начале вашего хода."
    ]
  },
  "Slimebound:HexSlime": {
    "NAME": "Гекса-слизень",
    "DESCRIPTION": [
      "Наносит #b",
      " урона и накладывает #b",
      " #yОжога души в начале вашего хода."
    ]
  },
  "Slimebound:ChampSlime": {
    "NAME": "Слизень-провокатор",
    "DESCRIPTION": [
      "Наносит #b",
      " урона и накладывает #b",
      " #yУязвимости в начале вашего хода."
    ]
  },
  "Slimebound:SlowingSlime": {
    "NAME": "Слизень-часовой",
    "DESCRIPTION": [
      "Наносит #b",
      " урона и накладывает #b",
      " #yСлабости в начале вашего хода."
    ]
  },
  "Slimebound:ProtectorSlime": {
    "NAME": "Шипастый слизень",
    "DESCRIPTION": [
      "Наносит #b",
      " урона в начале вашего хода и даёт вам #b",
      " временных #yШипов."
    ]
  },
  "Slimebound:DrawingSlime": {
    "NAME": "Древний слизень",
    "DESCRIPTION": [
      "Наносит #b",
      " урона в начале вашего хода и даёт вам взять #b",
      " карту. Добор не масштабируется от Потенции."
    ]
  },
  "Slimebound:DarklingSlime": {
    "NAME": "Тёмный слизень",
    "DESCRIPTION": [
      "Наносит #b",
      " урона в начале вашего хода. Когда вы отдаёте #yКоманду, все Тёмные слизни атакуют (независимо от позиции)."
    ]
  }
}