{
  "Slimebound:SlimedPotion": {
    "NAME": "Банка со слизью",
    "DESCRIPTIONS": [
      "Накладывает #b",
      " #yСлизи."
    ]
  },
  "Slimebound:SlimyTonguePotion": {
    "NAME": "Слизне-ксир",
    "DESCRIPTIONS": [
      "Каждый раз, когда эффект накладывает #yСлизь в этом бою, накладывает на #b",
      " больше."
    ]
  },
  "Slimebound:SpawnSlimePotion": {
    "NAME": "Армия в бутылке",
    "DESCRIPTIONS": [
      "#yРазделиться на #b",
      " случайных Слизней (обычных или #yСпециалистов)."
    ]
  },
  "Slimebound:ThreeZeroPotion": {
    "NAME": "Напиток, наполненный слизью",
    "DESCRIPTIONS": [
      "Добавляет в руку #b",
      " случайных карт стоимостью 0."
    ]
  }
}