{
  "Slimebound:PotencyPower": {
    "NAME": "Потенция",
    "DESCRIPTIONS": [
      "Увеличивает урон ВСЕХ ваших призванных Слизней на #b",
      ". Увеличивает вторичные эффекты на #b",
      "."
    ]
  },
  "Slimebound:SlimedPower": {
    "NAME": "Слизь",
    "DESCRIPTIONS": [
      "Следующая #yАтака по этому врагу наносит на #b",
      " урона больше, снимая всю #yСлизь и активируя эффекты #yПотребления."
    ]
  },
  "Slimebound:PreventTackleDamagePower": {
    "NAME": "Защита",
    "DESCRIPTIONS": [
      "Вы не получаете урон от следующих #b",
      " #yРывков."
    ]
  },
  "Slimebound:SplitDailyTriggerPower": {
    "NAME": "Разделение слизня",
    "DESCRIPTIONS": [
      "Когда у этого врага #b50% ОЗ или меньше, он разделится на #b2 Слизней с ",
      "текущим ОЗ."
    ]
  },
  "Slimebound:SplitDailyPower": {
    "NAME": "Разделение",
    "DESCRIPTIONS": [
      "Этот враг разделяется в этом ходу."
    ]
  },
  "Slimebound:BuffAttackSlimesPower": {
    "NAME": "Улучшение: Крушитель",
    "DESCRIPTIONS": [
      "#yСлизни-крушители наносят на #b",
      " урона больше."
    ]
  },
  "Slimebound:BuffPoisonSlimesPower": {
    "NAME": "Улучшение: Кислота",
    "DESCRIPTIONS": [
      "#yОтравляющие слизни накладывают на #b",
      " #yЯда больше."
    ]
  },
  "Slimebound:BuffSlimingSlimesPower": {
    "NAME": "Улучшение: Топь",
    "DESCRIPTIONS": [
      "#yТопяные слизни накладывают на #b",
      " #yСлизи больше."
    ]
  },
  "Slimebound:BuffShieldSlimesPower": {
    "NAME": "Улучшение: Пиявка",
    "DESCRIPTIONS": [
      "#yСлизни-пиявки наносят на #b",
      " урона больше."
    ]
  },
  "Slimebound:HexSlimePerTurnPower": {
    "NAME": "Гекса-сила",
    "DESCRIPTIONS": [
      "Призывает #yГекса-слизня в начале вашего следующего хода.",
      "Призывает #yГекса-слизня в начале ваших следующих #b",
      " ходов."
    ]
  },
  "Slimebound:ProtectTheBoss": {
    "NAME": "Защитить босса",
    "DESCRIPTIONS": [
      "Предотвращает следующий урон от атаки врага, #yПоглощая вашего первого Слизня.",
      "Предотвращает следующие #b",
      " урона от атак врага, #yПоглощая вашего первого Слизня."
    ]
  },
  "Slimebound:SplitForLessPower": {
    "NAME": "Эффективная слизь",
    "DESCRIPTIONS": [
      "#yРазделение стоит на #b",
      " ОЗ меньше. Добавляет в руку #b",
      " случайную карту #yРазделения каждый ход.",
      " случайные карты #yРазделения каждый ход."
    ]
  },
  "Slimebound:ComboAttackPower": {
    "NAME": "Личный пример",
    "DESCRIPTIONS": [
      "Первая карта, которую вы разыгрываете в ход, нацеленная на врагов, также #yКомандует.",
      "Первые #b",
      " карт, которые вы разыгрываете в ход, нацеленные на врагов, также #yКомандуют.",
      " NL Этот эффект может сработать ещё #b",
      " раз в этом ходу.",
      " раз в этом ходу.",
      " NL Этот эффект больше не может сработать в этом ходу."
    ]
  },
  "Slimebound:RetainCardsOneTurnPower": {
    "NAME": "Подготовка карт",
    "DESCRIPTIONS": [
      "Сохраните #b",
      " карту в этом ходу.",
      " карты в этом ходу."
    ]
  },
  "Slimebound:EnergizedSlimeboundPower": {
    "NAME": "Энергичность",
    "DESCRIPTIONS": [
      "В следующем ходу получите на #b",
      " [E] больше.",
      " [E] больше.",
      " —"
    ]
  },
  "Slimebound:SelfFormingGooPower": {
    "NAME": "Реформация",
    "DESCRIPTIONS": [
      "Каждый раз, когда вы #yПоглощаете Слизня, получайте #b",
      " #yСилы."
    ]
  },
  "Slimebound:SelfFormingGooPowerPlus": {
    "NAME": "Реформация+",
    "DESCRIPTIONS": [
      "Каждый раз, когда вы #yПоглощаете Слизня, получайте #b",
      " #yЛовкости."
    ]
  },
  "Slimebound:LoseSlimesPower": {
    "NAME": "Перенапряжение",
    "DESCRIPTIONS": [
      "В следующем ходу #yПоглотит всех ваших призванных Слизней.",
      "Через #b",
      " хода #yПоглотит всех ваших призванных Слизней."
    ]
  },
  "Slimebound:TackleModifyDamagePower": {
    "NAME": "Потрёпанный",
    "DESCRIPTIONS": [
      "Получает на #b",
      " урона больше от карт «Рывок»."
    ]
  },
  "Slimebound:LoseThornsPower": {
    "NAME": "Спад шипов",
    "DESCRIPTIONS": [
      "В начале вашего следующего хода теряет #b",
      " #yШипов."
    ]
  },
  "Slimebound:SlimedThornsPower": {
    "NAME": "Живая стена",
    "DESCRIPTIONS": [
      "Накладывает #b",
      " #yСлизи на атакующих в этом ходу."
    ]
  },
  "Slimebound:PreventSlimeDecayPower": {
    "NAME": "Окунуть в слизь",
    "DESCRIPTIONS": [
      "Следующий раз, когда #yАтака используется на этом враге, бонусы #yСлизи сработают без снятия #yСлизи.",
      "Следующие #b",
      " раз, когда #yАтака используется на этом враге, бонусы #yСлизи сработают без снятия #yСлизи."
    ]
  },
  "Slimebound:DuplicatedFormPower": {
    "NAME": "Форма дубликата",
    "DESCRIPTIONS": [
      "Первая карта в ходу, нацеленная на врагов, разыгрывается дважды.",
      "Первые #b",
      " карт в ходу, нацеленные на врагов, разыгрываются дважды."
    ]
  },
  "Slimebound:DuplicatedFormNoHealPower": {
    "NAME": "Разделение",
    "DESCRIPTIONS": [
      "Макс. ОЗ временно уменьшено на #b",
      "."
    ]
  },
  "Slimebound:DuplicatedFormEnergyPower": {
    "NAME": "Командная работа",
    "DESCRIPTIONS": [
      "Каждый ход получайте #b",
      " [E]."
    ]
  },
  "Slimebound:GluttonyPower": {
    "NAME": "Чревоугодие",
    "DESCRIPTIONS": [
      "Первый раз за ход, когда вы #yПотребляете, добавляйте в руку случайный *Лизь.",
      "Первые #b",
      " раз за ход, когда вы #yПотребляете, добавляйте в руку случайный *Лизь.",
      " NL Этот эффект может сработать ещё #b",
      " раз в этом ходу.",
      " раз в этом ходу.",
      " NL Этот эффект больше не может сработать в этом ходу."
    ]
  },
  "Slimebound:GluttonyPowerUpgraded": {
    "NAME": "Чревоугодие+",
    "DESCRIPTIONS": [
      "Каждый ход добавляйте в руку #b",
      " случайный улучшенный *Лизь.",
      " случайных улучшенных *Лизя."
    ]
  },
  "Slimebound:PoisonThornsPower": {
    "NAME": "Кислотная слизь",
    "DESCRIPTIONS": [
      "Накладывает #b",
      " #yЯда, когда вы атакуете врага, покрытого #yСлизью."
    ]
  },
  "Slimebound:SlimeRitualPower": {
    "NAME": "Ритуал",
    "DESCRIPTIONS": [
      "В начале каждого хода даёт #b",
      " #yСилы."
    ]
  },
  "Slimebound:RecyclingPower": {
    "NAME": "Переработка",
    "DESCRIPTIONS": [
      "В начале вашего хода возвращает #b",
      " случайный *Лизь из стопки сброса в руку.",
      " случайных *Лизя из стопки сброса в руку."
    ]
  },
  "Slimebound:RecyclingPowerUpgraded": {
    "NAME": "Переработка+",
    "DESCRIPTIONS": [
      "Когда вы #yСжигаете карту стоимостью 0, восстанавливайте #b",
      " ОЗ и берите карту."
    ]
  },
  "Slimebound:AcidTonguePower": {
    "NAME": "Кислотный язык",
    "DESCRIPTIONS": [
      "Каждый раз, когда вы накладываете #yСлизь, накладывайте #b",
      " #yЯда."
    ]
  },
  "Slimebound:AcidTonguePowerUpgraded": {
    "NAME": "Липкий язык",
    "DESCRIPTIONS": [
      "Эффекты, накладывающие #yСлизь, накладывают на #b",
      " больше."
    ]
  },
  "Slimebound:SelfDamageSlimedPower": {
    "NAME": "Блуждающая слизь",
    "DESCRIPTIONS": [
      "Каждый раз, когда вы теряете ОЗ, накладывайте #b",
      " #yСлизи на случайного врага."
    ]
  },
  "Slimebound:TackleBuffPower": {
    "NAME": "Наступательный рывок",
    "DESCRIPTIONS": [
      "Карты «Рывок» наносят врагам на #b",
      " урона больше."
    ]
  },
  "Slimebound:PolyBeamAgainPower": {
    "NAME": "Переменный луч",
    "DESCRIPTIONS": [
      "#yПоли-луч будет разыгран в начале вашего следующего хода.",
      "#yПоли-луч будет разыгран в начале ваших следующих #b",
      " ходов."
    ]
  },
  "Slimebound:PolyBeamAgainPowerUpgraded": {
    "NAME": "Переменный луч+",
    "DESCRIPTIONS": [
      "#yПоли-луч+ будет разыгран в начале вашего следующего хода.",
      "#yПоли-луч+ будет разыгран в начале ваших следующих #b",
      " ходов."
    ]
  },
  "Slimebound:FirmFortitudePower": {
    "NAME": "Почувствуй нашу боль",
    "DESCRIPTIONS": [
      "В следующий раз, когда вы должны получить урон или потерять ОЗ в свой ход, вместо этого этот урон получает враг.",
      "В следующие #b",
      " раз, когда вы должны получить урон или потерять ОЗ в свой ход, вместо этого этот урон получает враг.",
      " NL Этот эффект может сработать ещё #b",
      " раз в этом ходу.",
      " раз в этом ходу.",
      " NL Этот эффект больше не может сработать в этом ходу."
    ]
  },
  "Slimebound:NextTurnGainStrengthPower": {
    "NAME": "Зарядка",
    "DESCRIPTIONS": [
      "В следующем ходу получите #b",
      " #yСилы."
    ]
  },
  "Slimebound:NextTurnGainSlimeCrush": {
    "NAME": "Подготовка к крушению",
    "DESCRIPTIONS": [
      "В следующем ходу получите карту #gСЛИЗЕНЬ: #gКРУШЕНИЕ.",
      "В следующем ходу получите карту #gСЛИЗЕНЬ: #gКРУШЕНИЕ+.",
      "В следующем ходу получите #b",
      " копии карты #gСЛИЗЕНЬ: #gКРУШЕНИЕ.",
      " копии карты #gСЛИЗЕНЬ: #gКРУШЕНИЕ+."
    ]
  },
  "Slimebound:StunnedPower": {
    "NAME": "Полностью истощён",
    "DESCRIPTIONS": [
      "Пропускает свой следующий ход.",
      "Пропускает свои следующие #b",
      " хода."
    ]
  },
  "Slimebound:NextTurnGainHyperBeam": {
    "NAME": "Подготовка луча",
    "DESCRIPTIONS": [
      "В следующем ходу получите карту #yГипер-луч.",
      "В следующем ходу получите #b",
      " копии карты #yГипер-луч."
    ]
  },
  "Slimebound:NextTurnGainDivider": {
    "NAME": "Подготовка к разделению",
    "DESCRIPTIONS": [
      "В следующем ходу получите карту #yРазделение.",
      "В следующем ходу получите #b",
      " копии карты #yРазделение."
    ]
  },
  "Slimebound:StudyAutomatonPower": {
    "NAME": "Изучение Автоматона",
    "DESCRIPTIONS": [
      "В начале следующего хода получите случайную карту Автоматона.",
      "В начале ваших следующих #b",
      " ходов получайте случайную карту Автоматона."
    ]
  },
  "Slimebound:StudyAutomatonPowerUpgraded": {
    "NAME": "Изучение Автоматона+",
    "DESCRIPTIONS": [
      "В начале следующего хода получите случайную улучшенную карту Автоматона.",
      "В начале ваших следующих #b",
      " ходов получайте случайную улучшенную карту Автоматона."
    ]
  },
  "Slimebound:StudyAwakenedPower": {
    "NAME": "Изучение Пробуждённого",
    "DESCRIPTIONS": [
      "В начале следующего хода получите случайную карту Пробуждённого.",
      "В начале ваших следующих #b",
      " ходов получайте случайную карту Пробуждённого."
    ]
  },
  "Slimebound:StudyAwakenedPowerUpgraded": {
    "NAME": "Изучение Пробуждённого+",
    "DESCRIPTIONS": [
      "В начале следующего хода получите случайную улучшенную карту Пробуждённого.",
      "В начале ваших следующих #b",
      " ходов получайте случайную улучшенную карту Пробуждённого."
    ]
  },
  "Slimebound:AwakenedOnePower": {
    "NAME": "Тёмный ритуал",
    "DESCRIPTIONS": [
      "Получает #b",
      " #yСилы, если этот враг не атакует в свой ход."
    ]
  },
  "Slimebound:StudyChampPower": {
    "NAME": "Изучение Чемпиона",
    "DESCRIPTIONS": [
      "В начале следующего хода получите случайную карту Чемпиона.",
      "В начале ваших следующих #b",
      " ходов получайте случайную карту Чемпиона."
    ]
  },
  "Slimebound:StudyChampPowerUpgraded": {
    "NAME": "Изучение Чемпиона+",
    "DESCRIPTIONS": [
      "В начале следующего хода получите случайную улучшенную карту Чемпиона.",
      "В начале ваших следующих #b",
      " ходов получайте случайную улучшенную карту Чемпиона."
    ]
  },
  "Slimebound:StudyCollectorPower": {
    "NAME": "Изучение Коллекционера",
    "DESCRIPTIONS": [
      "В начале следующего хода получите случайную карту Коллекционера.",
      "В начале ваших следующих #b",
      " ходов получайте случайную карту Коллекционера."
    ]
  },
  "Slimebound:StudyCollectorPowerUpgraded": {
    "NAME": "Изучение Коллекционера+",
    "DESCRIPTIONS": [
      "В начале следующего хода получите случайную улучшенную карту Коллекционера.",
      "В начале ваших следующих #b",
      " ходов получайте случайную улучшенную карту Коллекционера."
    ]
  },
  "Slimebound:StudyGuardianPower": {
    "NAME": "Изучение Стража",
    "DESCRIPTIONS": [
      "В начале следующего хода получите случайную карту Стража.",
      "В начале ваших следующих #b",
      " ходов получайте случайную карту Стража."
    ]
  },
  "Slimebound:StudyGuardianPowerUpgraded": {
    "NAME": "Изучение Стража+",
    "DESCRIPTIONS": [
      "В начале следующего хода получите случайную улучшенную карту Стража.",
      "В начале ваших следующих #b",
      " ходов получайте случайную улучшенную карту Стража."
    ]
  },
  "Slimebound:StudyHexaghostPower": {
    "NAME": "Изучение Гексапризрака",
    "DESCRIPTIONS": [
      "В начале следующего хода получите случайную карту Гексапризрака.",
      "В начале ваших следующих #b",
      " ходов получайте случайную карту Гексапризрака."
    ]
  },
  "Slimebound:StudyHexaghostPowerUpgraded": {
    "NAME": "Изучение Гексапризрака+",
    "DESCRIPTIONS": [
      "В начале следующего хода получите случайную улучшенную карту Гексапризрака.",
      "В начале ваших следующих #b",
      " ходов получайте случайную улучшенную карту Гексапризрака."
    ]
  },
  "Slimebound:StudyShapesPower": {
    "NAME": "Изучение Дону и Деки",
    "DESCRIPTIONS": [
      "В начале следующего хода получите случайную карту Дону и Деки.",
      "В начале ваших следующих #b",
      " ходов получайте случайную карту Дону и Деки."
    ]
  },
  "Slimebound:StudyShapesPowerUpgraded": {
    "NAME": "Изучение Дону и Деки+",
    "DESCRIPTIONS": [
      "В начале следующего хода получите случайную улучшенную карту Дону и Деки.",
      "В начале ваших следующих #b",
      " ходов получайте случайную улучшенную карту Дону и Деки."
    ]
  },
  "Slimebound:StudyTimeEaterPower": {
    "NAME": "Изучение Пожирателя времени",
    "DESCRIPTIONS": [
      "В начале следующего хода получите случайную карту Пожирателя времени.",
      "В начале ваших следующих #b",
      " ходов получайте случайную карту Пожирателя времени."
    ]
  },
  "Slimebound:StudyTimeEaterPowerUpgraded": {
    "NAME": "Изучение Пожирателя времени+",
    "DESCRIPTIONS": [
      "В начале следующего хода получите случайную улучшенную карту Пожирателя времени.",
      "В начале ваших следующих #b",
      " ходов получайте случайную улучшенную карту Пожирателя времени."
    ]
  },
  "Slimebound:GreedRespawnPower": {
    "NAME": "Воскрешение Жадности",
    "DESCRIPTIONS": [
      "#yСлизень-жадина возродится в конце вашего хода."
    ]
  },
  "Slimebound:ScrapRespawnPower": {
    "NAME": "Воскрешение Мусора",
    "DESCRIPTIONS": [
      "#yСлизень-мусорщик возродится в конце вашего хода."
    ]
  },
  "Slimebound:BuffSecondarySlimeEffectsPower": {
    "NAME": "Повелитель миньонов",
    "DESCRIPTIONS": [
      "Каждый раз, когда вы разыгрываете карту с #yКомандой, #yКомандуйте снова.",
      "Каждый раз, когда вы разыгрываете карту с #yКомандой, #yКомандуйте ещё #b",
      " раз."
    ]
  },
  "Slimebound:TackleSelfDamagePreventPower": {
    "NAME": "Безрассудство",
    "DESCRIPTIONS": [
      "Карты «Рывок» наносят вам на #b",
      " урона больше."
    ]
  },
  "Slimebound:GoopArmorPower": {
    "NAME": "Слизевая броня",
    "DESCRIPTIONS": [
      "Каждый раз, когда вы атакуете врага, покрытого #yСлизью, получайте #b",
      " #yЗащиты."
    ]
  },
  "Slimebound:CommandOnPlayPower": {
    "NAME": "Воодушевление",
    "DESCRIPTIONS": [
      "В следующий раз, когда вы разыграете карту в этом ходу, #yКомандуйте.",
      "В следующие #b",
      " раз, когда вы разыграете карту в этом ходу, #yКомандуйте."
    ]
  },
  "Slimebound:GoopPerTurnPower": {
    "NAME": "Слизевая ванна",
    "DESCRIPTIONS": [
      "Накладывает #b",
      " #yСлизи на этого врага в начале его хода."
    ]
  }
}