{
  "Slimebound:AbsorbEndCombat": {
    "NAME": "Сердце слизи",
    "FLAVOR": "Я чувствую себя таким классным.",
    "DESCRIPTIONS": [
      "Каждый раз, когда вы #yПотребляете, восстанавливайте #b",
      " ОЗ, до #b",
      " за бой."
    ]
  },
  "Slimebound:AbsorbEndCombatUpgraded": {
    "NAME": "Чёрное сердце слизи",
    "FLAVOR": "Тайна слизи.",
    "DESCRIPTIONS": [
      "Заменяет ",
      ".[] NL Каждый раз, когда вы #yПотребляете, восстанавливайте #b",
      " ОЗ, до #b",
      " за бой."
    ]
  },
  "Slimebound:SlimedTailRelic": {
    "NAME": "Слизневый хвост",
    "FLAVOR": "Фальшивый хвост, полностью покрытый слизью, чтобы обманывать врагов в бою.",
    "DESCRIPTIONS": [
      "Каждый раз, когда вы #yРазделяетесь, получайте #b",
      " #yЗащиты."
    ]
  },
  "Slimebound:PotencyRelic": {
    "NAME": "Камень Номакка",
    "FLAVOR": "Если показать его кому-то из вашей Слизевой банды, капля, кажется, начинает танцевать.",
    "DESCRIPTIONS": [
      "В начале боя получайте #b1 #yПотенцию."
    ]
  },
  "Slimebound:DailySplitRelic": {
    "NAME": "Ослизни весь Шпиль",
    "FLAVOR": "ВСЕГДА разделяйся. Почему это реликвия? Потому что я не могу понять, как добавить кастомный мод в список активных модов в интерфейсе!",
    "DESCRIPTIONS": [
      "#bМодификатор #bзабега NL Все враги делятся на двух врагов-слизней при #b50% ОЗ."
    ]
  },
  "Slimebound:ScrapOozeRelic": {
    "NAME": "Слизень-мусорщик",
    "FLAVOR": "",
    "DESCRIPTIONS": [
      "В начале боя призывает #yСлизня-мусорщика (может быть воскрешён, если #yПоглощён). NL На стоянках вы можете пожертвовать карту #yСлизню-мусорщику, изменяя его урон: NL #b+1 урон за #gНеобычные NL #b+2 урон за #yРедкие NL #b-1 урон за Обычные NL #b-2 урон за #rПроклятия",
      "Удалите карту из колоды и измените урон Слизня-мусорщика.",
      "Нечего дать Слизню-мусорщику.",
      "Мусор"
    ]
  },
  "Slimebound:GreedOozeRelic": {
    "NAME": "Слизень-жадина",
    "FLAVOR": "Друг, найденный в Шпиле, который пожирает души.",
    "DESCRIPTIONS": [
      "В начале боя призывает #yСлизня-жадину (может быть воскрешён, если #yПоглощён). NL На стоянках #yСлизень-жадина заберёт #b50 ваших душ, увеличивая свой урон на #b1."
    ]
  },
  "Slimebound:PreparedRelic": {
    "NAME": "Слизневый суп",
    "FLAVOR": "На вкус ужасно, но невероятно полезно.",
    "DESCRIPTIONS": [
      "Когда вы посещаете стоянку, начинайте следующий бой с картой #yПодготовка, которая стоит #b0."
    ]
  },
  "Slimebound:AggressiveSlimeRelic": {
    "NAME": "Слизневый житель",
    "FLAVOR": "Он пошёл за мной домой. Можно мне оставить его?",
    "DESCRIPTIONS": [
      "В начале боя #yРазделитесь на #yСлизня-крушителя."
    ]
  },
  "Slimebound:SlimedSkullRelic": {
    "NAME": "Слизневый череп",
    "FLAVOR": "Череп Змекко в ужасном состоянии. Грязный и склизкий, к нему как магнитом липнет грязь и сажа.",
    "DESCRIPTIONS": [
      "Каждый раз, когда вы накладываете #yСлизь, накладывайте дополнительно #b",
      " #yСлизи."
    ]
  },
  "Slimebound:MaxSlimesRelic": {
    "NAME": "Знамя Иеремии",
    "FLAVOR": "Ты и армия слизи.",
    "DESCRIPTIONS": [
      "В начале боя получайте #b1 слот для Слизней и #yРазделитесь на случайного Слизня."
    ]
  },
  "Slimebound:SelfDamagePreventRelic": {
    "NAME": "Защитное снаряжение",
    "FLAVOR": "Лучшая защита — это хорошее нападение.",
    "DESCRIPTIONS": [
      "Уменьшает урон, получаемый вами от #yРывков, на #b",
      "."
    ]
  },
  "Slimebound:TarBlob": {
    "NAME": "Смоляная капля",
    "FLAVOR": "Плохой вид слизи.",
    "DESCRIPTIONS": [
      "В начале хода получайте [E]. В начале боя теряйте #b1 слот для Слизней."
    ]
  },
  "Slimebound:StickyStick": {
    "NAME": "Липкая палка",
    "FLAVOR": "Эй, она прилипла к твоему телу.",
    "DESCRIPTIONS": [
      "Каждый раз, когда вы берёте #yСтатус или #rПроклятие, получайте #b",
      " #yЗащиты."
    ]
  }
}