{
  "slimeboundConfigMenuText": {
    "TEXT": [
      "Разрешить другим персонажам находить реликвии Слизнебосса.",
      "Разрешить другим персонажам находить зелья Слизнебосса.",
      "Разрешить другим персонажам находить события Слизнебосса.",
      "Разблокировать всё (не рекомендуется)"
    ]
  },
  "slimeboundmod:CommandMod": {
    "TEXT": [
      " NL slimeboundmod:Команда."
    ]
  },
  "slimeboundmod:lickDescriptor": {
    "TEXT": [
      "Лизь",
      "slimeboundmod:Лизь. NL "
    ]
  },
  "slimeboundmod:tackleDescriptor": {
    "TEXT": [
      "Рывок",
      "slimeboundmod:Рывок. NL "
    ]
  }
}