{
  "hexamod:AdvancingGuard": {
    "NAME": "Наступающий страж",
    "DESCRIPTION": "Даёт !B! Защиты. NL hexamod:Сдвиг."
  },
  "hexamod:FleetingFlash": {
    "NAME": "Мимолётная вспышка",
    "DESCRIPTION": "hexamod:Зажгите текущее Призрачное пламя, затем hexamod:Погасите его."
  },
  "hexamod:ApocalypseNow": {
    "NAME": "Апокалипсис сегодня",
    "DESCRIPTION": "Эфирная. NL Даёт [E] [E] . NL Перейдите к *Инфернальному Призрачному пламени. NL Сжигается.",
    "UPGRADE_DESCRIPTION": "Эфирная. NL Даёт [E] [E] [E] . NL Перейдите к *Инфернальному Призрачному пламени. NL Сжигается.",
    "TRANSLATOR_NOTE:": "НЕ ИСПОЛЬЗУЕТСЯ"
  },
  "hexamod:Doomsday": {
    "NAME": "Судный день",
    "DESCRIPTION": "В следующий раз, когда все !M! Призрачных пламени будут *Зажжены, получите дополнительный ход.",
    "UPGRADE_DESCRIPTION": "В следующий раз, когда как минимум !M! Призрачных пламени будут *Зажжены, получите дополнительный ход."
  },
  "hexamod:BacktrackSmack": {
    "NAME": "Удар с откатом",
    "DESCRIPTION": "Наносит !D! урона дважды. NL hexamod:Откат."
  },
  "hexamod:BurningQuestion": {
    "NAME": "Жгучий вопрос",
    "DESCRIPTION": "Эфирная. [#e087a4]Посмертие.[] NL Даёт !M! Силы. NL ",
    "EXTENDED_DESCRIPTION": [
      "Даёт 1 Ловкости."
    ]
  },
  "hexamod:BurningTouch": {
    "NAME": "Жгучее касание",
    "DESCRIPTION": "Накладывает !burny! hexamod:Ожог души. Накладывается дважды, если у врага уже есть hexamod:Ожог души."
  },
  "hexamod:CatchUp": {
    "NAME": "Наверстать",
    "DESCRIPTION": "hexamod:Зажгите предыдущее Призрачное пламя !M! раз. NL Сжигается.",
    "UPGRADE_DESCRIPTION": "hexamod:Зажгите предыдущее Призрачное пламя !M! раз."
  },
  "hexamod:ChargedBarrage": {
    "NAME": "Заряженный залп",
    "DESCRIPTION": "Накладывает !burny! hexamod:Ожог души. NL Повторяется за каждое *Зажжённое Призрачное пламя."
  },
  "hexamod:CouncilsJustice": {
    "NAME": "Правосудие совета",
    "DESCRIPTION": "Наносит !D! урона, увеличенного на !M! за каждое *Сожжённое *Привидение. NL Сжигается."
  },
  "hexamod:Defend": {
    "NAME": "Защита",
    "DESCRIPTION": "Даёт !B! Защиты."
  },
  "hexamod:Divider": {
    "NAME": "Разделитель",
    "DESCRIPTION": "Наносит !D! урона. NL Повторяется за каждое *Зажжённое Призрачное пламя."
  },
  "hexamod:DynamicBlow": {
    "NAME": "Динамический удар",
    "DESCRIPTION": "Эфирная. NL Если текущее Призрачное пламя hexamod:Зажжено, наложите !burny! hexamod:Ожог души. Если нет, нанесите !D! урона.",
    "TRANSLATOR_NOTE:": "НЕ ИСПОЛЬЗУЕТСЯ"
  },
  "hexamod:EmpoweredFlame": {
    "NAME": "Усиленное пламя",
    "DESCRIPTION": "Даёт !M! hexamod:Интенсивности."
  },
  "hexamod:EtherealExpedition": {
    "NAME": "Жуткая экспедиция",
    "DESCRIPTION": "{@@}Эфирная. [#e087a4]Посмертие.[] NL [#e087a4]Добавьте[] !M! [#e087a4]случайную карт{!M!|у|ы|} [#e087a4]с Посмертием в стопку добора и ещё одну в руку.[]"
  },
  "hexamod:ExtraCrispy": {
    "NAME": "Особая хрустяшка",
    "DESCRIPTION": "Когда hexamod:Ожог души срабатывает на враге, наложите на него !M! hexamod:Ожога души после детонации.",
    "UPGRADE_DESCRIPTION": "{@@}hexamod:Зажигает текущее Призрачное пламя, когда вы Сжигаете !M! карт{!M!|у|ы|}."
  },
  "hexamod:FastForward": {
    "NAME": "Перемотка вперёд",
    "DESCRIPTION": "Возьмите !M! карт. NL hexamod:Сдвиг.",
    "UPGRADE_DESCRIPTION": "hexamod:Зажгите текущее Призрачное пламя. NL hexamod:Сдвиг."
  },
  "hexamod:Firestarter": {
    "NAME": "Поджигатель",
    "DESCRIPTION": "Наносит !D! урона и накладывает !burny! hexamod:Ожог души ВСЕМ врагам."
  },
  "hexamod:FlamesFromBeyond": {
    "NAME": "Пламя извне",
    "DESCRIPTION": "Эфирная. [#e087a4]Посмертие.[] NL [#e087a4]Накладывает[] !burny! [#e087a4]Ожог[] [#e087a4]души[] [#e087a4]на[] [#e087a4]ВСЕХ[] [#e087a4]врагов[] дважды."
  },
  "hexamod:BadOmen": {
    "NAME": "Дурное предзнаменование",
    "DESCRIPTION": "Выберите тип Призрачного пламени, чтобы изменить текущее. NL Сжигается.",
    "UPGRADE_DESCRIPTION": "Сохраняемая. NL Выберите тип Призрачного пламени, чтобы изменить текущее. NL Сжигается.",
    "EXTENDED_DESCRIPTION": [
      "Заменить текущее Призрачное пламя на hexamod:Укрепляющее Призрачное пламя.",
      "Заменить текущее Призрачное пламя на hexamod:Сокрушающее Призрачное пламя.",
      "Заменить текущее Призрачное пламя на hexamod:Обжигающее Призрачное пламя.",
      "Не заменять."
    ]
  },
  "hexamod:Float": {
    "NAME": "Парение",
    "DESCRIPTION": "Возьмите карту. NL hexamod:Сдвиг.",
    "UPGRADE_DESCRIPTION": "Возьмите карту. NL Вы можете выбрать: NL hexamod:Откат или hexamod:Сдвиг.",
    "EXTENDED_DESCRIPTION": ["hexamod:Сдвиг.", "hexamod:Откат.", "Ничего не делать."]
  },
  "hexamod:Floatwork": {
    "NAME": "Воздушная работа",
    "DESCRIPTION": "Эфирная. [#e087a4]Посмертие.[] NL Даёт 1 Ловкости. NL ",
    "EXTENDED_DESCRIPTION": [
      "Даёт !M! Шипов."
    ]
  },
  "hexamod:ForkedFlame": {
    "NAME": "Раздвоенное пламя",
    "DESCRIPTION": "Наносит !D! урона. NL hexamod:Зажгите предыдущее, затем следующее Призрачные пламени.",
    "UPGRADE_DESCRIPTION": "Наносит !D! урона. NL hexamod:Зажгите предыдущее, затем текущее, затем следующее Призрачные пламени."
  },
  "hexamod:GhostflameBarrier": {
    "NAME": "Барьер из пламени",
    "DESCRIPTION": "Даёт !B! Защиты. NL Накладывает !burny! hexamod:Ожог души в ответ на каждую атаку в этом ходу."
  },
  "hexamod:WhisperFromBeyond": {
    "NAME": "Шёпот извне",
    "DESCRIPTION": "Наносит !D! урона. NL Каждый раз, когда карта Сжигается в этом ходу, накладывает !burny! hexamod:Ожог души на врага."
  },
  "hexamod:InstantInferno": {
    "NAME": "Мгновенный ад",
    "DESCRIPTION": "Сохраняемая. NL Накладывает !burny! hexamod:Ожог души. NL Переключитесь на *Адское Призрачное пламя и hexamod:Зажгите его. Сжигается.",
    "UPGRADE_DESCRIPTION": "Сохраняемая. NL Накладывает !burny! hexamod:Ожог души. NL hexamod:Зажгите ВСЕ *Адские *Призрачные пламени. Сжигается."
  },
  "hexamod:GhostLash": {
    "NAME": "Призрачная плеть",
    "DESCRIPTION": "Эфирная. [#e087a4]Посмертие.[] NL [#e087a4]Наносит[] !D! [#e087a4]урона.[] NL Наносит дополнительно !M! урона за каждую другую Эфирную карту в руке.",
    "EXTENDED_DESCRIPTION": [
      ""
    ]
  },
  "hexamod:IntoShadow": {
    "NAME": "Во тьму",
    "DESCRIPTION": "Эфирная. NL Каждый раз, когда вы делаете hexamod:Откат, ваша следующая карта разыгрывается бесплатно и Сжигается.",
    "UPGRADE_DESCRIPTION": "Каждый раз, когда вы делаете hexamod:Откат, ваша следующая карта разыгрывается бесплатно и Сжигается.",
    "EXTENDED_DESCRIPTION": [
      "разыграть и Сжечь."
    ],
    "TRANSLATOR_NOTE": [
      " В ванильной игре используется жёстко заданная структура предложения для фразы выше",
      " её первая часть - 'Выберите карту, чтобы ' + выше или 'Выберите n карт, чтобы' + выше, где n - динамическое число.",
      " Она будет динамически выбирать одну, так что вам нужно перевести только глагол (что сделать)"
    ]
  },
  "hexamod:DevilsDance": {
    "NAME": "Дьявольская пляска",
    "DESCRIPTION": "Первый раз, когда вы делаете hexamod:Сдвиг или hexamod:Откат в ход, возьмите карту.",
    "UPGRADE_DESCRIPTION": "Врождённая. NL В первый раз, когда вы делаете *Откат в ход, получите [E] и возьмите 1 карту. NL hexamod:Откат."
  },
  "hexamod:HereAndNow": {
    "NAME": "Здесь и сейчас",
    "DESCRIPTION": "В начале вашего хода даёт [E] . NL В конце вашего хода hexamod:Гасит текущее Призрачное пламя."
  },
  "hexamod:GhostShield": {
    "NAME": "Призрачный щит",
    "DESCRIPTION": "Эфирная. [#e087a4]Посмертие.[] NL Даёт 1 expansioncontent:Неуязвимость. NL ",
    "EXTENDED_DESCRIPTION": [
      "Даёт !B! Защиты."
    ]
  },
  "hexamod:GiftsFromBeyond": {
    "NAME": "Дары извне",
    "DESCRIPTION": "{@@}В начале вашего хода добавляет в руку !M! случайных карт{!M!|у|ы|} с hexamod:Посмертием.",
    "UPGRADE_DESCRIPTION": "{@@}В начале вашего хода добавляет в руку !M! случайных карт{!M!|у|ы|} с hexamod:Посмертием.",
    "EXTENDED_DESCRIPTION": [
      "Эти духи слишком сильны, чтобы призвать их напрямую."
    ]
  },
  "hexamod:HauntedHand": {
    "NAME": "Призрачная рука",
    "DESCRIPTION": "{@@}Эфирная. [#e087a4]Посмертие.[] NL Возьмите !M! карт{!M!|у|ы|}. NL ",
    "UPGRADE_DESCRIPTION": "{@@}Эфирная. [#e087a4]Посмертие.[] NL Возьмите !M! карт{!M!|у|ы|}. NL ",
    "EXTENDED_DESCRIPTION": [
      "Берите карты, пока не возьмёте не-Эфирную карту."
    ]
  },
  "hexamod:HauntingEcho": {
    "NAME": "Призрачное эхо",
    "DESCRIPTION": "Наносит !D! урона. NL Если текущее Призрачное пламя *Зажжено, hexamod:Зажгите его снова."
  },
  "hexamod:HeatCrush": {
    "NAME": "Жаркое сокрушение",
    "DESCRIPTION": "Наносит !D! урона. NL Урон зависит от *Ожога души врага."
  },
  "hexamod:HeatMetal": {
    "NAME": "Жар металла",
    "DESCRIPTION": "Наносит !D! урона. NL Накладывает !burny! hexamod:Ожог души. NL Накладывает !M! Уязвимости."
  },
  "hexamod:HeatShield": {
    "NAME": "Тепловой щит",
    "DESCRIPTION": "Даёт Защиту, равную *Ожогу души на враге, затем откладывает его на 1 ход. NL Сжигается.",
    "UPGRADE_DESCRIPTION": "Даёт Защиту, равную *Ожогу души на враге, затем откладывает его на 1 ход.",
    "EXTENDED_DESCRIPTION": [
      " NL (Даёт !B! Защиты.)"
    ]
  },
  "hexamod:Hexaguard": {
    "NAME": "Гекса-стража",
    "DESCRIPTION": "{@@}Эфирная. [#e087a4]Посмертие.[] NL Возьмите !M! карт{!M!|у|ы|}. NL ",
    "EXTENDED_DESCRIPTION": [
      "Даёт !B! Защиты."
    ]
  },
  "hexamod:InfernalForm": {
    "NAME": "Инфернальная форма",
    "DESCRIPTION": "В начале вашего хода даёт !M! hexamod:Интенсивности.",
    "UPGRADE_DESCRIPTION": "Даёт !M! hexamod:Интенсивности. NL В начале вашего хода даёт !M! hexamod:Интенсивности."
  },
  "hexamod:Incineration": {
    "NAME": "Сжигание",
    "DESCRIPTION": "Наносит !D! урона и накладывает !burny! hexamod:Ожог души !M! раз."
  },
  "hexamod:StokeTheFire": {
    "NAME": "Раздуть огонь",
    "DESCRIPTION": "Даёт !B! Защиты. NL За каждое *Зажжённое Призрачное пламя Улучшите случайную карту в руке."
  },
  "hexamod:NecessarySacrifice": {
    "NAME": "Достойная жертва",
    "DESCRIPTION": "Сожгите 2 карты. NL Если это Атаки или Навыки, добавьте в руку случайную карту противоположного типа.",
    "UPGRADE_DESCRIPTION": "Сожгите 2 карты. NL Если это Атаки или Навыки, добавьте в руку случайную Улучшенную карту противоположного типа.",
    "EXTENDED_DESCRIPTION": [
      "Сжечь для Достойной жертвы."
    ]
  },
  "hexamod:NightmareGuise": {
    "NAME": "Кошмарный облик",
    "DESCRIPTION": "Эфирная. [#e087a4]Посмертие.[] NL Даёт !B! Защиты. NL [#e087a4]Добавляет[] [#e087a4]в[] [#e087a4]руку[] [#e087a4]Теневой[] [#e087a4]Облик.[]",
    "UPGRADE_DESCRIPTION": "Эфирная. [#e087a4]Посмертие.[] NL Даёт !B! Защиты. NL [#e087a4]Добавляет[] [#e087a4]в[] [#e087a4]руку[] [#e087a4]Теневой[] [#e087a4]Облик+.[]"
  },
  "hexamod:NightmareStrike": {
    "NAME": "Кошмарный удар",
    "DESCRIPTION": "Эфирная. [#e087a4]Посмертие.[] NL Наносит !D! урона. NL [#e087a4]Добавляет[] [#e087a4]в[] [#e087a4]руку[] [#e087a4]Теневой[] [#e087a4]Удар.[]",
    "UPGRADE_DESCRIPTION": "Эфирная. [#e087a4]Посмертие.[] NL Наносит !D! урона. NL [#e087a4]Добавляет[] [#e087a4]в[] [#e087a4]руку[] [#e087a4]Теневой[] [#e087a4]Удар+.[]"
  },
  "hexamod:Poltergeist": {
    "NAME": "Полтергейст",
    "DESCRIPTION": "Каждый раз, когда вы разыгрываете Эфирную карту, случайный враг теряет !M! ОЗ.",
    "UPGRADE_DESCRIPTION": "Каждый раз, когда вы разыгрываете Эфирную карту, случайный враг теряет !M! ОЗ."
  },
  "hexamod:PhantomCloak": {
    "NAME": "Призрачный плащ",
    "DESCRIPTION": "Эфирная. NL Даёт !M! Ловкости и отнимает 1 Силы.",
    "TRANSLATOR_NOTE:": "НЕ ИСПОЛЬЗУЕТСЯ"
  },
  "hexamod:PhantomFireball": {
    "NAME": "Призрачный огненный шар",
    "DESCRIPTION": "Наносит !D! урона. NL Если у врага есть *Ожог души, детонируйте его.",
    "UPGRADE_DESCRIPTION": "Наносит !D! урона. NL Если у врага есть *Ожог души, детонируйте всё, кроме 1."
  },
  "hexamod:PowerFromBeyond": {
    "NAME": "Сила извне",
    "DESCRIPTION": "{@@}Эфирная. [#e087a4]Посмертие.[] NL Даёт [E] в следующем ходу. NL ",
    "UPGRADE_DESCRIPTION": "{@@}Эфирная. [#e087a4]Посмертие.[] NL Даёт [E] [E] в следующем ходу. NL ",
    "EXTENDED_DESCRIPTION": [
      "Возьмите !M! карт{!M!|у|ы|}."
    ]
  },
  "hexamod:Premonition": {
    "NAME": "Предчувствие",
    "DESCRIPTION": "Выберите тип карты, затем разыграйте случайную карту этого типа в вашей стопке добора. NL Сжигается.",
    "UPGRADE_DESCRIPTION": "Выберите тип карты, затем разыграйте случайную карту этого типа в вашей стопке добора.",
    "EXTENDED_DESCRIPTION": [
      "разыграть и Сжечь."
    ]
  },
  "hexamod:RadiantFlame": {
    "NAME": "Сияющее пламя",
    "DESCRIPTION": "Наносит !D! урона. NL Снимите *Ожог души с цели, чтобы получить !M! hexamod:Интенсивности."
  },
  "hexamod:RainOfEmbers": {
    "NAME": "Дождь искр",
    "DESCRIPTION": "Наносит !D! урона и накладывает !M! Слабости X раз.",
    "UPGRADE_DESCRIPTION": "Наносит !D! урона и накладывает !M! Слабости X+1 раз."
  },
  "hexamod:NightmareVision": {
    "NAME": "Кошмарное видение",
    "DESCRIPTION": "hexamod:Откат. NL expansioncontent:Эксгумируйте *Эфирную карту. NL Сжигается.",
    "UPGRADE_DESCRIPTION": "hexamod:Откат. NL expansioncontent:Эксгумируйте !M! *Эфирных карт. NL Сжигается.",
    "EXTENDED_DESCRIPTION": [
      "Выберите Эфирную карту, чтобы вернуть в руку.",
      "Выберите ",
      " Эфирных карт, чтобы вернуть в руку."
    ]
  },
  "hexamod:Incorporeal": {
    "NAME": "Бесплотность",
    "DESCRIPTION": "hexamod:Откат. NL Потеряйте !M! ОЗ. NL Получите 1 Неуязвимость. NL Сжигается."
  },
  "hexamod:Rewind": {
    "NAME": "Перемотка назад",
    "DESCRIPTION": "hexamod:Откат. NL Положите выбранную карту из стопки сброса в руку. NL Сжигается.",
    "UPGRADE_DESCRIPTION": "hexamod:Откат. NL Положите !M! выбранных карт из стопки сброса в руку. NL Сжигается."
  },
  "hexamod:Sear": {
    "NAME": "Ожог",
    "DESCRIPTION": "Эфирная. [#e087a4]Посмертие. NL Наносит !D! урона. NL [#e087a4]Накладывает[] !burny! [#e087a4]Ожог[] [#e087a4]души.[]"
  },
  "hexamod:SearingWound": {
    "NAME": "Обжигающая рана",
    "DESCRIPTION": "ВСЕ враги теряют ОЗ, равное их *Ожогу души. NL Сжигается.",
    "UPGRADE_DESCRIPTION": "ВСЕ враги теряют ОЗ, равное их *Ожогу души."
  },
  "hexamod:ShadowGuise": {
    "NAME": "Теневой облик",
    "DESCRIPTION": "Сохраняемая. NL Даёт !B! Защиты. NL Сжигается."
  },
  "hexamod:ShadowStrike": {
    "NAME": "Теневой удар",
    "DESCRIPTION": "Сохраняемая. NL Наносит !D! урона. NL Сжигается."
  },
  "hexamod:ShieldOfDarkness": {
    "NAME": "Щит ночи",
    "DESCRIPTION": "{@@}Даёт !B! Защиты. NL Провидьте !M! карт{!M!|у|ы|} и Сожгите сброшенные Эфирные карты."
  },
  "hexamod:Kindle": {
    "NAME": "Разжечь",
    "DESCRIPTION": "Если текущее Призрачное пламя не *Зажжено, hexamod:Зажгите его.",
    "UPGRADE_DESCRIPTION": "hexamod:Зажгите текущее Призрачное пламя."
  },
  "hexamod:LivingBomb": {
    "NAME": "Живая бомба",
    "DESCRIPTION": "Накладывает !burny! hexamod:Ожог души. Когда он детонирует, он поражает ВСЕХ врагов."
  },
  "hexamod:SpectersWail": {
    "NAME": "Вопль призрака",
    "DESCRIPTION": "Эфирная. [#e087a4]Посмертие.[] NL [#e087a4]Наносит[] !D! [#e087a4]урона[] [#e087a4]ВСЕМ[] [#e087a4]врагам[] дважды."
  },
  "hexamod:BrightRitual": {
    "NAME": "Светлый ритуал",
    "DESCRIPTION": "Получите [E] и возьмите 1 карту за каждое *Зажжённое Призрачное пламя, затем hexamod:Погасите их. NL Сжигается.",
    "UPGRADE_DESCRIPTION": "Получите [E] и возьмите 1 карту за каждое *Зажжённое Призрачное пламя, затем hexamod:Погасите их.",
    "TRANSLATOR_NOTE:": "НЕ ИСПОЛЬЗУЕТСЯ"
  },
  "hexamod:NaughtySpirit": {
    "NAME": "Непослушный дух",
    "DESCRIPTION": "Накладывает !burny! hexamod:Ожог души. NL Если текущее Призрачное пламя hexamod:Зажжено, верните эту карту в руку и сделайте hexamod:Откат."
  },
  "hexamod:StepThrough": {
    "NAME": "Шаг сквозь",
    "DESCRIPTION": "Наносит !D! урона. NL Возьмите 1 карту за каждое *Зажжённое Призрачное пламя."
  },
  "hexamod:Strike": {
    "NAME": "Удар",
    "DESCRIPTION": "Наносит !D! урона."
  },
  "hexamod:StrikeFromBeyond": {
    "NAME": "Удар извне",
    "DESCRIPTION": "Наносит !D! урона. NL Положите в руку 1 Эфирную карту из стопки добора.",
    "EXTENDED_DESCRIPTION": ["Эфирная", "Эфирная. NL "]
  },
  "hexamod:SuperheatedStrike": {
    "NAME": "Обжигающий удар",
    "DESCRIPTION": "Эфирная. NL Наносит !D! урона. NL Накладывает !burny! hexamod:Ожог души. NL Если эта карта *Сжигается, получите !M! урона.",
    "TRANSLATOR_NOTE:": "НЕ ИСПОЛЬЗУЕТСЯ"
  },
  "hexamod:SwordOfDarkness": {
    "NAME": "Меч ночи",
    "DESCRIPTION": "{@@}Наносит !D! урона. NL Провидьте !M! карт{!M!|у|ы|} и Сожгите сброшенные Эфирные карты."
  },
  "hexamod:ThermalTransfer": {
    "NAME": "Теплопередача",
    "DESCRIPTION": "Наносит !D! урона. NL Если у врага есть *Ожог души, получите !B! Защиты."
  },
  "hexamod:TimeOfNeed": {
    "NAME": "Час нужды",
    "DESCRIPTION": "Сохраняемая. NL Добавьте в руку случайную карту Силы. Она стоит на 1 меньше, пока не разыграна. NL Сжигается."
  },
  "hexamod:TimeWarp": {
    "NAME": "Искривление времени",
    "DESCRIPTION": "Наносит !D! урона. NL Возвращается в руку из стопки сброса, когда вы делаете *Сдвиг или *Откат."
  },
  "hexamod:FlareFlick": {
    "NAME": "Вспышка пламени",
    "DESCRIPTION": "Наносит !D! урона. NL hexamod:Зажгите текущее Призрачное пламя и сделайте hexamod:Сдвиг.",
    "UPGRADE_DESCRIPTION": "Наносит !D! урона. NL hexamod:Зажгите текущее Призрачное пламя. NL Вы можете выбрать hexamod:Откат или hexamod:Сдвиг.",
    "EXTENDED_DESCRIPTION": ["hexamod:Сдвиг.", "hexamod:Откат.", "Ничего не делать."]
  },
  "hexamod:TurnItUp": {
    "NAME": "Прибавь громкость",
    "DESCRIPTION": "Даёт !M! временной hexamod:Интенсивности, Силы и Ловкости.",
    "UPGRADE_DESCRIPTION": "Сохраняемая. NL Даёт !M! временной hexamod:Интенсивности, Силы и Ловкости."
  },
  "hexamod:UnleashSpirits": {
    "NAME": "Выпустить духов",
    "DESCRIPTION": "{@@}Наносит !D! урона случайному врагу. NL Повторяется за каждую *Сожжённую карту в прошлый ход. NL Сжигается.",
    "UPGRADE_DESCRIPTION": " NL (Наносит урон !M! раз{!M!||а|а}.)"
  },
  "hexamod:UnlimitedPower": {
    "NAME": "Безграничная сила",
    "DESCRIPTION": "hexamod:Зажгите все Призрачные пламени по порядку. NL Сжигается."
  },
  "hexamod:VolcanoVisage": {
    "NAME": "Лик вулкана",
    "DESCRIPTION": "Каждый раз, когда вы hexamod:Зажигаете Призрачное пламя, накладывайте !M! hexamod:Ожога души на ВСЕХ врагов."
  },
  "hexamod:WildfireWeapon": {
    "NAME": "Оружие дикого огня",
    "DESCRIPTION": "Накладывает !M! hexamod:Ожога души на цель, когда *Атака наносит неблокируемый урон.",
    "TRANSLATOR_NOTE:": "НЕ ИСПОЛЬЗУЕТСЯ"
  },
  "hexamod:FirstSeal": {
    "NAME": "Первая печать",
    "DESCRIPTION": "Эфирная hexamod:Печать. NL В конце боя восстановите !M! ОЗ.",
    "UPGRADE_DESCRIPTION": "hexamod:Печать. NL В конце боя восстановите !M! ОЗ."
  },
  "hexamod:SecondSeal": {
    "NAME": "Вторая печать",
    "DESCRIPTION": "Эфирная hexamod:Печать. NL В конце боя получите !M! дополнительного золота.",
    "UPGRADE_DESCRIPTION": "hexamod:Печать. NL В конце боя получите !M! дополнительного золота."
  },
  "hexamod:ThirdSeal": {
    "NAME": "Третья печать",
    "DESCRIPTION": "Эфирная hexamod:Печать. NL В конце боя получите дополнительную карту в награду.",
    "UPGRADE_DESCRIPTION": "hexamod:Печать. NL В конце боя получите дополнительную карту в награду."
  },
  "hexamod:FourthSeal": {
    "NAME": "Четвёртая печать",
    "DESCRIPTION": "Эфирная hexamod:Печать. NL В конце боя получите дополнительное зелье в награду.",
    "UPGRADE_DESCRIPTION": "hexamod:Печать. NL В конце боя получите дополнительное зелье в награду."
  },
  "hexamod:FifthSeal": {
    "NAME": "Шестая печать",
    "DESCRIPTION": "Эфирная hexamod:Печать. NL В конце боя увеличьте Макс. ОЗ на !M!.",
    "UPGRADE_DESCRIPTION": "hexamod:Печать. NL В конце боя увеличьте Макс. ОЗ на !M!."
  },
  "hexamod:SixthSeal": {
    "NAME": "Пятая печать",
    "DESCRIPTION": "Эфирная hexamod:Печать. NL В конце боя Улучшите случайную карту в колоде за каждые 13 неулучшенных карт.",
    "UPGRADE_DESCRIPTION": "hexamod:Печать. NL В конце боя Улучшите случайную карту в колоде за каждые 13 неулучшенных карт.",
    "EXTENDED_DESCRIPTION": [
      "( Улучшает ",
      " карту. ) NL ",
      " карты. ) NL "
    ]
  },
  "hexamod:LingeringShades": {
    "NAME": "Затянувшиеся тени",
    "DESCRIPTION": "hexamod:Откат. NL Накладывает !burny! hexamod:Ожог души. NL Положите все Эфирные карты из стопки сброса в руку."
  },
  "hexamod:EtherStep": {
    "NAME": "Эфирный шаг",
    "DESCRIPTION": "{@@}Эфирная. [#e087a4]Посмертие.[] NL Сожгите карту и возьмите !M! карт{!M!|у|ы|}. NL ",
    "UPGRADE_DESCRIPTION": "{@@}Эфирная. [#e087a4]Посмертие.[] NL Сожгите карту и возьмите !M! карт{!M!|у|ы|}. NL ",
    "EXTENDED_DESCRIPTION": [
      "Наносит !D! урона."
    ]
  },
  "hexamod:OpposingAction": {
    "NAME": "Противодействие",
    "DESCRIPTION": "hexamod:Откат и [E]. NL Сжигается.",
    "UPGRADE_DESCRIPTION": "hexamod:Откат и [E] [E]. NL Сжигается."
  },
  "hexamod:SeventhEye": {
    "NAME": "Седьмой глаз",
    "DESCRIPTION": "Положите карту из стопки добора в руку. NL Переключитесь на случайное Призрачное пламя. NL Сжигается.",
    "UPGRADE_DESCRIPTION": "Положите карту из стопки добора в руку. NL Переключитесь на случайное Призрачное пламя. NL Сжигается."
  },
  "hexamod:FlameDevourer": {
    "NAME": "Пожиратель пламени",
    "DESCRIPTION": "Если предыдущее Призрачное пламя *Зажжено, сделайте hexamod:Откат и получите !B! Защиты."
  },
  "hexamod:SpectralGrace": {
    "NAME": "Призрачная грация",
    "DESCRIPTION": "{@@}Сбросьте !M! карт{!M!|у|ы|}. NL Наносит !D! урона.",
    "UPGRADE_DESCRIPTION": "{@@}Сбросьте !M! карт{!M!|у|ы|}. NL Наносит !D! урона."
  },
  "Translator note Translator note Translator note Translator note Translator note Translator note Translator note Translator note ": {
    "text": "текст ниже используется как попытка исправить проблему, из-за которой вы не можете открыть игру, вам не нужно ничего с ними делать.",
    "text2": "Я уже скопировал их на все доступные языки, и если вы делаете новую локализацию, просто скопируйте их тоже."
  },
  "hexamod:SoulSteal": {
    "NAME": "Живая бомба",
    "DESCRIPTION": "Накладывает !burny! hexamod:Ожог души. Когда он детонирует, он поражает ВСЕХ врагов."
  },
  "hexamod:ApocalypticArmor": {
    "NAME": "Судный день",
    "DESCRIPTION": "В следующий раз, когда все !M! Призрачных пламени будут *Зажжены, получите дополнительный ход.",
    "UPGRADE_DESCRIPTION": "В следующий раз, когда как минимум !M! Призрачных пламени будут *Зажжены, получите дополнительный ход."
  },
  "hexamod:RetreatToShadows": {
    "NAME": "Бесплотность",
    "DESCRIPTION": "hexamod:Откат. NL Потеряйте !M! ОЗ. NL Получите 1 Неуязвимость. NL Сжигается."
  },
  "hexamod:SpectralSpark": {
    "NAME": "Непослушный дух",
    "DESCRIPTION": "Накладывает !burny! hexamod:Ожог души. NL Если текущее Призрачное пламя hexamod:Зажжено, верните эту карту в руку и сделайте hexamod:Откат."
  },
  "hexamod:Toasty": {
    "NAME": "Вспышка пламени",
    "DESCRIPTION": "Наносит !D! урона. NL hexamod:Зажгите текущее Призрачное пламя и сделайте hexamod:Сдвиг.",
    "UPGRADE_DESCRIPTION": "Наносит !D! урона. NL hexamod:Зажгите текущее Призрачное пламя. NL Выберите hexamod:Откат или hexamod:Сдвиг."
  },
  "hexamod:ParanormalForm": {
    "NAME": "Полтергейст",
    "DESCRIPTION": "Каждый раз, когда вы разыгрываете Эфирную карту, случайный враг теряет !M! ОЗ."
  },
  "hexamod:RecurringNightmare": {
    "NAME": "Кошмарное видение",
    "DESCRIPTION": "hexamod:Откат. NL expansioncontent:Эксгумируйте *Эфирную карту. NL Сжигается.",
    "UPGRADE_DESCRIPTION": "hexamod:Откат. NL expansioncontent:Эксгумируйте !M! *Эфирных карт. NL Сжигается.",
    "EXTENDED_DESCRIPTION": [
      "Выберите Эфирную карту, чтобы вернуть в руку.",
      "Выберите ",
      " Эфирных карт, чтобы вернуть в руку."
    ]
  },
  "hexamod:Haunt": {
    "NAME": "Призрачная рука",
    "DESCRIPTION": "{@@}Эфирная. [#e087a4]Посмертие.[] NL Возьмите !M! карт{!M!|у|ы|}. NL ",
    "UPGRADE_DESCRIPTION": "{@@}Эфирная. [#e087a4]Посмертие.[] NL Возьмите !M! карт{!M!|у|ы|}. NL ",
    "EXTENDED_DESCRIPTION": [
      "Берите карты, пока не возьмёте не-Эфирную карту."
    ]
  },
  "hexamod:InspiringFlames": {
    "NAME": "Раздуть огонь",
    "DESCRIPTION": "Даёт !B! Защиты. NL За каждое *Зажжённое Призрачное пламя Улучшите случайную карту в руке."
  },
  "hexamod:SpectralAdrenaline": {
    "NAME": "Светлый ритуал",
    "DESCRIPTION": "Получите [E] и возьмите 1 карту за каждое *Зажжённое Призрачное пламя, затем hexamod:Погасите их. NL Сжигается."
  },
  "hexamod:GhostOfSpirePresent": {
    "NAME": "Здесь и сейчас",
    "DESCRIPTION": "В начале вашего хода даёт [E] . NL В конце вашего хода hexamod:Гасит текущее Призрачное пламя."
  },
  "hexamod:GhostOfSpirePast": {
    "NAME": "Дьявольская пляска",
    "DESCRIPTION": "Первый раз, когда вы делаете hexamod:Сдвиг или hexamod:Откат в ход, возьмите карту.",
    "UPGRADE_DESCRIPTION": "Врождённая. NL В первый раз, когда вы делаете *Откат в ход, получите [E] и возьмите 1 карту. NL hexamod:Откат."
  },
  "hexamod:GhostOfSpireFuture": {
    "NAME": "Во тьму",
    "DESCRIPTION": "Эфирная. NL Каждый раз, когда вы делаете hexamod:Откат, выберите карту в руке, чтобы разыграть и Сжечь.",
    "UPGRADE_DESCRIPTION": "Каждый раз, когда вы делаете hexamod:Откат, выберите карту в руке, чтобы разыграть и Сжечь.",
    "EXTENDED_DESCRIPTION": [
      "разыграть и Сжечь."
    ]
  },
  "hexamod:HexaLevel": {
    "NAME": "Инфернальная форма",
    "DESCRIPTION": "В начале вашего хода даёт !M! hexamod:Интенсивности.",
    "UPGRADE_DESCRIPTION": "Даёт !M! hexamod:Интенсивности. NL В начале вашего хода даёт !M! hexamod:Интенсивности."
  },
  "hexamod:SkipABeat": {
    "NAME": "Разжечь",
    "DESCRIPTION": "Если текущее Призрачное пламя не *Зажжено, hexamod:Зажгите его.",
    "UPGRADE_DESCRIPTION": "hexamod:Зажгите текущее Призрачное пламя."
  },
  "hexamod:FlameSwitch": {
    "NAME": "Дурное предзнаменование",
    "DESCRIPTION": "Выберите тип Призрачного пламени, чтобы изменить текущее. NL Сжигается.",
    "UPGRADE_DESCRIPTION": "Сохраняемая. NL Выберите тип Призрачного пламени, чтобы изменить текущее. NL Сжигается.",
    "EXTENDED_DESCRIPTION": [
      "Заменить текущее Призрачное пламя на hexamod:Укрепляющее Призрачное пламя",
      "Заменить текущее Призрачное пламя на hexamod:Сокрушающее Призрачное пламя",
      "Заменить текущее Призрачное пламя на hexamod:Обжигающее Призрачное пламя",
      "Не заменять."
    ]
  }
}