{
  "hexamod:WanderingSpecter": {
    "NAME": "Блуждающий призрак",
    "DESCRIPTIONS": [
      "Эта часть Шпиля, по-видимому, является #pкладбищем. Вы осторожно проходите через него, но вдруг странное, бледное ~видение~ останавливает вас. Оно протягивает обе руки, вероятно предлагая вам какую-то #rсделку. NL NL Вы видите, что видение держит по драгоценной #bРеликвии в каждой руке, но вы не можете понять, какие именно. Но, несомненно, оно запросит высокую #rцену взамен.",
      "Вы благодарите призрака за эту сделку. #bПризрак окидывает вас тяжёлым взглядом напоследок, прежде чем продолжить свой ~бесконечный~ ~путь.~ Вы тоже продолжаете свой путь.",
      "Как только вы берёте переливающуюся белым коробку, она @разлетается@ в вашей хватке! Пока вы собираете души, из неё появляются #pчёрные #pосколки и ~впиваются~ в ваше тело.",
      "Вы берёте странную #yзолотую коробку и чувствуете, как #pтьма протекает сквозь вас, когда вы открываете её. Внутри вы находите полезное оружие!",
      "Вы берёте пульсирующую, неумолимо @БЬЮЩУЮСЯ@ коробку и чувствуете, как она @ВТЕКАЕТ@ в вашу руку. Отвратительная #pтошнота захлёстывает вас, но вы чувствуете себя сильнее...",
      "Как только вы забираете артефакт у фигуры, #pтьма окутывает комнату. Призрак снова говорит с вами, его слова появляются прямо в вашей голове, хотя вы их не слышите. NL NL #p'Мудрый #pвыбор. #pЧто #pскажешь #pнасчёт #pещё #pодной #pсделки, #pдруг?'",
      "Вы знаете, что сделки, которые предлагает это #pвидение, требуют слишком высокой цены. Нужно разобраться с ним, и, какая удача! У стены! #bСиняя #bсвеча, #bизгоняющая #bпроклятия! NL NL Вы хватаете свечу со стены, немного #rобжигаясь, и швыряете её в видение, которое рассеивается, оставляя #bжуткое #bсияние. NL NL Оно больше никому не предложит сделок.",
      "Вы знаете, что сделки, которые предлагает это #pвидение, требуют слишком высокой цены. Нужно разобраться с ним, и, какая удача! Вы захватили с собой #bСинюю #bсвечу, #bизгоняющую #bпроклятия! NL NL Вы швыряете свечу в видение, которое рассеивается, оставляя #bжуткое #bсияние. NL NL Оно больше никому не предложит сделок."
    ],
    "OPTIONS": [
      "[Левая коробка] #gПолучить #gКуклу #gДу-Ву #gили #gАмулет #gиз #gтёмного #gкамня и #r2x #rБеспокойство.",
      "[Купить ещё]",
      "[Правая коробка] #gПолучить #gПроклятый #gключ #gили #gЗовущий #gколокол.",
      "[Прогнать] #gПолучить #gСинюю #gсвечу. #rПотерять #r5 #rОЗ.",
      "[Прогнать] Уйти.",
      "[Обменять на силу] #gПолучить #gслучайную #yРедкую #gкарту. #rПолучить #rслучайное #rПроклятие.",
      "[Обменять на жизнь] #gПолучить #g12 #gМакс. #gОЗ. #rПолучить #rслучайное #rПроклятие.",
      "[Обменять на души] #gПолучить #g180 #gдуш. #rПолучить #rслучайное #rПроклятие.",
      "[Закрыто] Сделка завершена.",
      "[Уйти]"
    ]
  },
  "hexamod:SealChamber": {
    "NAME": "Комната печатей",
    "DESCRIPTIONS": [
      "Грозное сооружение предстаёт перед вами. Большинство никогда не осмелилось бы приблизиться к нему, но вы знаете его предназначение и понимаете, что оно может быть очень полезно. NL Вы входите в комнату и готовитесь принести #rжертву...",
      "Заплатив частичку своей души, вы получаете печать — ещё один шаг на пути к вашей истинной силе.",
      "Взвесив все варианты, вы решаете не приносить жертву в Комнате печатей. Вам понадобится всё, что у вас есть, чтобы завершить путь.",
      "Эта Печать окажется весьма полезной в грядущих битвах."
    ],
    "OPTIONS": [
      "[Принести] #rПотерять ",
      " ОЗ. #gПолучить #gПервую #gПечать.",
      " #yдуш. #gПолучить #gВторую #gПечать.",
      ". #gПолучить #gТретью #gПечать.",
      ". #gПолучить #gЧетвёртую #gПечать.",
      "[Закрыто] Требуется больше золота.",
      "[Закрыто] Требуется обычная карта.",
      "[Закрыто] Требуется зелье.",
      "[Уйти]",
      "[Закрыто] Жертва принесена.",
      ". #gПолучить #gПятую #gПечать.",
      "[Закрыто] Требуется улучшенная карта.",
      " Макс. ОЗ. #gПолучить #gШестую #gПечать.",
      "[Закрыто] Требуется 2 Макс. ОЗ."
    ]
  },
  "hexamod:HexaFalling": {
    "NAME": "Гекса-падение",
    "DESCRIPTIONS": [
      "Вы, не связанный бренными законами гравитации, ~парите~ над пропастью, не получая вреда.",
      " NL Или просто парите по своей воле."
    ],
    "Translator Note": "второе предложение выше добавляется после ванильного, которое предлагает 3 варианта [приземлиться](навык), [сфокусировать](сила) и [ударить](атака), вы можете увидеть пример ниже",
    "preview": "В свободном падении вы обдумываете варианты: Приземлиться безопасно, используя свои лучшие техники. Сфокусировать Силу, чтобы пережить падение. Ударить по стене, чтобы удержаться за неё.",
    "OPTIONS": [
      "[Парить] #gНичего #gне #gтерять...",
      "[Уйти]"
    ]
  },
  "hexamod:CouncilOfGhosts": {
    "NAME": "Совет призраков",
    "DESCRIPTIONS": [
      "Продолжая спуск, вы замечаете, как #p~густой~ #p~чёрный~ #p~дым~ начинает валить из земли и стен вокруг вас, собираясь в три фигуры в масках, которые начинают говорить. NL NL ~\"Этот~ ~обречён...\"~ NL \"Мы понимаем твою участь, #pпроклятый... Не желаешь ли узнать наши #y~секреты?\"~ ",
      "#y\"Великолепно!\" NL Пока призрачная фигура говорит, вы замечаете, что её огромный рот открывается всё шире и шире. #p~Густой~ #p~чёрный~ #p~дым~ извергается и заполняет комнату. Вы не можете ни видеть, ни дышать...",
      "Всё ещё окутанный #p~чёрным~ #p~дымом,~ ваше тело слабеет, но ваш дух #pпылает #pярче, чем когда-либо. NL Вы понимаете, как связаны телесное и бесплотное, так, как никогда не считали возможным.",
      "Внутри тьмы вы видите незамутнённым взором. Духи показали вам, как овладеть своей формой, как с лёгкостью переходить между этим миром и другим.",
      "\"Удачи, #pпроклятый...\" NL ~\"Мы~ ~останемся~ ~и~ ~поможем~ ~другим...\"~ NL #r@\"ХА@ #r@ХА@ #r@ХА@ #r@ХАХАХА!\"@ NL NL Вы не совсем уверены, почему последний рассмеялся, когда Совет исчез, но вы благодарны за полученные знания.",
      "\"Как разочаровывает...\" NL ~\"Ты~ ~никогда~ ~не~ ~покинёшь~ ~это~ ~место...\"~ NL #r@\"ХА@ #r@ХА@ #r@ХА@ #r@ХАХАХА!\"@ NL NL Фигуры исчезают, оставляя лишь тревожный смех, звенящий в ушах."
    ],
    "OPTIONS": [
      "[Принять] #rПотерять #r",
      " #rМакс. #rОЗ. Открывает возможности Изучать и Обучаться.",
      "[Изучать] #rПотерять #rвсе #rкарты #rУдар. #gПолучить #g3 #gПравосудия #gСовета.",
      "[Обучаться] #rПотерять #rвсе #rкарты #rОборона. #gПолучить #g",
      "[Завершить]",
      "[Уйти]",
      "[Закрыто] Сейчас нельзя уйти.",
      " #gПризрачность."
    ]
  },
  "hexamod:BackToBasics": {
    "NAME": "Возвращение к основам",
    "DESCRIPTIONS": [
      "Дух — это меч, а опыт — точильный камень."
    ],
    "OPTIONS": [
      "[Ностальгия] #gДобавить #gЭфирную всем картам #gУдар и #gОборона.",
      "[Закрыто] Требуется Удар или Оборона."
    ]
  }
}