[
  {
    "PROPER_NAME": "Активный",
    "NAMES": [
      "активный",
	  "активен",
	  "активного",
	  "текущий"
    ],
    "DESCRIPTION": "Текущее (активное) Призрачное пламя может быть #yЗажжено при выполнении указанных условий."
  },
  {
    "PROPER_NAME": "Сдвиг",
    "NAMES": [
      "сдвиг",
	  "сдвиге",
	  "сдвигает",
      "сдвигаете",
	  "сдвигается",
      "сдвигаетесь"
    ],
    "DESCRIPTION": "Переместитесь к следующему Призрачному пламени. Перемещение на Призрачное пламя #yГасит его."
  },
  {
    "PROPER_NAME": "Откат",
    "NAMES": [
      "откат",
	  "откате",
	  "отката",
      "откатываете"
    ],
    "DESCRIPTION": "Переместитесь к предыдущему Призрачному пламени. Перемещение на Призрачное пламя #yГасит его."
  },
  {
    "PROPER_NAME": "Интенсивность",
    "NAMES": [
      "интенсивность",
	  "интенсивности"
    ],
    "DESCRIPTION": "Интенсивность увеличивает урон, #yОжог души и #yЗащиту, получаемые от Призрачного пламени при #yЗажигании."
  },
  {
    "ID": "soulburn",
    "PROPER_NAME": "Ожог души",
    "NAMES": [
	  "soulburn",
	  "soulburned",
	  "ожог_души",
	  "ожог",
	  "ожога",
	  "ожога_души"
    ],
    "DESCRIPTION": "Через #b3 хода враг с Ожогом души теряет ОЗ, снимая этот эффект."
  },
  {
    "PROPER_NAME": "Тушение",
    "NAMES": [
      "тушит",
	  "тушите",
	  "погасите",
      "гасит" 
    ],
    "DESCRIPTION": "Позволяет Призрачному пламени снова стать #yЗажжённым, сбрасывая условия его Зажигания."
  },
  {
    "PROPER_NAME": "Зажигание",
    "NAMES": [
	  "ignite",
	  "force-ignite",
      "зажигает",
	  "зажигаете",
      "зажигается",
	  "зажгите",
	  "зажжёте",
      "зажжённый",
      "зажжён",
	  "зажжётся",
      "зажигаются", 
      "зажжение" 
    ],
    "DESCRIPTION": "Активирует эффект Зажигания, описанный на Призрачном пламени."
  },
  {
    "PROPER_NAME": "Печать",
    "NAMES": [
      "печать"
    ],
    "DESCRIPTION": "Карты Печати выпадают из элитных врагов. Чем чаще вы играете карту Печати, тем выше шанс найти другие её виды. Если все #b6 Печатей были сыграны в течение одного боя, получите #pСломанную #pПечать и удалите эти #b6 Печатей из колоды."
  },
  {
    "ID": "afterlife",
    "PROPER_NAME": "Посмертие",
    "NAMES": [
      "посмертие",
	  "посмертием"
    ],
    "DESCRIPTION": "Фиолетовый эффект также сработает, когда эта карта #yСжигается."
  },
  {
    "PROPER_NAME": "Сокрушающее",
    "NAMES": [
      "сокрушающее"
    ],
    "DESCRIPTION": "#yПризрачное #yпламя. #yЗажигается, когда на нём разыграны #b2 #yНавыка. #yЗажигание: наносит #b3 урона случайному врагу дважды.",
    "TRANSLATOR_NOTE": "Не используется Не используется Не используется Не используется Не используется Не используется Не используется Не используется Не используется Не используется Не используется Не используется Не используется Не используется Не используется Не используется Не используется Не используется "
  },
  {
    "PROPER_NAME": "Укрепляющее",
    "NAMES": [
      "укрепляющее"
    ],
    "DESCRIPTION": "#yПризрачное #yпламя. #yЗажигается, когда на нём разыгран #yТалант. #yЗажигание: даёт #b4 #yЗащиты и #b1 #yСилы.",
    "TRANSLATOR_NOTE": "Не используется Не используется Не используется Не используется Не используется Не используется Не используется Не используется Не используется Не используется Не используется Не используется Не используется Не используется Не используется Не используется Не используется Не используется "
  },
  {
    "ID": "plated",
    "PROPER_NAME": "Шипы",
    "NAMES": [
      "шипы",
	  "шипов"
    ],
    "DESCRIPTION": "В конце вашего хода получаете #yЗащиту, равную количеству #yШипов. Получение неблокируемого урона от атак уменьшает #yШипы на #b1."
  },
  {
    "PROPER_NAME": "Обжигающее",
    "NAMES": [
      "обжигающее"
    ],
    "DESCRIPTION": "#yПризрачное #yпламя. #yЗажигается, когда на нём разыграны #b2 #yАтаки. #yЗажигание: накладывает #b3 #yОжога души на случайного врага дважды.",
    "TRANSLATOR_NOTE": "Не используется Не используется Не используется Не используется Не используется Не используется Не используется Не используется Не используется Не используется Не используется Не используется Не используется Не используется Не используется Не используется Не используется Не используется "
  },
  {
    "PROPER_NAME": "Инфернальное",
    "NAMES": [
      "инфернальное"
    ],
    "DESCRIPTION": "#yПризрачное #yпламя. #yЗажигается, когда на нём потрачено #b3 Энергии. #yЗажигание: наносит #b4 урона случайному врагу за каждое зажжённое Призрачное пламя. Если все Призрачные пламени Зажжены, даёт #b2 #yИнтенсивности.",
    "TRANSLATOR_NOTE": "Не используется Не используется Не используется Не используется Не используется Не используется Не используется Не используется Не используется Не используется Не используется Не используется Не используется Не используется Не используется Не используется Не используется Не используется "
  }
]