{
	"hexamod:SearingGhostflame": {
		"NAME": "Обжигающее Призрачное пламя",
		"DESCRIPTION": [
			"#gЗажжено. ",
			"#yЗажигается, когда вы разыгрываете #b" ,
			" #yАтаку.",
			" #yАтаки.",
			"#yЗажигается, когда вы разыгрываете #b2 #yАтаки, пока это пламя #yАктивно.",
			" NL NL #yЗажигание: Накладывает #b",
			" #yОжога души на случайного врага дважды.",
			" NL NL В конце вашего хода, если оно #yЗажжено, вы #yСдвигаетесь к следующему Призрачному пламени."
		]
	},
	"hexamod:CrushingGhostflame": {
		"NAME": "Сокрушающее Призрачное пламя",
		"DESCRIPTION": [
			"#gЗажжено. ",
			"#yЗажигается, когда вы разыгрываете #b" ,
			" #yНавык.",
			" #yНавыка.",
			"#yЗажигается, когда вы разыгрываете #b2 #yНавыка, пока это пламя #yАктивно.",
			" NL NL #yЗажигание: Наносит #b",
			" урона случайному врагу дважды.",
			" NL NL В конце вашего хода, если оно #yЗажжено, вы #yСдвигаетесь к следующему Призрачному пламени."
		]
	},
	"hexamod:BolsteringGhostflame": {
		"NAME": "Укрепляющее Призрачное пламя",
		"DESCRIPTION": [
			"#gЗажжено. ",
			"#yЗажигается, когда вы разыгрываете #yТалант.",
			"#yЗажигается, когда вы разыгрываете #yТалант, пока это пламя #yАктивно.",
			" NL NL #yЗажигание: Даёт #b",
			" #yЗащиты и #b1 #yСилы.",
			" NL NL В конце вашего хода, если оно #yЗажжено, вы #yСдвигаетесь к следующему Призрачному пламени."
		]
	},
	"hexamod:InfernoGhostflame": {
		"NAME": "Инфернальное Призрачное пламя",
		"DESCRIPTION": [
			"#gЗажжено. #yГаснет в конце любого хода.",
			"#yЗажигается, когда вы тратите [E] [E] [E] .",
			"#yЗажигается, когда вы тратите [E] [E] .",
			"#yЗажигается, когда вы тратите [E] .",
			"Ошибка. Пожалуйста, сообщите разработчику мода: ",
			"#yЗажигается, когда вы тратите [E] [E] [E], пока это пламя #yАктивно. #yГаснет в конце любого хода.",
			" NL NL #yЗажигание: Наносит #b",
			" урона случайному врагу за каждое #yЗажжённое Призрачное пламя, затем #yГасит остальные. Даёт #b2 #yИнтенсивности, если все Призрачные пламени были #yЗажжены.",
			" NL NL В конце вашего хода, если оно #yЗажжено, вы #yСдвигаетесь к следующему Призрачному пламени."
		]
	},
	"hexamod:MayhemGhostflame": {
		"NAME": "Беспокойное Призрачное пламя",
		"DESCRIPTION": [
			"#gЗажжено. ",
			"#yЗажигается в конце вашего хода.",
			"#yЗажигается в конце вашего хода, пока это пламя #yАктивно.",
			" NL NL #yЗажигание: Вы #yПредсказываете #b",
			" карт и разыгрываете верхнюю карту стопки добора.",
			" NL NL В конце вашего хода, если оно #yЗажжено, вы #yСдвигаетесь к следующему Призрачному пламени."
		]
	}
}