{
  "hexamod:SoulburnPotion": {
    "NAME": "Коктейль Молотова",
    "DESCRIPTIONS": [
      "Накладывает #b",
      " #yОжога #yдуши."
    ]
  },
  "hexamod:DoubleChargePotion": {
    "NAME": "Горючая жидкость",
    "DESCRIPTIONS": [
      "#yЗажигает текущее Призрачное пламя #b",
      " раз."
    ]
  },
  "hexamod:EctoCoolerPotion": {
    "NAME": "Экто-кулер",
    "DESCRIPTIONS": [
      "Выберите #b1 из #b3 случайных #yЭфирных карт. В этом ходу она стоит #b0.",
      "Выберите #b1 из #b3 случайных #yЭфирных карт и получите #b",
      " её копии. В этом ходу они стоят #b0."
    ]
  },
  "hexamod:InfernoChargePotion": {
    "NAME": "Инфернальное зелье",
    "DESCRIPTIONS": [
      "Эффекты ваших Призрачных пламён воздействуют на ВСЕХ врагов в этом бою.",
      "Эффекты ваших Призрачных пламён воздействуют на ВСЕХ врагов #b",
      " раз в этом бою."
    ]
  }
}