{
  "hexamod:AgainPower": {
    "NAME": "Ещё раз!",
    "DESCRIPTIONS": [
      "Вы не #yСдвигаетесь в конце следующего хода.",
      "Вы не #yСдвигаетесь в конце следующих #b",
      " ходов."
    ],
    "TRANSLATOR_NOTE": "НЕ ИСПОЛЬЗУЕТСЯ"
  },
  "hexamod:ApocalypticArmorPower": {
    "NAME": "Судный день",
    "DESCRIPTIONS": [
      "В следующий раз, когда вы #yЗажжёте #b",
      " Призрачных пламени, получите дополнительный ход.",
      "В следующий раз, когда вы #yЗажжёте не менее #b"
    ]
  },
  "hexamod:ApplyBurnAtTurnStartOncePower": {
    "NAME": "Отсроченное пламя",
    "DESCRIPTIONS": [
      "В начале вашего следующего хода накладывает #b",
      " #yОжога души на ВСЕХ врагов."
    ],
    "TRANSLATOR_NOTE": "НЕ ИСПОЛЬЗУЕТСЯ"
  },
  "hexamod:BurnPerTurnPower": {
    "NAME": "Плавящийся металл",
    "DESCRIPTIONS": [
      "Накладывает #b",
      " #yОжога души после следующего срабатывания #yОжога души на этом враге."
    ],
    "TRANSLATOR_NOTE": "НЕ ИСПОЛЬЗУЕТСЯ"
  },
  "hexamod:BurnPower": {
    "NAME": "Ожог души",
    "DESCRIPTIONS": [
      "Через #b",
      " хода потеряет #b",
      " ход потеряет #b",
      " ОЗ, затем #yОжог души снимается."
    ]
  },
  "hexamod:BurnvenomPower": {
    "NAME": "Оружие дикого огня",
    "DESCRIPTIONS": [
      "Каждый раз, когда вы наносите неблокируемый урон атакой, накладывает #b",
      " #yОжога души."
    ]
  },
  "hexamod:CommonPostCombatPower": {
    "NAME": "Награда за печать: Карта",
    "DESCRIPTIONS": [
      "В конце боя получите #b",
      " дополнительных обычных карт.",
      " дополнительную обычную карту."
    ]
  },
  "hexamod:CrispyPower_new": {
    "NAME": "Особая хрустяшка",
    "DESCRIPTIONS": [
      "Когда #yОжог души срабатывает на враге, наложите на него #b",
      " #yОжога души после детонации."
    ]
  },
  "hexamod:EnhancePower": {
    "NAME": "Интенсивность",
    "DESCRIPTIONS": [
      "Увеличивает количество урона, #yОжога души и #yЗащиты, получаемых от Призрачных пламён при #yЗажигании, на #b",
      ".",
      "Уменьшает количество урона, #yОжога души и #yЗащиты, получаемых от Призрачных пламён при #yЗажигании, на #b",
      "Имеет двойную эффективность для #yОбжигающих #yПризрачных #yпламён."
    ]
  },
  "hexamod:EtherealRefundPower": {
    "NAME": "Эфирный возврат",
    "DESCRIPTIONS": [
      "Каждый раз, когда вы разыгрываете #yЭфирную карту в этом ходу, получаете ",
      "."
    ],
    "TRANSLATOR_NOTE": "НЕ ИСПОЛЬЗУЕТСЯ"
  },
  "hexamod:FuturePower": {
    "NAME": "Во тьму",
    "DESCRIPTIONS": [
      "Каждый раз, когда вы делаете #yОткат, ваша следующая #b",
      " карта будет разыгрываться бесплатно, а затем #yСжигаться.",
      " карты будут разыгрываться бесплатно, а затем #yСжигаться."
    ]
  },
  "hexamod:FutureUpgradePower": {
    "NAME": "Награда за печать: Улучшение",
    "DESCRIPTIONS": [
      "В конце боя #yУлучшите #b",
      " случайную карту в вашей колоде.",
      " случайные карты в вашей колоде."
    ]
  },
  "hexamod:StopFromAdvancingPower": {
    "NAME": "Здесь и сейчас",
    "DESCRIPTIONS": [
      "В конце вашего хода #yГасит текущее Призрачное пламя."
    ]
  },
  "hexamod:GhostFlameBarrierPower": {
    "NAME": "Барьер из пламени",
    "DESCRIPTIONS": [
      "При атаке в этом ходу накладывает #b",
      " #yОжога души на атакующего."
    ],
    "TRANSLATOR_NOTE": "НЕ ИСПОЛЬЗУЕТСЯ"
  },
  "hexamod:GiftsFromBeyondPower": {
    "NAME": "Дары извне",
    "DESCRIPTIONS": [
      "В начале вашего хода добавляет в руку #b",
      " случайную карту с #yПосмертием.",
      " случайные карты с #yПосмертием."
    ]
  },
  "hexamod:GoldPostCombatPower": {
    "NAME": "Награда за печать: Золото",
    "DESCRIPTIONS": [
      "Награда золотом за этот бой увеличена на #b",
      "."
    ]
  },
  "hexamod:HexalevelPower": {
    "NAME": "Инфернальная форма",
    "DESCRIPTIONS": [
      "В начале вашего хода даёт #b",
      " #yИнтенсивности."
    ]
  },
  "hexamod:LoseEnhanceInTurnsPower": {
    "NAME": "Разогрев",
    "DESCRIPTIONS": [
      "В конце вашего хода теряет #b",
      "Через #b",
      " хода теряет #b",
      " #yИнтенсивности."
    ],
    "TRANSLATOR_NOTE": "НЕ ИСПОЛЬЗУЕТСЯ"
  },
  "hexamod:ParanormalFormPower": {
    "NAME": "Полтергейст",
    "DESCRIPTIONS": [
      "Каждый раз, когда вы разыгрываете #yЭфирную карту, случайный враг теряет #b",
      " ОЗ."
    ]
  },
  "hexamod:PastPower": {
    "NAME": "Дьявольская пляска",
    "DESCRIPTIONS": [
      "Первый раз, когда вы делаете #yСдвиг или #yОткат в ход, берёте карту.",
      "Первые #b",
      " раз, когда вы делаете #yСдвиг или #yОткат в ход, берёте карту.",
      " NL Этот эффект может сработать ещё #b",
      " раз в этом ходу.",
      " раз в этом ходу.",
      " NL Этот эффект больше не может сработать в этом ходу."
    ]
  },
  "hexamod:PotionPostCombatPower": {
    "NAME": "Награда за печать: Зелье",
    "DESCRIPTIONS": [
      "В конце боя получите #b",
      " дополнительных зелий.",
      " дополнительное зелье."
    ]
  },
  "hexamod:RadiantPower": {
    "NAME": "Сияющее пламя",
    "DESCRIPTIONS": [
      "Каждый раз, когда вы #yЗажигаете Призрачное пламя, получаете #b",
      " #yЗащиты."
    ]
  },
  "hexamod:SealPostCombatPower": {
    "NAME": "Награда за печать: Печать",
    "DESCRIPTIONS": [
      "В конце боя получите #b",
      " дополнительных карт #yПечати.",
      " дополнительную карту #yПечати."
    ],
    "TRANSLATOR_NOTE": "НЕ ИСПОЛЬЗУЕТСЯ"
  },
  "hexamod:TimeStopPower": {
    "NAME": "Пришествие рока",
    "DESCRIPTIONS": [
      "В конце вашего хода сразу начинается другой ход.",
      "В конце вашего хода сразу начинается ещё #b",
      " хода."
    ]
  },
  "hexamod:VolcanoVisagePower": {
    "NAME": "Лик вулкана",
    "DESCRIPTIONS": [
      "Каждый раз, когда вы #yЗажигаете Призрачное пламя, накладываете #b",
      " #yОжога души на всех врагов."
    ]
  },
  "hexamod:LivingBombPower": {
    "NAME": "Живая бомба",
    "DESCRIPTIONS": [
      "В следующий раз, когда #yОжог души этого существа сработает, он поразит ВСЕХ врагов."
    ]
  },
  "hexamod:GainEnergyAtStartOfTurnPower": {
    "NAME": "Больше энергии",
    "DESCRIPTIONS": [
      "В начале вашего хода получаете "
    ]
  },
  "hexamod:SoulburnOnExhaustPower": {
    "NAME": "Заражение души",
    "DESCRIPTIONS": [
      "Каждый раз, когда вы #yСжигаете карту в этом ходу, накладываете #b",
      " #yОжога души на этого врага."
    ]
  },
  "hexamod:LoseIntensityPower": {
    "NAME": "Спад интенсивности",
    "DESCRIPTIONS": [
      "В конце этого хода теряете #b",
      " #yИнтенсивности."
    ]
  },
  "hexamod:MaxHPPostCombatPower": {
    "NAME": "Награда за печать: Макс. ОЗ",
    "DESCRIPTIONS": [
      "В конце боя получаете #b",
      " Макс. ОЗ."
    ]
  },
  "hexamod:InfernoPotionPower": {
    "NAME": "Инфернальное зелье",
    "DESCRIPTIONS": [
      "Эффекты ваших Призрачных пламён воздействуют на ВСЕХ врагов в этом бою.",
      "Эффекты ваших Призрачных пламён воздействуют на ВСЕХ врагов #b",
      " раз в этом бою."
    ]
  },
  "hexamod:PlayCardAndExhaustPower": {
    "NAME": "Теневой сдвиг",
    "DESCRIPTIONS": [
      "Ваша следующая карта разыгрывается бесплатно и #yСжигается.",
      "Ваши следующие #b",
      " карт разыгрываются бесплатно и #yСжигаются."
    ]
  }
}