{
  "hexamod:SpiritBrand": {
    "NAME": "Призрачное клеймо",
    "FLAVOR": "Связанный защитник.",
    "DESCRIPTIONS": [
      "Первый раз, когда вы #yhexamod:Зажигаете Призрачное пламя в ход, получаете #b",
      " #yЗащиты."
    ]
  },
  "hexamod:TheBrokenSeal": {
    "NAME": "Сломанная печать",
    "FLAVOR": "Безграничная, безудержная, неиссякаемая мощь.",
    "DESCRIPTIONS": [
      "При получении увеличивает Макс. ОЗ на #b",
      ", затем полностью восстанавливает ОЗ. Начинайте каждый бой с #b",
      " #yСилы, #yЛовкости и #yhexamod:Интенсивности. Вы не можете получить #pСломанную #pПечать и другие печати снова."
    ]
  },
  "hexamod:UnbrokenSoul": {
    "NAME": "Эфирная метка",
    "FLAVOR": "Посмотрим, можем ли мы сделать... лучше.",
    "DESCRIPTIONS": [
      "Заменяет ",
      ".[] NL Каждый раз, когда вы #yhexamod:Зажигаете Призрачное пламя, получаете #b",
      " #yЗащиты."
    ]
  },
  "hexamod:IceCube": {
    "NAME": "Ледяной оберег Ксанатоса",
    "FLAVOR": "Я чувствую... холод.",
    "DESCRIPTIONS": [
      "Получайте [E] в начале хода. Начинайте каждый бой с #b",
      " меньшей #yhexamod:Интенсивности и не получайте #yhexamod:Интенсивность от #yИнфернального #yПризрачного #yпламени."
    ]
  },
  "hexamod:SoulStone": {
    "NAME": "Камень души",
    "FLAVOR": "Душа оживила бы эту штуку!",
    "DESCRIPTIONS": [
      "Каждый раз, когда вы #yСжигаете #b",
      " карт, #yhexamod:Зажигайте текущее Призрачное пламя."
    ]
  },
  "hexamod:RecyclingMachine": {
    "NAME": "Утилизатор",
    "FLAVOR": "Однажды его тоже утилизируют.",
    "DESCRIPTIONS": [
      "Первый раз, когда #yЭфирная карта (не #yСтатус и не #yПроклятие) #yСжигается в бою, добавьте её копию в руку. Она стоит #b0, пока не будет разыграна."
    ]
  },
  "hexamod:MatchstickCase": {
    "NAME": "Хитрая тиковая спичка",
    "FLAVOR": "Зажигается на любой поверхности!",
    "DESCRIPTIONS": [
      "Первый раз, когда вы #yhexamod:Зажигаете в ход, вы можете выбрать #yhexamod:Сдвиг или #yhexamod:Откат."
    ]
  },
  "hexamod:InflammatoryLetter": {
    "NAME": "Банка ТОБСКо",
    "FLAVOR": "Немного жара делает всё лучше.",
    "DESCRIPTIONS": [
      "Начинайте каждый бой с #b",
      " #yhexamod:Интенсивности."
    ]
  },
  "hexamod:SoulOfChaos": {
    "NAME": "Душа хаоса",
    "FLAVOR": "Хаос, обретший форму.",
    "DESCRIPTIONS": [
      "В начале вашего хода переместитесь на случайное Призрачное пламя и измените его на случайное. В конце вашего хода разыграйте верхнюю карту вашей стопки добора."
    ]
  },
  "hexamod:JarOfFuel": {
    "NAME": "Щит Олексы",
    "FLAVOR": "Защита по требованию.",
    "DESCRIPTIONS": [
      "#yТаланты учитываются для прогресса #yОбжигающих и #yСокрушающих #yПризрачных #yпламён."
    ]
  },
  "hexamod:BolsterEngine": {
    "NAME": "Опорный стержень Трикки",
    "FLAVOR": "Подкреплён изучением тысячи книг. Знание — сила!",
    "DESCRIPTIONS": [
      "Первый раз, когда вы разыгрываете #yТалант в бою, получаете #b",
      " #yЗащиты и #b",
      " #yСилы."
    ]
  },
  "hexamod:CandleOfCauterizing": {
    "NAME": "Красная свеча",
    "FLAVOR": "Огонь ЖЖЁТСЯ...",
    "DESCRIPTIONS": [
      "Каждый раз, когда вы накладываете #yhexamod:Ожог души, накладывайте дополнительно #b",
      " #yhexamod:Ожога души."
    ]
  },
  "hexamod:Sixitude": {
    "NAME": "Шестиконечное клеймо",
    "FLAVOR": "Огонь, огонь, огонь, огонь, огонь, ОГОНЬ!",
    "DESCRIPTIONS": [
      "Каждый раз, когда вы разыгрываете #b",
      " карт стоимостью не #b0, получайте gremlin:Эхо базового #yУдара. Оно стоит #b0."
    ]
  },
  "hexamod:Libra": {
    "NAME": "Весы",
    "FLAVOR": "Равновесие во всём.",
    "DESCRIPTIONS": [
      "#yПреобразуйте ваши Удары в случайные Навыки, а Оборону — в случайные Атаки.",
      "Чаша весов правосудия склонилась.",
      "Выберите любое количество карт для #yПреобразования в противоположный тип."
    ]
  }
}