{
  "hexamod:SealCommonReward": {
    "TEXT": [
      "Добавить обычную карту в колоду"
    ]
  },
  "hexamod:SealSealReward": {
    "TEXT": [
      "Добавить Печать в колоду",
      "Выберите карту."
    ]
  },
  "hexamod:SealDescriptor": {
    "TEXT": [
      "Печать",
      "hexamod:Печать. NL "
    ]
  },
  "hexamod:SealMode": {
    "TEXT": [
      "Наследие — Шесть Печатей",
      "Периодически добавляет награды в виде Печатей в боях. Соберите все Печати, чтобы получить особую реликвию. Включение этой опции облегчит игру."
    ]
  }
}