{
  "hermit:Strike_Hermit": {
    "NAME": "Удар",
    "DESCRIPTION": "Наносит !D! урона."
  },
  "hermit:Defend_Hermit": {
    "NAME": "Оборона",
    "DESCRIPTION": "Даёт !B! Защиты."
  },
  "hermit:Snapshot": {
    "NAME": "Моментальный снимок",
    "DESCRIPTION": "Наносит !D! урона. hermit:В_яблочко: Получите Защиту, равную неблокированному урону."
  },
  "hermit:Desperado": {
    "NAME": "Сорвиголова",
    "DESCRIPTION": "Наносит !D! урона. NL Удваивает урон этой карты в этом бою. Её стоимость увеличивается на 1."
  },
  "hermit:Headshot": {
    "NAME": "Выстрел в голову",
    "DESCRIPTION": "Наносит !D! урона. NL hermit:В_яблочко: Наносит двойной урон."
  },
  "hermit:Quickdraw": {
    "NAME": "Быстрая реакция",
    "DESCRIPTION": "Наносит !D! урона. NL Берёт !M! карт. NL В следующем ходу берёт на 1 карту меньше."
  },
  "hermit:WideOpen": {
    "NAME": "Широкий жест",
    "DESCRIPTION": "Наносит !D! урона. NL Накладывает !M! Уязвимости."
  },
  "hermit:Covet": {
    "NAME": "Жажда",
    "DESCRIPTION": "Сбросьте 1 карту. NL Возьмите !M! карту. NL Сброшенные *Проклятия Сжигаются.",
    "UPGRADE_DESCRIPTION": "Сбросьте 1 карту. NL Возьмите !M! карт. NL Сброшенные *Проклятия Сжигаются."
  },
  "hermit:HighCaliber": {
    "NAME": "Крупный калибр",
    "DESCRIPTION": "Наносит !D! урона. NL Добавляет в руку *Удар+2. NL Сжигается.",
    "UPGRADE_DESCRIPTION": "Наносит !D! урона. NL Добавляет в руку *Удар+3. NL Сжигается."
  },
  "hermit:BodyArmor": {
    "NAME": "Доспех",
    "DESCRIPTION": "Сбросьте карту. NL Получите !B! Защиты. NL Если это была не-Атака, получите !B! Защиты снова."
  },
  "hermit:Snipe": {
    "NAME": "Снайперский выстрел",
    "DESCRIPTION": "Ваш следующий эффект hermit:В_яблочко в этом ходу срабатывает дважды. NL Сжигается.",
    "UPGRADE_DESCRIPTION": "hermit:Концентрация. NL Ваш следующий эффект hermit:В_яблочко в этом ходу срабатывает дважды. NL Сжигается."
  },
  "hermit:CalledShot": {
    "NAME": "Упреждающий выстрел",
    "DESCRIPTION": "Наносит !D! урона. NL Если последняя сыгранная в этом ходу карта сработала *В *яблочко, возьмите карту.",
    "UPGRADE_DESCRIPTION": "Оставляется. NL Наносит !D! урона. NL Если последняя сыгранная в этом ходу карта сработала *В *яблочко, возьмите карту."
  },
  "hermit:Dissolve": {
    "NAME": "Раствориться",
    "DESCRIPTION": "Получите !B! Защиты. NL Защита не снимается в начале следующих 2 ходов. NL Сжигается."
  },
  "hermit:BlackWind": {
    "NAME": "Чёрный ветер",
    "DESCRIPTION": "Эфирная. NL Наносит урон, равный недостающему ОЗ. NL Сжигается.",
    "UPGRADE_DESCRIPTION": " NL (Наносит !D! урона.)"
  },
  "hermit:Purgatory": {
    "NAME": "Чистилище",
    "DESCRIPTION": "Эфирная. NL Наносит !D! урона ВСЕМ врагам."
  },
  "hermit:ShadowCloak": {
    "NAME": "Теневой плащ",
    "DESCRIPTION": "Каждый раз, когда вы берёте или Сжигаете Проклятие, получайте !M! Защиты."
  },
  "hermit:FatalDesire": {
    "NAME": "Роковое желание",
    "DESCRIPTION": "В начале вашего хода берите 2 карты и добавляйте в руку *Травму.",
    "UPGRADE_DESCRIPTION": "Врождённая. NL В начале вашего хода берите 2 карты и добавляйте в руку *Травму."
  },
  "hermit:Gambit": {
    "NAME": "Гамбит",
    "DESCRIPTION": "Положите !M! случайных Атак из стопки сброса в руку. В этом ходу они стоят на 1 меньше. NL Сжигается."
  },
  "hermit:Roughhouse": {
    "NAME": "Грубость",
    "DESCRIPTION": "Наносит !D! урона. hermit:В_яблочко: NL Получите !B! Защиты."
  },
  "hermit:Malice": {
    "NAME": "Злоба",
    "DESCRIPTION": "Сожгите карту. NL Наносит !D! урона. NL Если вы Сожгли Проклятие, вместо этого наносит !D! урона ВСЕМ врагам."
  },
  "hermit:Deadeye": {
    "NAME": "Меткий глаз",
    "DESCRIPTION": "Наносит !D! урона. NL hermit:В_яблочко: NL Получите !M! Силы."
  },
  "hermit:GhostlyPresence": {
    "NAME": "Призрачное присутствие",
    "DESCRIPTION": "Получите !B! Защиты. NL hermit:В_яблочко: NL Накладывает !M! Слабости на ВСЕХ врагов."
  },
  "hermit:Adapt": {
    "NAME": "Адаптация",
    "DESCRIPTION": "В начале вашего хода вы можете Сжечь карту, чтобы получить 8 Защиты."
  },
  "hermit:Dive": {
    "NAME": "Нырок",
    "DESCRIPTION": "Получите !B! Защиты. NL hermit:В_яблочко: NL Получите !M! expansioncontent:Шипов."
  },
  "hermit:FlashPowder": {
    "NAME": "Вспышка",
    "DESCRIPTION": "Получите !B! Защиты. NL ВСЕ враги теряют !M! Силы. NL Сжигается."
  },
  "hermit:Roulette": {
    "NAME": "Рулетка",
    "DESCRIPTION": "Наносит !D! урона. NL Сбросьте всю руку. NL Возьмите столько же карт."
  },
  "hermit:Midnight": {
    "NAME": "Полночь",
    "DESCRIPTION": "Получите !B! Защиты. NL Добавьте в руку *Грядущую *Гибель.",
    "UPGRADE_DESCRIPTION": "Получите !B! Защиты. NL Добавьте в руку *Грядущую *Гибель."
  },
  "hermit:Glare": {
    "NAME": "Пристальный взгляд",
    "DESCRIPTION": "Накладывает !M! Слабости и Уязвимости.",
    "UPGRADE_DESCRIPTION": "Оставляется. NL Накладывает !M! Слабости и Уязвимости."
  },
  "hermit:TakeCover": {
    "NAME": "Укрытие",
    "DESCRIPTION": "Добавьте в руку *Оборону стоимостью 0 и улучшите её X раз. NL Сжигается.",
    "UPGRADE_DESCRIPTION": "Добавьте в руку *Оборону+ стоимостью 0 и улучшите её X раз. NL Сжигается."
  },
  "hermit:Misfire": {
    "NAME": "Осечка",
    "DESCRIPTION": "Наносит !D! урона. NL Замешивает *Неуклюжесть в стопку добора."
  },
  "hermit:SprayPray": {
    "NAME": "Очередь",
    "DESCRIPTION": "Наносит !D! урона случайному врагу 3 раза. NL Замешивает *Сомнение в стопку добора."
  },
  "hermit:Scavenge": {
    "NAME": "Мародёрство",
    "DESCRIPTION": "Получите !M! expansioncontent:Шипов. NL hermit:В_яблочко: NL Получите !hermit:SecondMagic! золота. NL Сжигается."
  },
  "hermit:ImpendingDoom": {
    "NAME": "Грядущая гибель",
    "DESCRIPTION": "Неиграбельная. NL Если в конце вашего хода эта карта срабатывает hermit:В_яблочко, наносит 13 урона ВСЕМ."
  },
  "hermit:MementoCard": {
    "NAME": "Памятка",
    "DESCRIPTION": "Оставляется. NL Накладывает !M! Уязвимости на ВСЕХ."
  },
  "hermit:Shortfuse": {
    "NAME": "Короткий запал",
    "DESCRIPTION": "Наносит !D! урона. NL Стоит на 1 [E] меньше за каждый *Удар или *Оборону, сыгранные в этом ходу."
  },
  "hermit:Grudge": {
    "NAME": "Обида",
    "DESCRIPTION": "Наносит !D! урона ВСЕМ врагам. NL Наносит на !M! больше за каждое ваше Проклятие."
  },
  "hermit:Spite": {
    "NAME": "Злопамятство",
    "DESCRIPTION": "Сожгите все Неиграбельные карты в руке. NL Получите !B! Защиты. NL Возьмите !M! карт."
  },
  "hermit:Manifest": {
    "NAME": "Явление",
    "DESCRIPTION": "Получите !B! Защиты. NL Добавьте в руку *Гниение."
  },
  "hermit:Feint": {
    "NAME": "Финт",
    "DESCRIPTION": "Получите !B! Защиты. NL Накладывает !M! hermit:Травмы на ВСЕХ врагов."
  },
  "hermit:LowProfile": {
    "NAME": "Затишье",
    "DESCRIPTION": "Получите !B! Защиты. NL Получает дополнительные !M! Защиты за каждое ваше ослабление."
  },
  "hermit:Horror": {
    "NAME": "Ужас",
    "DESCRIPTION": "Накладывает !M! hermit:Травмы на ВСЕХ врагов. NL hermit:Травма не спадает в этом ходу."
  },
  "hermit:NoHoldsBarred": {
    "NAME": "Без правил",
    "DESCRIPTION": "Наносит !D! урона и накладывает !M! hermit:Травмы на ВСЕХ врагов. NL В следующем ходу получите на 1 [E] меньше."
  },
  "hermit:Cheat": {
    "NAME": "Обман",
    "DESCRIPTION": "Разыграйте одну из верхних !M! карт стопки добора. NL hermit:В_яблочко: Также активируйте её эффект hermit:В_яблочко."
  },
  "hermit:Vantage": {
    "NAME": "Преимущество",
    "DESCRIPTION": "Получите !B! Защиты. NL hermit:В_яблочко: Возьмите и улучшите карту.",
    "UPGRADE_DESCRIPTION": "Получите !B! Защиты. NL hermit:В_яблочко: Возьмите и улучшите !M! карт."
  },
  "hermit:Brawl": {
    "NAME": "Потасовка",
    "DESCRIPTION": "В начале вашего хода накладывает !M! hermit:Травмы на ВСЕХ врагов."
  },
  "hermit:Combo": {
    "NAME": "Комбо",
    "DESCRIPTION": "Первая карта с hermit:В_яблочко, сработавшая в ход, возвращается в руку.",
    "UPGRADE_DESCRIPTION": "Первые !M! карт с hermit:В_яблочко, сработавшие в ход, возвращаются в руку."
  },
  "hermit:BigShot": {
    "NAME": "Дымящийся ствол",
    "DESCRIPTION": "Каждый раз, когда вы активируете hermit:В_яблочко, ваша следующая атака наносит на !M! урона больше."
  },
  "hermit:OverwhelmingPower": {
    "NAME": "Ошеломляющая сила",
    "DESCRIPTION": "Получите [E] [E] [E]. NL Возьмите !hermit:SecondMagic! карт. NL Каждый раз, заканчивая ход с 0 Энергии, теряйте !M! ОЗ."
  },
  "hermit:Maintenance": {
    "NAME": "Обслуживание",
    "DESCRIPTION": "*Удары наносят на !M! урона больше в этом бою. NL Получите !hermit:SecondMagic! Ловкости. NL В этом бою эта карта стоит на 1 больше."
  },
  "hermit:EternalForm": {
    "NAME": "Вечная форма",
    "DESCRIPTION": "Эфирная. NL Первые 4 играбельные карты, взятые в начале каждого хода, стоят на 1 меньше в этом ходу.",
    "UPGRADE_DESCRIPTION": "Первые 4 играбельные карты, взятые в начале каждого хода, стоят на 1 меньше в этом ходу."
  },
  "hermit:FullyLoaded": {
    "NAME": "Полная загрузка",
    "DESCRIPTION": "Положите ВСЕ *Удары и *Обороны из стопки добора в руку. NL Сжигается.",
    "UPGRADE_DESCRIPTION": "Оставляется. NL Положите ВСЕ *Удары и *Обороны из стопки добора в руку. NL Сжигается."
  },
  "hermit:Gestalt": {
    "NAME": "Гештальт",
    "DESCRIPTION": "Получите 2 hermit:Стойкости. NL Получите !M! Уязвимости. NL Сжигается."
  },
  "hermit:RoundhouseKick": {
    "NAME": "Удар с разворота",
    "DESCRIPTION": "Наносит !D! урона ВСЕМ врагам. NL hermit:Оглушает тех, кто не собирается атаковать. NL Сжигается."
  },
  "hermit:CursedWeapon": {
    "NAME": "Проклятое оружие",
    "DESCRIPTION": "Потеряйте !M! ОЗ. NL Наносит !D! урона. NL *Проклятые *Оружия навсегда наносят на !hermit:SecondMagic! урона больше. Сжигается."
  },
  "hermit:Enervate": {
    "NAME": "Обессилить",
    "DESCRIPTION": "Наносит !D! урона. NL hermit:В_яблочко: NL Получите [E] и возьмите карту."
  },
  "hermit:Ricochet": {
    "NAME": "Рикошет",
    "DESCRIPTION": "Наносит !D! урона. Повторяется по случайному врагу за каждый сработавший в этом ходу эффект hermit:В_яблочко.",
    "EXTENDED_DESCRIPTION": [" NL (Повторяется !M! ", "раз.)", "раза.)"]
  },
  "hermit:TrackingShot": {
    "NAME": "Прицельная стрельба",
    "DESCRIPTION": "hermit:Концентрация. NL Наносит !D! урона дважды."
  },
  "hermit:LoneWolf": {
    "NAME": "Одинокий волк",
    "DESCRIPTION": "Выберите карту. NL В этом ходу она стоит 0. NL Сбросьте остаток руки."
  },
  "hermit:HighNoon": {
    "NAME": "Полдень",
    "DESCRIPTION": "Каждый раз, когда вы играете *Удар или *Оборону, берите карту."
  },
  "hermit:Reprieve": {
    "NAME": "Передышка",
    "DESCRIPTION": "Эфирная. NL Восстановите !M! ОЗ. NL Сжигается."
  },
  "hermit:TakeAim": {
    "NAME": "Прицеливание",
    "DESCRIPTION": "В начале вашего хода получайте hermit:Концентрацию.",
    "UPGRADE_DESCRIPTION": "hermit:Концентрация. NL В начале вашего хода получайте hermit:Концентрацию."
  },
  "hermit:Magnum": {
    "NAME": "Магнум",
    "DESCRIPTION": "Сбросьте 6 карт. NL За каждую карту наносит !D! урона."
  },
  "hermit:Determination": {
    "NAME": "Решимость",
    "DESCRIPTION": "Каждый раз, когда на вас накладывают ослабление, получайте 1 Силы.",
    "UPGRADE_DESCRIPTION": "Врождённая. NL Каждый раз, когда на вас накладывают ослабление, получайте 1 Силы."
  },
  "hermit:Showdown": {
    "NAME": "Развязка",
    "DESCRIPTION": "Наносит !D! урона. NL Разыграйте все *Удары в руке."
  },
  "hermit:LuckOfTheDraw": {
    "NAME": "Удача новичка",
    "DESCRIPTION": "Берите карты, пока их общая стоимость не станет !M! или больше."
  },
  "hermit:Coalescence": {
    "NAME": "Слияние",
    "DESCRIPTION": "Получите !B! Защиты. NL Сохраните до !M! карт в этом ходу."
  },
  "hermit:PistolWhip": {
    "NAME": "Удар пистолетом",
    "DESCRIPTION": "Наносит !D! урона. NL Накладывает !M! hermit:Травмы."
  },
  "hermit:DeadMansHand": {
    "NAME": "Рука мертвеца",
    "DESCRIPTION": "Сбросьте руку. Добавьте в руку !M! самых редких карт из стопки добора."
  },
  "hermit:DeadOrAlive": {
    "NAME": "Мёртв или жив",
    "DESCRIPTION": "Наносит !D! урона X раз. NL При убийстве получайте hermit:Награду. NL Сжигается."
  },
  "hermit:GoldenBullet": {
    "NAME": "Золотая пуля",
    "DESCRIPTION": "Наносит !D! урона. NL При убийстве навсегда уменьшите стоимость этой карты на 1. NL Сжигается."
  },
  "hermit:HoleUp": {
    "NAME": "Залечь на дно",
    "DESCRIPTION": "Получите !B! Защиты. NL Получите !M! Слабости."
  },
  "hermit:ItchyTrigger": {
    "NAME": "Зудящий палец",
    "DESCRIPTION": "Наносит !D! урона. NL hermit:В_яблочко: Уменьшите стоимость случайной карты в руке на !M! в этом ходу."
  },
  "hermit:EyeOfTheStorm": {
    "NAME": "Глаз бури",
    "DESCRIPTION": "hermit:Концентрация. NL Получите Энергию до максимума. NL Сжигается."
  },
  "hermit:FinalCanter": {
    "NAME": "Последний рывок",
    "DESCRIPTION": "Оставляется. NL Наносит !D! урона за каждое Проклятие в руке. NL Сжигается.",
    "UPGRADE_DESCRIPTION": " NL (У вас !M! Проклятие.)",
    "EXTENDED_DESCRIPTION": [" NL (У вас !M! Проклятий.)"]
  },
  "hermit:HeroicBravado": {
    "NAME": "Героическая бравада",
    "DESCRIPTION": "Эфирная. NL Получите 1 hermit:Стойкости. NL Увеличьте стоимость этой карты на !M! в этом бою."
  },
  "hermit:FromBeyond": {
    "NAME": "Из потусторонья",
    "DESCRIPTION": "За каждую карту в стопке сброса случайный враг теряет !M! ОЗ."
  },
  "hermit:Virtue": {
    "NAME": "Добродетель",
    "DESCRIPTION": "Оставляется. NL Уменьшите каждое ваше ослабление на !M!."
  }
}