[
  {
    "PROPER_NAME": "В яблочко",
    "NAMES": [
      "в яблочко",
      "В яблочко",
      "В_яблочко",
      "в_яблочко",
      "Dead On",
      "Dead_On",
      "dead_on",
      "deadon"
    ],
    "DESCRIPTION": "Карты с эффектом «В яблочко» получают бонус, если находятся в центре вашей руки."
  },
  {
    "PROPER_NAME": "Концентрация",
    "NAMES": [
      "концентрация",
      "концентрации",
      "концентрацию",
      "Концентрация",
      "Концентрацию",
      "Concentrate",
      "concentrate",
      "concentrated",
      "Concentrated"
    ],
    "DESCRIPTION": "Следующая карта с #yВ #yяблочко, сыгранная во время #yКонцентрации, активирует эффект независимо от положения. Истекает в конце хода."
  },
  {
    "ID": "bruise",
    "PROPER_NAME": "Травма",
    "NAMES": [
      "травма",
      "травмы",
      "травму",
      "травме",
      "травмирован",
      "травмированы",
      "bruise",
      "bruised"
    ],
    "DESCRIPTION": "Травмированные цели получают больше урона от атак. Истекает в конце хода."
  },
  {
    "ID": "rugged",
    "PROPER_NAME": "Стойкость",
    "NAMES": [
      "стойкость",
      "стойкости",
      "стойкостью",
      "rugged"
    ],
    "DESCRIPTION": "Уменьшает следующий получаемый урон от атаки до #b2."
  },
  {
    "PROPER_NAME": "Награда",
    "NAMES": [
      "награда",
      "награду",
      "награды",
      "bounty"
    ],
    "DESCRIPTION": "Обычный враг: #b15 золота. NL Элитный враг: #b40 золота. NL Босс: #b100 золота."
  },
  {
    "PROPER_NAME": "Оглушение",
    "NAMES": [
      "оглушение",
      "оглушения",
      "оглушает",
      "оглушён",
      "оглушены",
      "оглушённый",
      "stun",
      "Stun",
      "stunned",
      "Stunned"
    ],
    "DESCRIPTION": "Оглушённые враги пропускают свой ход."
  }
]