{
  "hermit:Tonic": {
    "NAME": "Тоник",
    "DESCRIPTIONS": [
      "Даёт #b",
      " #yСтойкости."
    ]
  },
  "hermit:BlackBile": {
    "NAME": "Чёрная желчь",
    "DESCRIPTIONS": [
      "Накладывает #b",
      " #yТравмы."
    ]
  },
  "hermit:Eclipse": {
    "NAME": "Жидкая Бездна",
    "DESCRIPTIONS": [
      "Положите #b",
      " карту из стопки сброса в руку. В этом ходу она стоит #b0.",
      " карты из стопки сброса в руку. В этом ходу они стоят #b0."
    ]
  }
}