{
  "hermit:Concentration": {
    "NAME": "Концентрация",
    "DESCRIPTIONS": [
      "Следующая карта с #yВ #yяблочко, сыгранная в этом ходу, активирует эффект независимо от положения."
    ]
  },
  "hermit:HighNoonPower": {
    "NAME": "Полдень",
    "DESCRIPTIONS": [
      "Каждый раз, когда вы играете #yУдар или #yОборону, берите #b",
      " карту.",
      " карты."
    ]
  },
  "hermit:FatalDesirePower": {
    "NAME": "Роковое желание",
    "DESCRIPTIONS": [
      "В начале вашего хода берите #b",
      " карт и добавляйте в руку #b",
      " #yТравму.",
      " #yТравмы."
    ]
  },
  "hermit:ShadowCloakPower": {
    "NAME": "Теневой плащ",
    "DESCRIPTIONS": [
      "Каждый раз, когда вы берёте или #yСжигаете #rПроклятие, получайте #b",
      " Защиты."
    ]
  },
  "hermit:TakeAimPower": {
    "NAME": "Прицеливание",
    "DESCRIPTIONS": [
      "В начале вашего хода получайте #yКонцентрацию."
    ]
  },
  "hermit:AdaptPower": {
    "NAME": "Адаптация",
    "DESCRIPTIONS": [
      "В начале вашего хода вы можете #yСжечь до #b",
      " карт, чтобы получить #b8 Защиты за каждую.",
      " карт. Получите #b8 Защиты за каждую."
    ]
  },
  "hermit:Bruise": {
    "NAME": "Травма",
    "DESCRIPTIONS": [
      "В этом ходу цель получает на #b",
      " урона больше от атак."
    ]
  },
  "hermit:HorrorPower": {
    "NAME": "Ужас",
    "DESCRIPTIONS": [
      "Травма не спадает в течение #b",
      " хода.",
      " ходов."
    ]
  },
  "hermit:ComboPower": {
    "NAME": "Комбо",
    "DESCRIPTIONS": [
      "Первые #b",
      " карты с #yВ #yяблочко, сработавшие в этом ходу, возвращаются в руку.",
      " карт с #yВ #yяблочко, сработавшие в этом ходу, возвращаются в руку."
    ]
  },
  "hermit:BigShotPower": {
    "NAME": "Дымящийся ствол",
    "DESCRIPTIONS": [
      "Каждый раз, когда вы активируете #yВ #yяблочко, ваша следующая атака наносит на #b",
      " урона больше."
    ]
  },
  "hermit:BrawlPower": {
    "NAME": "Потасовка",
    "DESCRIPTIONS": [
      "В начале вашего хода накладывает #b",
      " Травмы на ВСЕХ врагов."
    ]
  },
  "hermit:Rugged": {
    "NAME": "Стойкость",
    "DESCRIPTIONS": [
      "Следующие #b",
      " раза, когда вы должны получить неблокируемый урон от атаки, уменьшайте его до #b2.",
      " раз, когда вы должны получить неблокируемый урон от атаки, уменьшайте его до #b2."
    ]
  },
  "hermit:EternalPower": {
    "NAME": "Вечная сила",
    "DESCRIPTIONS": [
      "Первые 4 играбельные карты, взятые в начале каждого хода, стоят на #b",
      " меньше в этом ходу."
    ]
  },
  "hermit:OverwhelmingPowerPower": {
    "NAME": "Ошеломляющая сила",
    "DESCRIPTIONS": [
      "Теряйте #b",
      " ОЗ, если заканчиваете ход с #b0 Энергии."
    ]
  },
  "hermit:Bounty": {
    "NAME": "Награда",
    "DESCRIPTIONS": [
      "Текущая награда: #b"
    ]
  },
  "hermit:Drained": {
    "NAME": "Истощение",
    "DESCRIPTIONS": [
      "В следующем ходу получите на #b",
      " [E] меньше."
    ]
  },
  "hermit:DeterminationPower": {
    "NAME": "Решимость",
    "DESCRIPTIONS": [
      "Каждый раз, когда на вас накладывают ослабление, получайте #b",
      " #yСилы."
    ]
  },
  "hermit:RyeStalkPower": {
    "NAME": "Стебель ржи",
    "DESCRIPTIONS": [
      "В конце этого хода вы можете #yСохранить любое количество карт."
    ]
  },
  "hermit:PetGhostPower": {
    "NAME": "Призрачный питомец",
    "DESCRIPTIONS": [
      "Вы не можете умереть. Умрёте в конце",
      " следующего хода.",
      " этого хода."
    ]
  },
  "hermit:SnipePower": {
    "NAME": "Снайперский выстрел",
    "DESCRIPTIONS": [
      "В этом ходу следующие #b",
      " эффект #yВ #yяблочко срабатывает дважды.",
      " эффектов #yВ #yяблочко срабатывают дважды."
    ]
  },
  "hermit:CoalescencePower": {
    "NAME": "Слияние",
    "DESCRIPTIONS": [
      "В конце вашего хода можете #yСохранить до #b",
      " карты.",
      " карт."
    ]
  },
  "hermit:ReprievePower": {
    "NAME": "Передышка",
    "DESCRIPTIONS": [
      "Получите #b",
      " дополнительный ход после этого.",
      " дополнительных хода после этого."
    ]
  },
  "hermit:MaintenanceStrikePower": {
    "NAME": "Обслуживание",
    "DESCRIPTIONS": [
      "Ваши #yУдары наносят на #b",
      " урона больше."
    ]
  }
}