{
  "hermit:Momento": {
    "NAME": "Старый кулон",
    "FLAVOR": "Внутри выцветшая фотография.",
    "DESCRIPTIONS": [
      "В начале каждого боя добавляет в руку карту #yНапоминание."
    ]
  },
  "hermit:RyeStalk": {
    "NAME": "Стебель ржи",
    "FLAVOR": "Всё ещё свежий, несмотря на то, что его так долго жевали.",
    "DESCRIPTIONS": [
      "Каждый раз, когда вы теряете ОЗ во время хода врага, берите #b1 карту."
    ]
  },
  "hermit:BartenderGlass": {
    "NAME": "Рюмка",
    "FLAVOR": "Любая жидкость внутри превращается во что-то иное.",
    "DESCRIPTIONS": [
      "Первые #b",
      "Вы больше не можете использовать зелья в этом бою.",
      " раза за бой, когда вы используете зелье, получайте случайное зелье. Вы можете использовать только #b",
      " зелья за бой."
    ]
  },
  "hermit:Horseshoe": {
    "NAME": "Подкова",
    "FLAVOR": "Талисман на удачу. Кто-то будет её искать.",
    "DESCRIPTIONS": [
      "Каждый раз, когда вы получаете #yСлабость, #yХрупкость или #yУязвимость, получайте на #b1 меньше."
    ]
  },
  "hermit:Spyglass": {
    "NAME": "Подзорная труба",
    "FLAVOR": "Собственность Кестина Хайфина.",
    "DESCRIPTIONS": [
      "Если вы заканчиваете ход с #yhermit:Концентрацией, в следующем ходу получайте дополнительно [E]."
    ]
  },
  "hermit:RedScarf": {
    "NAME": "Красный шарф",
    "FLAVOR": "Тёплый и пушистый.",
    "DESCRIPTIONS": [
      "Каждый раз, когда вы накладываете новое ослабление на врага, получайте #b",
      " #yЗащиты."
    ]
  },
  "hermit:DentedPlate": {
    "NAME": "Смятая пластина",
    "FLAVOR": "Внутри всё ещё застряло несколько пуль.",
    "DESCRIPTIONS": [
      "Пока у вас #b50% ОЗ или меньше, в начале хода получайте [E] и берите #b1 карту."
    ]
  },
  "hermit:PetGhost": {
    "NAME": "Призрачный питомец",
    "FLAVOR": "Бедняга.",
    "DESCRIPTIONS": [
      "Предотвращает первую летальную потерю ОЗ в каждом бою."
    ]
  },
  "hermit:CharredGlove": {
    "NAME": "Обгоревшая перчатка",
    "FLAVOR": "Части перчатки всё ещё тлеют потусторонними искрами.",
    "DESCRIPTIONS": [
      "Каждый раз, когда вы берёте #rПроклятие, ваша следующая атака наносит на #b",
      " урона больше."
    ]
  },
  "hermit:ClaspedLocket": {
    "NAME": "Закрытый кулон",
    "FLAVOR": "Он больше никогда не откроется.",
    "DESCRIPTIONS": [
      "Заменяет #yСтарый #yкулон. Первый раз, когда вы берёте #rПроклятие в ход, #yСжигайте его и берите #b",
      "Больше никогда...",
      " карт. При получении получайте #b",
      " #rТравмы."
    ]
  },
  "hermit:StraightRazor": {
    "NAME": "Опасная бритва",
    "FLAVOR": "Для более чистого бритья...",
    "DESCRIPTIONS": [
      "Каждый раз, когда вы удаляете или #yПреобразуете карту из колоды, восстанавливайте #b",
      " ОЗ."
    ]
  },
  "hermit:BrassTacks": {
    "NAME": "Латунные гвозди",
    "FLAVOR": "Блеск на этих гвоздях, кажется, никогда не тускнеет.",
    "DESCRIPTIONS": [
      "В конце вашего хода получайте #b",
      " #yЗащиты."
    ]
  },
  "hermit:BlackPowder": {
    "NAME": "Чёрный порох",
    "FLAVOR": "Обращаться с осторожностью.",
    "DESCRIPTIONS": [
      "Каждый раз, когда вы активируете #yhermit:В_яблочко, наносите #b",
      " урона ВСЕМ врагам."
    ]
  },
  "hermit:BloodyTooth": {
    "NAME": "Сломанный зуб",
    "FLAVOR": "Выглядит слишком большим, чтобы принадлежать человеческой челюсти...",
    "DESCRIPTIONS": [
      "Каждый раз, когда вы побеждаете Элитного врага, восстанавливайте #b",
      " ОЗ и получайте #b",
      " золота."
    ]
  }
}