{
  "HermitMod:HermitTutorials": {
    "TEXT": [
      "У Отшельника есть карты с эффектом #yВ #yяблочко. NL NL #yВ #yяблочко срабатывает, когда карта находится в центре вашей руки.",
      "Если в руке чётное количество карт, #yобе центральные карты считаются, даже если это единственные карты в руке."
    ],
    "LABEL": [
      "Далее",
      "Понятно",
      "В яблочко",
      "(Страница: ",
      ")"
    ]
  },
  "HermitMod:GuardianTutorials": {
    "TEXT": [
      "Страж может свернуться в клубок, накопив достаточно Подготовки.",
      "Также он может вставлять Самоцветы в карты, чтобы усилить их эффекты."
    ],
    "LABEL": [
      "Далее",
      "Понятно",
      "Страж",
      "(Страница: ",
      ")"
    ]
  },
  "HermitMod:HexaghostTutorials": {
    "TEXT": [
      "Гексапризрак черпает силу, заряжая свои Призрачные пламени.",
      "Чтобы зарядить пламя, выполняйте определённые действия, пока оно активно."
    ],
    "LABEL": [
      "Далее",
      "Понятно",
      "Гексапризрак",
      "(Страница: ",
      ")"
    ]
  },
  "HermitMod:CharbossTutorials": {
    "TEXT": [
      "Вражеские Герои обладают мощными способностями, которые могут потребовать изменения вашей стратегии.",
      "Всегда проверяйте усиления героя перед боем."
    ],
    "LABEL": [
      "Далее",
      "Понятно",
      "Убийцы Шпиля",
      "(Страница: ",
      ")"
    ]
  },
  "HermitMod:ChampTutorials": {
    "TEXT": [
      "Чемпион может переключаться между двумя боевыми стойками: Стойкой Берсерка и Оборонительной стойкой. Разыгрывание Навыков в этих стойках активирует их бонусы до трёх раз.",
      "Также он может использовать мощные Финишеры, находясь в этих стойках, ценой выхода из них."
    ],
    "LABEL": [
      "Далее",
      "Понятно",
      "Чемпион",
      "(Страница: ",
      ")"
    ]
  },
  "HermitMod:AutomatonTutorials": {
    "TEXT": [
      "Автоматон может использовать карты Кодирования, чтобы добавить до трёх карт в Последовательность и объединить их в единую карту Функции.",
      "Некоторые карты имеют особые эффекты Компиляции, которые срабатывают при объединении в Функцию. Они могут быть как положительными, так и отрицательными (тогда это называется Ошибкой компиляции)."
    ],
    "LABEL": [
      "Далее",
      "Понятно",
      "Автоматон",
      "(Страница: ",
      ")"
    ]
  },
  "HermitMod:SneckoTutorials": {
    "TEXT": [
      "Змекко может Запутывать карты, временно меняя их стоимость на случайное число от 0 до 3. Запутывание всегда меняет стоимость и никогда не оставляет её прежней.",
      "Также они могут находить карты Даров, которые дают им карты других персонажей."
    ],
    "LABEL": [
      "Далее",
      "Понятно",
      "Змекко",
      "(Страница: ",
      ")"
    ]
  },
  "HermitMod:GremlinsTutorials": {
    "TEXT": [
      "Гремлины — это пять персонажей в одном, и у каждого свои уникальные эффекты и запас ОЗ.",
      "Вы можете переключаться между ними с помощью определённых карт."
    ],
    "LABEL": [
      "Далее",
      "Понятно",
      "Гремлины",
      "(Страница: ",
      ")"
    ]
  },
  "HermitMod:SlimeBossTutorials": {
    "TEXT": [
      "Слизнебосс может покрывать врагов Слизью, увеличивая урон, который они получат при следующей атаке, а затем снимая всю Слизь и активируя эффекты Потребления.",
      "Также он может Разделяться на миньонов-слизней, которые атакуют в начале его хода и по его Команде."
    ],
    "LABEL": [
      "Далее",
      "Понятно",
      "Слизнебосс",
      "(Страница: ",
      ")"
    ]
  },
  "HermitMod:CollectorTutorials": {
    "TEXT": [
      "Коллекционер собирает Эссенции с врагов. Вы можете тратить Эссенции, чтобы добавить их духи в свою Коллекцию.",
      "Коллекция — это отдельная колода. Вы берёте из неё одну карту в ход."
    ],
    "LABEL": [
      "Далее",
      "Понятно",
      "Коллекционер",
      "(Страница: ",
      ")"
    ]
  },
  "HermitMod:AwakenedOneTutorials": {
    "TEXT": [
      "У Пробуждённого есть мощный набор карт Заклинаний, находящихся в его Книге заклинаний.",
      "Каждый раз, когда вы играете карту с Призывом, вы берёте из неё одну карту. Опустошение Книги заклинаний обновляет все Заклинания."
    ],
    "LABEL": [
      "Далее",
      "Понятно",
      "Пробуждённый",
      "(Страница: ",
      ")"
    ]
  }
}