{
  "sneckomod:Blunderbus": {
    "NAME": "Мушкетон",
    "DESCRIPTION": "Наносит !D! урона ВСЕМ врагам. NL Повторяется за каждую карту в руке стоимостью 3 и более."
  },
  "sneckomod:Tsunami": {
    "NAME": "Цунами",
    "DESCRIPTION": "Эффекты sneckomod:Перебора также дают !M! Защиты."
  },
  "sneckomod:CheapStock": {
    "NAME": "Дешёвые акции",
    "DESCRIPTION": "В начале вашего хода sneckomod:Спутывает самую дорогую карту в вашей руке.",
    "UPGRADE_DESCRIPTION": "В начале вашего хода sneckomod:Спутывает !M! самых дорогих карт в вашей руке."
  },
  "sneckomod:Cheat": {
    "NAME": "Чистая удача",
    "DESCRIPTION": "Эта карта не должна была встретиться вам в вылазке. NL Если вы видите это, вы, скорее всего, наткнулись на баг. NL Пожалуйста, сообщите об этом разработчикам мода.",
    "UPGRADE_DESCRIPTION": "Эта карта не должна была встретиться вам в вылазке. NL Если вы видите это, вы, скорее всего, наткнулись на баг. NL Пожалуйста, сообщите об этом разработчикам мода.",
    "EXTENDED_DESCRIPTION": [
      "ПРИМЕЧАНИЕ ДЛЯ ЛОКАЛИЗАТОРА: Вы можете просто скопировать этот перевод для всех этих удалённых карт."
    ]
  },
  "sneckomod:DangerNoodle": {
    "NAME": "Опасная змейка",
    "DESCRIPTION": "Наносит !D! урона. NL sneckomod:Спутывает карту. NL sneckomod:Дарит: карту стоимостью 3+.",
    "DESCRIPTION_BATTLE": "Наносит !D! урона. NL sneckomod:Спутывает карту."
  },
  "sneckomod:Deception": {
    "NAME": "Обман",
    "DESCRIPTION": "Даёт !B! Защиты. NL Добавляет в руку *Силовую *волну. NL Сжигается."
  },
  "sneckomod:Defend": {
    "NAME": "Оборона",
    "DESCRIPTION": "Даёт !B! Защиты."
  },
  "sneckomod:DefensiveFlair": {
    "NAME": "Защитное чутьё",
    "DESCRIPTION": "Даёт !B! Защиты, увеличенную на !M! за каждую sneckomod:Внеклассовую карту в руке. NL sneckomod:Дарит: необычную карту.",
    "DESCRIPTION_BATTLE": "Даёт !B! Защиты, увеличенную на !M! за каждую sneckomod:Внеклассовую карту в руке."
  },
  "sneckomod:DiceBlock": {
    "NAME": "Блок щитом",
    "DESCRIPTION": "Даёт !B! Защиты. NL sneckomod:Перебор: даёт !B! Защиты ещё раз."
  },
  "sneckomod:DiceBoulder": {
    "NAME": "Кость-валун",
    "DESCRIPTION": "Даёт !B! Защиты. NL Увеличивает Защиту этой карты на !M! и её стоимость на !qqq! в этом бою."
  },
  "sneckomod:DiceCrush": {
    "NAME": "Раздавить костями",
    "DESCRIPTION": "Наносит !D! урона. NL sneckomod:Перебор: вы берёте 2 карты."
  },
  "sneckomod:DragonsHoard": {
    "NAME": "Сокровище дракона",
    "DESCRIPTION": "Эфирная. NL Даёт !M! Силы. NL Даёт !M! Ловкости.",
    "UPGRADE_DESCRIPTION": "Даёт !M! Силы. NL Даёт !M! Ловкости."
  },
  "sneckomod:FourOfAKind": {
    "NAME": "Четверной ряд",
    "DESCRIPTION": "Эта карта не должна была встретиться вам в вылазке. NL Если вы видите это, вы, скорее всего, наткнулись на баг. NL Пожалуйста, сообщите об этом разработчикам мода.",
    "UPGRADE_DESCRIPTION": "Эта карта не должна была встретиться вам в вылазке. NL Если вы видите это, вы, скорее всего, наткнулись на баг. NL Пожалуйста, сообщите об этом разработчикам мода.",
    "EXTENDED_DESCRIPTION": [
      "ПРИМЕЧАНИЕ ДЛЯ ЛОКАЛИЗАТОРА: Вы можете просто скопировать этот перевод для всех этих удалённых карт."
    ]
  },
  "sneckomod:GlitteringGambit": {
    "NAME": "Блестящий гамбит",
    "DESCRIPTION": "Неиграбельная. NL Не может быть удалена из колоды. NL sneckomod:Дарит: улучшенную редкую карту и !M! золота.",
    "UPGRADE_DESCRIPTION": "Неиграбельная. Эфирная. NL Не может быть удалена из колоды. NL sneckomod:Дарит: улучшенную редкую карту и !M! золота.",
    "DESCRIPTION_BATTLE": "Неиграбельная.",
    "UPGRADE_DESCRIPTION_BATTLE": "Неиграбельная. NL Эфирная."
  },
  "sneckomod:ImmovableObject": {
    "NAME": "Недвижимый объект",
    "DESCRIPTION": "Эта карта не должна была встретиться вам в вылазке. NL Если вы видите это, вы, скорее всего, наткнулись на баг. NL Пожалуйста, сообщите об этом разработчикам мода.",
    "EXTENDED_DESCRIPTION": [
      "ПРИМЕЧАНИЕ ДЛЯ ЛОКАЛИЗАТОРА: Вы можете просто скопировать этот перевод для всех этих удалённых карт."
    ]
  },
  "sneckomod:IronFang": {
    "NAME": "Железный клык",
    "DESCRIPTION": "Наносит !D! урона и накладывает !M! Слабости ВСЕМ врагам."
  },
  "sneckomod:ImprovisedAttack": {
    "NAME": "Импровизированная атака",
    "DESCRIPTION": "Эта карта не должна была встретиться вам в вылазке. NL Если вы видите это, вы, скорее всего, наткнулись на баг. NL Пожалуйста, сообщите об этом разработчикам мода.",
    "EXTENDED_DESCRIPTION": [
      "ПРИМЕЧАНИЕ ДЛЯ ЛОКАЛИЗАТОРА: Вы можете просто скопировать этот перевод для всех этих удалённых карт."
    ]
  },
  "sneckomod:ImprovisedGuard": {
    "NAME": "Импровизированная оборона",
    "DESCRIPTION": "Эта карта не должна была встретиться вам в вылазке. NL Если вы видите это, вы, скорее всего, наткнулись на баг. NL Пожалуйста, сообщите об этом разработчикам мода.",
    "EXTENDED_DESCRIPTION": [
      "ПРИМЕЧАНИЕ ДЛЯ ЛОКАЛИЗАТОРА: Вы можете просто скопировать этот перевод для всех этих удалённых карт."
    ]
  },
  "sneckomod:LuckyBreak": {
    "NAME": "Счастливый случай",
    "DESCRIPTION": "Даёт !B! Защиты. NL Вы берёте !M! карту за каждую карту в руке стоимостью 2 и более."
  },
  "sneckomod:Nope": {
    "NAME": "Не-а",
    "DESCRIPTION": "Даёт !B! Защиты. NL Сжигает карту. Если у неё был цвет, даёт случайную карту того же класса.",
    "UPGRADE_DESCRIPTION": "Даёт !B! Защиты. NL Сжигает карту. Если у неё был цвет, даёт случайную карту того же класса.",
    "EXTENDED_DESCRIPTION": [
      "Сжечь для Не-а."
    ]
  },
  "sneckomod:SnakeEyes": {
    "NAME": "Мастер-глаз",
    "DESCRIPTION": "В этом ходу ваша следующая sneckomod:Внеклассовая карта разыгрывается дважды. NL sneckomod:Дарит: редкий навык.",
    "UPGRADE_DESCRIPTION": "В этом ходу ваши следующие 2 sneckomod:Внеклассовые карты разыгрываются дважды. NL sneckomod:Дарит: редкий навык.",
    "DESCRIPTION_BATTLE": "В этом ходу ваша следующая sneckomod:Внеклассовая карта разыгрывается дважды.",
    "UPGRADE_DESCRIPTION_BATTLE": "В этом ходу ваши следующие 2 sneckomod:Внеклассовые карты разыгрываются дважды."
  },
  "sneckomod:Memorize": {
    "NAME": "Заучить",
    "DESCRIPTION": "Эта карта не должна была встретиться вам в вылазке. NL Если вы видите это, вы, скорее всего, наткнулись на баг. NL Пожалуйста, сообщите об этом разработчикам мода.",
    "UPGRADE_DESCRIPTION": "Эта карта не должна была встретиться вам в вылазке. NL Если вы видите это, вы, скорее всего, наткнулись на баг. NL Пожалуйста, сообщите об этом разработчикам мода.",
    "EXTENDED_DESCRIPTION": [
      " для Опознания.",
      "ПРИМЕЧАНИЕ ДЛЯ ЛОКАЛИЗАТОРА: Вы можете просто скопировать этот перевод для всех этих удалённых карт."
    ]
  },
  "sneckomod:MintCondition": {
    "NAME": "Отличный сохран",
    "DESCRIPTION": "sneckomod:Перебор: даёт !M! Силы."
  },
  "sneckomod:MixItUp": {
    "NAME": "Вперемешку!",
    "DESCRIPTION": "Эта карта не должна была встретиться вам в вылазке. NL Если вы видите это, вы, скорее всего, наткнулись на баг. NL Пожалуйста, сообщите об этом разработчикам мода.",
    "EXTENDED_DESCRIPTION": [
      "ПРИМЕЧАНИЕ ДЛЯ ЛОКАЛИЗАТОРА: Вы можете просто скопировать этот перевод для всех этих удалённых карт."
    ]
  },
  "sneckomod:MorePower": {
    "NAME": "Больше силы!",
    "DESCRIPTION": "Эта карта не должна была встретиться вам в вылазке. NL Если вы видите это, вы, скорее всего, наткнулись на баг. NL Пожалуйста, сообщите об этом разработчикам мода.",
    "EXTENDED_DESCRIPTION": [
      "ПРИМЕЧАНИЕ ДЛЯ ЛОКАЛИЗАТОРА: Вы можете просто скопировать этот перевод для всех этих удалённых карт."
    ]
  },
  "sneckomod:Mudshield": {
    "NAME": "Щитоспут",
    "DESCRIPTION": "Когда вы sneckomod:Спутываете карту, даёт !M! Защиты."
  },
  "sneckomod:OverwhelmingPresence": {
    "NAME": "Подавляющий",
    "DESCRIPTION": "Эфирная. NL Первая sneckomod:Внеклассовая карта, разыгранная вами в ход, даёт вам [E] и позволяет взять карту.",
    "UPGRADE_DESCRIPTION": "Первая sneckomod:Внеклассовая карта, разыгранная вами в ход, даёт вам [E] и позволяет взять карту."
  },
  "sneckomod:RiskySword": {
    "NAME": "Рискованный меч",
    "DESCRIPTION": "Наносит !D! урона. NL Когда эта карта sneckomod:Спутывается, её урон в этом бою увеличивается на !M!."
  },
  "sneckomod:PoisonParadise": {
    "NAME": "Фонтан",
    "DESCRIPTION": "Эффекты sneckomod:Перебора также накладывают !M! sneckomod:Токсина на случайного врага."
  },
  "sneckomod:PureSnecko": {
    "NAME": "Сдвиг",
    "DESCRIPTION": "Берёт !M! карты и sneckomod:Спутывает их."
  },
  "sneckomod:QuickBite": {
    "NAME": "Змеиные царапки",
    "DESCRIPTION": "Наносит !D! урона. NL Берёт !M! карту и sneckomod:Спутывает её.",
    "UPGRADE_DESCRIPTION": "Наносит !D! урона. NL Берёт !M! карт и sneckomod:Спутывает их."
  },
  "sneckomod:QuickMove": {
    "NAME": "Резкое движение",
    "DESCRIPTION": "Даёт !B! Защиты. NL sneckomod:Перебор: накладывает !M! Уязвимости на ВСЕХ врагов."
  },
  "sneckomod:RainOfDice": {
    "NAME": "Дождь из костей",
    "DESCRIPTION": "Наносит !D! урона. NL sneckomod:Спутывает карту, затем добавляет в руку *Дождь *из *костей. NL Сжигается.",
    "UPGRADE_DESCRIPTION": "Наносит !D! урона. NL sneckomod:Спутывает карту, затем добавляет в руку *Дождь *из *костей+. NL Сжигается."
  },
  "sneckomod:Restock": {
    "NAME": "Пополнить",
    "DESCRIPTION": "Сбрасывает руку. NL Берёт !M! карт, затем sneckomod:Спутывает их. NL Сжигается."
  },
  "sneckomod:Rotation": {
    "NAME": "Вращение",
    "DESCRIPTION": "Эта карта не должна была встретиться вам в вылазке. NL Если вы видите это, вы, скорее всего, наткнулись на баг. NL Пожалуйста, сообщите об этом разработчикам мода.",
    "UPGRADE_DESCRIPTION": "Эта карта не должна была встретиться вам в вылазке. NL Если вы видите это, вы, скорее всего, наткнулись на баг. NL Пожалуйста, сообщите об этом разработчикам мода.",
    "EXTENDED_DESCRIPTION": [
      "ПРИМЕЧАНИЕ ДЛЯ ЛОКАЛИЗАТОРА: Вы можете просто скопировать этот перевод для всех этих удалённых карт."
    ]
  },
  "sneckomod:SerpentBottle": {
    "NAME": "Распродажа",
    "DESCRIPTION": "Берёт !qqq! карты. NL sneckomod:Спутывает карту. NL Сжигается.",
    "UPGRADE_DESCRIPTION": "Берёт !qqq! карты. NL sneckomod:Спутывает !M! карт. NL Сжигается."
  },
  "sneckomod:SerpentIdol": {
    "NAME": "Змеиный идол",
    "DESCRIPTION": "Выберите 1 из !M! случайных sneckomod:Внеклассовых карт, чтобы получить. В этом ходу она стоит 0. NL Сжигается."
  },
  "sneckomod:SerpentMind": {
    "NAME": "Экзотический облик",
    "DESCRIPTION": "Эфирная. В конце вашего хода даёт !M! Силы за каждый сыгранный уникальный цвет. NL sneckomod:Дарит: редкую карту.",
    "UPGRADE_DESCRIPTION": "В конце вашего хода даёт !M! Силы за каждый сыгранный уникальный цвет. NL sneckomod:Дарит: редкую карту.",
    "DESCRIPTION_BATTLE": "В конце вашего хода даёт !M! Силы за каждый сыгранный уникальный цвет."
  },
  "sneckomod:SlitherThrough": {
    "NAME": "Скользящий удар",
    "DESCRIPTION": "Наносит !D! урона. NL Снижает стоимость sneckomod:Внеклассовых карт в руке на !M! в этом ходу. NL sneckomod:Дарит: необычную карту.",
    "DESCRIPTION_BATTLE": "Наносит !D! урона. NL Снижает стоимость sneckomod:Внеклассовых карт в руке на !M! в этом ходу."
  },
  "sneckomod:SnakeSap": {
    "NAME": "Змеиное иссушение",
    "DESCRIPTION": "Эта карта не должна была встретиться вам в вылазке. NL Если вы видите это, вы, скорее всего, наткнулись на баг. NL Пожалуйста, сообщите об этом разработчикам мода.",
    "EXTENDED_DESCRIPTION": [
      "ПРИМЕЧАНИЕ ДЛЯ ЛОКАЛИЗАТОРА: Вы можете просто скопировать этот перевод для всех этих удалённых карт."
    ]
  },
  "sneckomod:SnekBeam": {
    "NAME": "Змекко-луч",
    "DESCRIPTION": "Наносит !D! урона. NL Даёт [E]."
  },
  "sneckomod:SnekBite": {
    "NAME": "Укус змекко",
    "DESCRIPTION": "Наносит !D! урона. NL sneckomod:Спутывает карту.",
    "UPGRADE_DESCRIPTION": "Наносит !D! урона. NL sneckomod:Спутывает !M! карт."
  },
  "sneckomod:SoulCleanse": {
    "NAME": "Очищение души",
    "DESCRIPTION": "Эта карта не должна была встретиться вам в вылазке. NL Если вы видите это, вы, скорее всего, наткнулись на баг. NL Пожалуйста, сообщите об этом разработчикам мода.",
    "UPGRADE_DESCRIPTION": "Эта карта не должна была встретиться вам в вылазке. NL Если вы видите это, вы, скорее всего, наткнулись на баг. NL Пожалуйста, сообщите об этом разработчикам мода.",
    "EXTENDED_DESCRIPTION": [
      "ПРИМЕЧАНИЕ ДЛЯ ЛОКАЛИЗАТОРА: Вы можете просто скопировать этот перевод для всех этих удалённых карт."
    ]
  },
  "sneckomod:SoulDraw": {
    "NAME": "Добор души",
    "DESCRIPTION": "Даёт !M! случайных sneckomod:Внеклассовых карт. Они получают Оставляется. NL Сжигается."
  },
  "sneckomod:SoulExchange": {
    "NAME": "Обмен души",
    "DESCRIPTION": "Оставляется. NL sneckomod:Спутывает вашу руку. NL Сжигается."
  },
  "sneckomod:SoulRoll": {
    "NAME": "Переброс души",
    "DESCRIPTION": "Оставляется. NL Даёт !B! Защиты. NL sneckomod:Спутывает карту. NL Сжигается."
  },
  "sneckomod:Strike": {
    "NAME": "Удар",
    "DESCRIPTION": "Наносит !D! урона."
  },
  "sneckomod:ToothAndClaw": {
    "NAME": "Зуб и коготь",
    "DESCRIPTION": "Наносит !D! урона. NL Даёт Заточку за каждый уникальный цвет в вашей руке. NL sneckomod:Дарит: необычную карту.",
    "UPGRADE_DESCRIPTION": "Наносит !D! урона. NL Даёт улучшенную Заточку за каждый уникальный цвет в вашей руке. NL sneckomod:Дарит: необычную карту.",
    "DESCRIPTION_BATTLE": "Наносит !D! урона. NL Даёт Заточку за каждый уникальный цвет в вашей руке.",
    "UPGRADE_DESCRIPTION_BATTLE": "Наносит !D! урона. NL Даёт улучшенную Заточку за каждый уникальный цвет в вашей руке."
  },
  "sneckomod:TyphoonFang": {
    "NAME": "Клык тайфуна",
    "DESCRIPTION": "Наносит !D! урона. NL sneckomod:Перебор: в этом ходу, когда вы вызываете sneckomod:Перебор, разыгрывает копию этой карты."
  },
  "sneckomod:Yearn": {
    "NAME": "Тоска",
    "DESCRIPTION": "Эта карта не должна была встретиться вам в вылазке. NL Если вы видите это, вы, скорее всего, наткнулись на баг. NL Пожалуйста, сообщите об этом разработчикам мода.",
    "EXTENDED_DESCRIPTION": [
      "ПРИМЕЧАНИЕ ДЛЯ ЛОКАЛИЗАТОРА: Вы можете просто скопировать этот перевод для всех этих удалённых карт."
    ]
  },
  "sneckomod:TailWhip": {
    "NAME": "Хлестнуть хвостом",
    "DESCRIPTION": "Наносит !D! урона. NL sneckomod:Перебор: накладывает !M! Слабости и Уязвимости."
  },
  "sneckomod:Transmogrify": {
    "NAME": "Превращение",
    "DESCRIPTION": "Эта карта не должна была встретиться вам в вылазке. NL Если вы видите это, вы, скорее всего, наткнулись на баг. NL Пожалуйста, сообщите об этом разработчикам мода.",
    "EXTENDED_DESCRIPTION": [
      "У меня нет реликвий для обмена.",
      "Выберите реликвию, которую хотите потерять.",
      "Потерять ",
      " и получить другую ",
      " реликвию.",
      "ПРИМЕЧАНИЕ ДЛЯ ЛОКАЛИЗАТОРА: Вы можете просто скопировать этот перевод для всех этих удалённых карт."
    ]
  },
  "sneckomod:ToxicPersonality": {
    "NAME": "Ядовитая личность",
    "DESCRIPTION": "Эта карта не должна была встретиться вам в вылазке. NL Если вы видите это, вы, скорее всего, наткнулись на баг. NL Пожалуйста, сообщите об этом разработчикам мода.",
    "EXTENDED_DESCRIPTION": [
      "ПРИМЕЧАНИЕ ДЛЯ ЛОКАЛИЗАТОРА: Вы можете просто скопировать этот перевод для всех этих удалённых карт."
    ]
  },
  "sneckomod:TrashToTreasure": {
    "NAME": "Из хлама в золото",
    "DESCRIPTION": "Даёт !B! Защиты. NL Сжигает карту. NL Даёт [E], равный её стоимости. NL Сжигается.",
    "UPGRADE_DESCRIPTION": "Даёт !B! Защиты. NL Сжигает карту. NL Даёт [E], равный её стоимости."
  },
  "sneckomod:UnendingSupply": {
    "NAME": "Огромные запасы",
    "DESCRIPTION": "В начале каждого хода даёт gremlin:Эхо случайной sneckomod:Внеклассовой карты.",
    "UPGRADE_DESCRIPTION": "Врождённая. NL В начале каждого хода даёт gremlin:Эхо случайной sneckomod:Внеклассовой карты."
  },
  "sneckomod:Unknown": {
    "NAME": "??? Базовая",
    "DESCRIPTION": "Эта карта не должна была встретиться вам в вылазке. NL Если вы видите это, вы, скорее всего, наткнулись на баг. NL Пожалуйста, сообщите об этом разработчикам мода.",
    "UPGRADE_DESCRIPTION": "Эта карта не должна была встретиться вам в вылазке. NL Если вы видите это, вы, скорее всего, наткнулись на баг. NL Пожалуйста, сообщите об этом разработчикам мода."
  },
  "sneckomod:Unknown0Cost": {
    "NAME": "??? 0-стоимость",
    "DESCRIPTION": "Эта карта не должна была встретиться вам в вылазке. NL Если вы видите это, вы, скорее всего, наткнулись на баг. NL Пожалуйста, сообщите об этом разработчикам мода.",
    "UPGRADE_DESCRIPTION": "Эта карта не должна была встретиться вам в вылазке. NL Если вы видите это, вы, скорее всего, наткнулись на баг. NL Пожалуйста, сообщите об этом разработчикам мода."
  },
  "sneckomod:Unknown1Cost": {
    "NAME": "??? 1-стоимость",
    "DESCRIPTION": "Эта карта не должна была встретиться вам в вылазке. NL Если вы видите это, вы, скорее всего, наткнулись на баг. NL Пожалуйста, сообщите об этом разработчикам мода.",
    "UPGRADE_DESCRIPTION": "Эта карта не должна была встретиться вам в вылазке. NL Если вы видите это, вы, скорее всего, наткнулись на баг. NL Пожалуйста, сообщите об этом разработчикам мода."
  },
  "sneckomod:Unknown2Cost": {
    "NAME": "??? 2-стоимость",
    "DESCRIPTION": "Эта карта не должна была встретиться вам в вылазке. NL Если вы видите это, вы, скорее всего, наткнулись на баг. NL Пожалуйста, сообщите об этом разработчикам мода.",
    "UPGRADE_DESCRIPTION": "Эта карта не должна была встретиться вам в вылазке. NL Если вы видите это, вы, скорее всего, наткнулись на баг. NL Пожалуйста, сообщите об этом разработчикам мода."
  },
  "sneckomod:Unknown3Cost": {
    "NAME": "??? 3-стоимость",
    "DESCRIPTION": "Эта карта не должна была встретиться вам в вылазке. NL Если вы видите это, вы, скорее всего, наткнулись на баг. NL Пожалуйста, сообщите об этом разработчикам мода.",
    "UPGRADE_DESCRIPTION": "Эта карта не должна была встретиться вам в вылазке. NL Если вы видите это, вы, скорее всего, наткнулись на баг. NL Пожалуйста, сообщите об этом разработчикам мода."
  },
  "sneckomod:UnknownBlock": {
    "NAME": "??? Защита",
    "DESCRIPTION": "Эта карта не должна была встретиться вам в вылазке. NL Если вы видите это, вы, скорее всего, наткнулись на баг. NL Пожалуйста, сообщите об этом разработчикам мода.",
    "UPGRADE_DESCRIPTION": "Эта карта не должна была встретиться вам в вылазке. NL Если вы видите это, вы, скорее всего, наткнулись на баг. NL Пожалуйста, сообщите об этом разработчикам мода."
  },
  "sneckomod:UnknownBoss": {
    "NAME": "??? Босса",
    "DESCRIPTION": "Эта карта не должна была встретиться вам в вылазке. NL Если вы видите это, вы, скорее всего, наткнулись на баг. NL Пожалуйста, сообщите об этом разработчикам мода.",
    "UPGRADE_DESCRIPTION": "Эта карта не должна была встретиться вам в вылазке. NL Если вы видите это, вы, скорее всего, наткнулись на баг. NL Пожалуйста, сообщите об этом разработчикам мода."
  },
  "sneckomod:UnknownClass": {
    "NAME": "??? Класса",
    "DESCRIPTION": "Эта карта не должна была встретиться вам в вылазке. NL Если вы видите это, вы, скорее всего, наткнулись на баг. NL Пожалуйста, сообщите об этом разработчикам мода.",
    "UPGRADE_DESCRIPTION": "Эта карта не должна была встретиться вам в вылазке. NL Если вы видите это, вы, скорее всего, наткнулись на баг. NL Пожалуйста, сообщите об этом разработчикам мода."
  },
  "sneckomod:UnknownColorless": {
    "NAME": "??? Бесцветная",
    "DESCRIPTION": "Эта карта не должна была встретиться вам в вылазке. NL Если вы видите это, вы, скорее всего, наткнулись на баг. NL Пожалуйста, сообщите об этом разработчикам мода.",
    "UPGRADE_DESCRIPTION": "Эта карта не должна была встретиться вам в вылазке. NL Если вы видите это, вы, скорее всего, наткнулись на баг. NL Пожалуйста, сообщите об этом разработчикам мода."
  },
  "sneckomod:UnknownCommonAttack": {
    "NAME": "??? О-Атака",
    "DESCRIPTION": "Эта карта не должна была встретиться вам в вылазке. NL Если вы видите это, вы, скорее всего, наткнулись на баг. NL Пожалуйста, сообщите об этом разработчикам мода.",
    "UPGRADE_DESCRIPTION": "Эта карта не должна была встретиться вам в вылазке. NL Если вы видите это, вы, скорее всего, наткнулись на баг. NL Пожалуйста, сообщите об этом разработчикам мода."
  },
  "sneckomod:UnknownCommonSkill": {
    "NAME": "??? О-Навык",
    "DESCRIPTION": "Эта карта не должна была встретиться вам в вылазке. NL Если вы видите это, вы, скорее всего, наткнулись на баг. NL Пожалуйста, сообщите об этом разработчикам мода.",
    "UPGRADE_DESCRIPTION": "Эта карта не должна была встретиться вам в вылазке. NL Если вы видите это, вы, скорее всего, наткнулись на баг. NL Пожалуйста, сообщите об этом разработчикам мода."
  },
  "sneckomod:UnknownDexterity": {
    "NAME": "??? Ловкость",
    "DESCRIPTION": "Эта карта не должна была встретиться вам в вылазке. NL Если вы видите это, вы, скорее всего, наткнулись на баг. NL Пожалуйста, сообщите об этом разработчикам мода.",
    "UPGRADE_DESCRIPTION": "Эта карта не должна была встретиться вам в вылазке. NL Если вы видите это, вы, скорее всего, наткнулись на баг. NL Пожалуйста, сообщите об этом разработчикам мода."
  },
  "sneckomod:UnknownDraw": {
    "NAME": "??? Добор",
    "DESCRIPTION": "Эта карта не должна была встретиться вам в вылазке. NL Если вы видите это, вы, скорее всего, наткнулись на баг. NL Пожалуйста, сообщите об этом разработчикам мода.",
    "UPGRADE_DESCRIPTION": "Эта карта не должна была встретиться вам в вылазке. NL Если вы видите это, вы, скорее всего, наткнулись на баг. NL Пожалуйста, сообщите об этом разработчикам мода."
  },
  "sneckomod:UnknownEthereal": {
    "NAME": "??? Эфирная",
    "DESCRIPTION": "Эта карта не должна была встретиться вам в вылазке. NL Если вы видите это, вы, скорее всего, наткнулись на баг. NL Пожалуйста, сообщите об этом разработчикам мода.",
    "UPGRADE_DESCRIPTION": "Эта карта не должна была встретиться вам в вылазке. NL Если вы видите это, вы, скорее всего, наткнулись на баг. NL Пожалуйста, сообщите об этом разработчикам мода."
  },
  "sneckomod:UnknownExhaust": {
    "NAME": "??? Сжигается",
    "DESCRIPTION": "Эта карта не должна была встретиться вам в вылазке. NL Если вы видите это, вы, скорее всего, наткнулись на баг. NL Пожалуйста, сообщите об этом разработчикам мода.",
    "UPGRADE_DESCRIPTION": "Эта карта не должна была встретиться вам в вылазке. NL Если вы видите это, вы, скорее всего, наткнулись на баг. NL Пожалуйста, сообщите об этом разработчикам мода."
  },
  "sneckomod:UnknownRareAttack": {
    "NAME": "??? Р-Атака",
    "DESCRIPTION": "Эта карта не должна была встретиться вам в вылазке. NL Если вы видите это, вы, скорее всего, наткнулись на баг. NL Пожалуйста, сообщите об этом разработчикам мода.",
    "UPGRADE_DESCRIPTION": "Эта карта не должна была встретиться вам в вылазке. NL Если вы видите это, вы, скорее всего, наткнулись на баг. NL Пожалуйста, сообщите об этом разработчикам мода."
  },
  "sneckomod:UnknownRarePower": {
    "NAME": "??? Р-Талант",
    "DESCRIPTION": "Эта карта не должна была встретиться вам в вылазке. NL Если вы видите это, вы, скорее всего, наткнулись на баг. NL Пожалуйста, сообщите об этом разработчикам мода.",
    "UPGRADE_DESCRIPTION": "Эта карта не должна была встретиться вам в вылазке. NL Если вы видите это, вы, скорее всего, наткнулись на баг. NL Пожалуйста, сообщите об этом разработчикам мода."
  },
  "sneckomod:UnknownRareSkill": {
    "NAME": "??? Р-Навык",
    "DESCRIPTION": "Эта карта не должна была встретиться вам в вылазке. NL Если вы видите это, вы, скорее всего, наткнулись на баг. NL Пожалуйста, сообщите об этом разработчикам мода.",
    "UPGRADE_DESCRIPTION": "Эта карта не должна была встретиться вам в вылазке. NL Если вы видите это, вы, скорее всего, наткнулись на баг. NL Пожалуйста, сообщите об этом разработчикам мода."
  },
  "sneckomod:UnknownStrength": {
    "NAME": "??? Сила",
    "DESCRIPTION": "Эта карта не должна была встретиться вам в вылазке. NL Если вы видите это, вы, скорее всего, наткнулись на баг. NL Пожалуйста, сообщите об этом разработчикам мода.",
    "UPGRADE_DESCRIPTION": "Эта карта не должна была встретиться вам в вылазке. NL Если вы видите это, вы, скорее всего, наткнулись на баг. NL Пожалуйста, сообщите об этом разработчикам мода."
  },
  "sneckomod:UnknownStrike": {
    "NAME": "??? Удар",
    "DESCRIPTION": "Эта карта не должна была встретиться вам в вылазке. NL Если вы видите это, вы, скорее всего, наткнулись на баг. NL Пожалуйста, сообщите об этом разработчикам мода.",
    "UPGRADE_DESCRIPTION": "Эта карта не должна была встретиться вам в вылазке. NL Если вы видите это, вы, скорее всего, наткнулись на баг. NL Пожалуйста, сообщите об этом разработчикам мода."
  },
  "sneckomod:UnknownUncommonAttack": {
    "NAME": "??? Н-Атака",
    "DESCRIPTION": "Эта карта не должна была встретиться вам в вылазке. NL Если вы видите это, вы, скорее всего, наткнулись на баг. NL Пожалуйста, сообщите об этом разработчикам мода.",
    "UPGRADE_DESCRIPTION": "Эта карта не должна была встретиться вам в вылазке. NL Если вы видите это, вы, скорее всего, наткнулись на баг. NL Пожалуйста, сообщите об этом разработчикам мода."
  },
  "sneckomod:UnknownUncommonPower": {
    "NAME": "??? Н-Талант",
    "DESCRIPTION": "Эта карта не должна была встретиться вам в вылазке. NL Если вы видите это, вы, скорее всего, наткнулись на баг. NL Пожалуйста, сообщите об этом разработчикам мода.",
    "UPGRADE_DESCRIPTION": "Эта карта не должна была встретиться вам в вылазке. NL Если вы видите это, вы, скорее всего, наткнулись на баг. NL Пожалуйста, сообщите об этом разработчикам мода."
  },
  "sneckomod:UnknownUncommonSkill": {
    "NAME": "??? Н-Навык",
    "DESCRIPTION": "Эта карта не должна была встретиться вам в вылазке. NL Если вы видите это, вы, скорее всего, наткнулись на баг. NL Пожалуйста, сообщите об этом разработчикам мода.",
    "UPGRADE_DESCRIPTION": "Эта карта не должна была встретиться вам в вылазке. NL Если вы видите это, вы, скорее всего, наткнулись на баг. NL Пожалуйста, сообщите об этом разработчикам мода."
  },
  "sneckomod:UnknownVulnerable": {
    "NAME": "??? Уязвимость",
    "DESCRIPTION": "Эта карта не должна была встретиться вам в вылазке. NL Если вы видите это, вы, скорее всего, наткнулись на баг. NL Пожалуйста, сообщите об этом разработчикам мода.",
    "UPGRADE_DESCRIPTION": "Эта карта не должна была встретиться вам в вылазке. NL Если вы видите это, вы, скорее всего, наткнулись на баг. NL Пожалуйста, сообщите об этом разработчикам мода."
  },
  "sneckomod:UnknownWeak": {
    "NAME": "??? Слабость",
    "DESCRIPTION": "Эта карта не должна была встретиться вам в вылазке. NL Если вы видите это, вы, скорее всего, наткнулись на баг. NL Пожалуйста, сообщите об этом разработчикам мода.",
    "UPGRADE_DESCRIPTION": "Эта карта не должна была встретиться вам в вылазке. NL Если вы видите это, вы, скорее всего, наткнулись на баг. NL Пожалуйста, сообщите об этом разработчикам мода."
  },
  "sneckomod:UnknownX": {
    "NAME": "??? X-стоимость",
    "DESCRIPTION": "Эта карта не должна была встретиться вам в вылазке. NL Если вы видите это, вы, скорее всего, наткнулись на баг. NL Пожалуйста, сообщите об этом разработчикам мода.",
    "UPGRADE_DESCRIPTION": "Эта карта не должна была встретиться вам в вылазке. NL Если вы видите это, вы, скорее всего, наткнулись на баг. NL Пожалуйста, сообщите об этом разработчикам мода."
  },
  "sneckomod:UnlimitedRolls": {
    "NAME": "Бесконечные броски",
    "DESCRIPTION": "Эта карта не должна была встретиться вам в вылазке. NL Если вы видите это, вы, скорее всего, наткнулись на баг. NL Пожалуйста, сообщите об этом разработчикам мода.",
    "UPGRADE_DESCRIPTION": "Эта карта не должна была встретиться вам в вылазке. NL Если вы видите это, вы, скорее всего, наткнулись на баг. NL Пожалуйста, сообщите об этом разработчикам мода.",
    "EXTENDED_DESCRIPTION": [
      "ПРИМЕЧАНИЕ ДЛЯ ЛОКАЛИЗАТОРА: Вы можете просто скопировать этот перевод для всех этих удалённых карт."
    ]
  },
  "sneckomod:Behold": {
    "NAME": "Смотри!",
    "DESCRIPTION": "Наносит !D! урона. NL sneckomod:Перебор: даёт !M! Заточек.",
    "UPGRADE_DESCRIPTION": "Наносит !D! урона. NL sneckomod:Перебор: даёт !M! Заточек."
  },
  "sneckomod:SaveForLater": {
    "NAME": "Сохранить на потом",
    "DESCRIPTION": "Наносит !D! урона. NL Оставляет до !M! карты в конце вашего хода.",
    "UPGRADE_DESCRIPTION": "Наносит !D! урона. NL Оставляет до !M! карт в конце вашего хода."
  },
  "sneckomod:PowerShot": {
    "NAME": "Мощный выстрел",
    "DESCRIPTION": "Наносит !D! урона. Когда вы разыгрываете талант, возвращает эту карту из стопки сброса в руку."
  },
  "sneckomod:LilGuardian": {
    "NAME": "Маленький страж",
    "DESCRIPTION": "Даёт !B! Защиты. Когда вы разыгрываете карту стоимостью 2 или более, разыгрывает эту карту из вашей руки."
  },
  "sneckomod:CrystalBoomerang": {
    "NAME": "Кристальный бумеранг",
    "DESCRIPTION": "Берёт карту из стопки сброса в руку. NL Если она sneckomod:Внеклассовая, даёт !B! Защиты."
  },
  "sneckomod:ViperEssence": {
    "NAME": "Змеиная сущность",
    "DESCRIPTION": "Эфирная. NL sneckomod:Внеклассовая. NL Даёт !M! Силы."
  },
  "sneckomod:Amass": {
    "NAME": "Собрать",
    "DESCRIPTION": "Даёт !B! Защиты. NL Даёт дополнительную Защиту, равную суммарной стоимости [E] вашей руки.",
    "UPGRADE_DESCRIPTION": "Даёт !B! Защиты. NL Даёт дополнительную Защиту, равную удвоенной суммарной стоимости [E] вашей руки."
  },
  "sneckomod:Medusa": {
    "NAME": "Медуза",
    "DESCRIPTION": "Наносит !D! урона. NL Накладывает !M! sneckomod:Токсина. NL sneckomod:Дарит: обычный отрицательный эффект.",
    "DESCRIPTION_BATTLE": "Наносит !D! урона. NL Накладывает !M! sneckomod:Токсина."
  },
  "sneckomod:Cower": {
    "NAME": "Укрыться",
    "DESCRIPTION": "Даёт !B! Защиты. NL Добавляет в руку *Выкорчеватель. NL Сжигается.",
    "UPGRADE_DESCRIPTION": "Даёт !B! Защиты. NL Добавляет в руку *Выкорчеватель+. NL Сжигается."
  },
  "sneckomod:WideSting": {
    "NAME": "Широкий укус",
    "DESCRIPTION": "Наносит !D! урона ВСЕМ врагам. NL Улучшает все sneckomod:Внеклассовые карты в руке. NL sneckomod:Дарит: обычную карту.",
    "DESCRIPTION_BATTLE": "Наносит !D! урона ВСЕМ врагам. NL Улучшает все sneckomod:Внеклассовые карты в руке."
  },
  "sneckomod:GildedShield": {
    "NAME": "Позолоченный щит",
    "DESCRIPTION": "Даёт !B! Защиты. NL sneckomod:Спутывает эту карту, затем возвращает её в руку."
  },
  "sneckomod:Mesmerize": {
    "NAME": "Очаровать",
    "DESCRIPTION": "ВСЕ враги теряют !M! Силы. NL sneckomod:Спутывает карту. NL Сжигается."
  },
  "sneckomod:Serpentscale": {
    "NAME": "Змеиная чешуя",
    "DESCRIPTION": "Наносит !D! урона. NL Даёт 1 expansioncontent:Шипов. NL sneckomod:Перебор: вместо этого даёт !M! expansioncontent:Шипов."
  },
  "sneckomod:OtherworldlySlash": {
    "NAME": "Потусторонний разрез",
    "DESCRIPTION": "Наносит !D! урона. NL Если вы разыграли sneckomod:Внеклассовую карту в этом ходу, наносит !D! урона ещё раз. NL sneckomod:Дарит: обычную карту.",
    "DESCRIPTION_BATTLE": "Наносит !D! урона. NL Если вы разыграли sneckomod:Внеклассовую карту в этом ходу, наносит !D! урона ещё раз."
  },
  "sneckomod:BeyondArmor": {
    "NAME": "Больше чем броня",
    "DESCRIPTION": "Даёт !B! Защиты. NL Берёт !M! случайных sneckomod:Внеклассовых карт из стопки добора в руку. NL sneckomod:Дарит: обычную карту.",
    "DESCRIPTION_BATTLE": "Даёт !B! Защиты. NL Берёт !M! случайных sneckomod:Внеклассовых карт из стопки добора в руку."
  },
  "sneckomod:BlunderGuard": {
    "NAME": "Косая гвардия",
    "DESCRIPTION": "Когда вы разыгрываете карту стоимостью 3+, даёт !qqq! Защиты и !M! Силы.",
    "UPGRADE_DESCRIPTION": "Когда вы разыгрываете карту стоимостью 3+, даёт !qqq! Защиты и !M! Силы."
  },
  "sneckomod:WideAngle": {
    "NAME": "Широкий угол",
    "DESCRIPTION": "Оставляется. NL Наносит !D! урона ВСЕМ врагам."
  },
  "sneckomod:SerpentsNest": {
    "NAME": "Змеиное гнездо",
    "DESCRIPTION": "Когда вы разыгрываете талант, наносит !M! урона ВСЕМ врагам. NL sneckomod:Дарит: необычный талант.",
    "DESCRIPTION_BATTLE": "Когда вы разыгрываете талант, наносит !M! урона ВСЕМ врагам."
  },
  "sneckomod:Whack": {
    "NAME": "Бах!",
    "DESCRIPTION": "Наносит !D! урона. NL Добавляет в руку *Врезать. NL Сжигается.",
    "UPGRADE_DESCRIPTION": "Наносит !D! урона. NL Добавляет в руку *Врезать+. NL Сжигается."
  },
  "sneckomod:CobraCoil": {
    "NAME": "Спираль кобры",
    "DESCRIPTION": "Наносит !D! урона. NL Враг получает !M! урона в конце каждого своего хода. NL sneckomod:Дарит: редкую атаку."
  },
  "sneckomod:Belittle": {
    "NAME": "Унижение",
    "DESCRIPTION": "Враг теряет !M! ОЗ за каждый уникальный отрицательный эффект на нём. NL sneckomod:Дарит: необычный отрицательный эффект.",
    "DESCRIPTION_BATTLE": "Враг теряет !M! ОЗ за каждый уникальный отрицательный эффект на нём."
  },
  "sneckomod:Jackpot": {
    "NAME": "Джекпот",
    "DESCRIPTION": "Оставляется. NL Даёт [E] [E]. NL Сжигается.",
    "UPGRADE_DESCRIPTION": "Оставляется. NL Даёт [E] [E] [E]. NL Сжигается."
  },
  "sneckomod:MakeshiftBlade": {
    "NAME": "Самодельное лезвие",
    "DESCRIPTION": "Наносит !D! урона. Если у цели не менее !M! отрицательных эффектов, берёт !qqq! карты. NL sneckomod:Дарит: отрицательный эффект.",
    "DESCRIPTION_BATTLE": "Наносит !D! урона. Если у цели не менее !M! отрицательных эффектов, берёт !qqq! карты."
  },
  "sneckomod:LatchOn": {
    "NAME": "Запереть",
    "DESCRIPTION": "Наносит !D! урона ВСЕМ врагам. NL Добавляет в руку *Змеиную *сущность."
  },
  "sneckomod:ComboString": {
    "NAME": "Плетёная нить",
    "DESCRIPTION": "Наносит !D! урона за каждую sneckomod:Внеклассовую карту, разыгранную в этом ходу. NL sneckomod:Дарит: необычную карту.",
    "EXTENDED_DESCRIPTION": [
      " NL (наносит урон ",
      " р.)"
    ],
    "DESCRIPTION_BATTLE": "Наносит !D! урона за каждую sneckomod:Внеклассовую карту, разыгранную в этом ходу."
  },
  "sneckomod:ThrowingCards": {
    "NAME": "Бросить карты",
    "DESCRIPTION": "Добавляет в руку X копий *Быстрее *света. NL Даёт [E]. NL Сжигается.",
    "UPGRADE_DESCRIPTION": "Добавляет в руку X копий *Быстрее *света+. NL Даёт [E]. NL Сжигается."
  },
  "sneckomod:RoundaboutSwing": {
    "NAME": "Круговые качели",
    "DESCRIPTION": "Наносит !D! урона. NL Кладёт карту из руки на верх стопки добора. NL В следующем ходу вы берёте на !M! карт больше."
  },
  "sneckomod:MarkedCard": {
    "NAME": "Помеченная карта",
    "DESCRIPTION": "sneckomod:Спутывает карту. NL Она всегда будет дешевле. NL Сжигается.",
    "UPGRADE_DESCRIPTION": "Оставляется. NL sneckomod:Спутывает карту. NL Она всегда будет дешевле. NL Сжигается."
  },
  "sneckomod:InertBlade": {
    "NAME": "Инертное лезвие",
    "DESCRIPTION": "Наносит !D! урона. NL Если стоимость... NL 1+: берёт !M! карты. NL 2+: даёт !M! Силы. NL 3+: даёт [E].",
    "UPGRADE_DESCRIPTION": "Наносит !D! урона. NL Если стоимость... NL 1+: берёт !M! карты. NL 2+: даёт !M! Силы. NL 3+: даёт [E] [E]."
  },
  "sneckomod:PerpetualSerpent": {
    "NAME": "Вечный змей",
    "DESCRIPTION": "Наносит !D! урона. NL sneckomod:Перебор: даёт [E] [E]."
  },
  "sneckomod:LastStrike": {
    "NAME": "Финальный удар",
    "DESCRIPTION": "Наносит !D! урона. NL Повторяется за каждый уникальный Удар, разыгранный в этом бою. NL sneckomod:Дарит: Удар.",
    "UPGRADE_DESCRIPTION": "Наносит !D! урона. NL Повторяется за каждый уникальный Удар, разыгранный в этом бою. NL sneckomod:Дарит: Удар.",
    "DESCRIPTION_BATTLE": "Наносит !D! урона. NL Повторяется за каждый уникальный Удар, разыгранный в этом бою.",
    "UPGRADE_DESCRIPTION_BATTLE": "Наносит !D! урона. NL Повторяется за каждый уникальный Удар, разыгранный в этом бою.",
    "EXTENDED_DESCRIPTION": [
      " NL (наносит урон ",
      " р.)"
    ]
  },
  "sneckomod:AceOfWands": {
    "NAME": "Королева Пентаклей",
    "DESCRIPTION": "Эфирная. NL Когда вы накладываете на врага отрицательный эффект, даёт !M! Защиты. NL sneckomod:Дарит: отрицательный эффект.",
    "UPGRADE_DESCRIPTION": "Когда вы накладываете на врага отрицательный эффект, даёт !M! Защиты. NL sneckomod:Дарит: отрицательный эффект."
  },
  "sneckomod:FlashInThePan": {
    "NAME": "Осечка",
    "DESCRIPTION": "Даёт !B! Защиты. NL Сбрасывает руку. NL В следующем ходу вы берёте столько же карт."
  },
  "sneckomod:TrashCan": {
    "NAME": "Мусорка",
    "DESCRIPTION": "В конце вашего хода вы можете сжечь карту.",
    "UPGRADE_DESCRIPTION": "Врождённая. NL В конце вашего хода вы можете сжечь карту."
  },
  "sneckomod:Lacerate": {
    "NAME": "Рваная рана",
    "DESCRIPTION": "Накладывает !M! sneckomod:Токсина на ВСЕХ врагов. NL Добавляет в руку *Удушающее *облако. NL Сжигается.",
    "UPGRADE_DESCRIPTION": "Накладывает !M! sneckomod:Токсина на ВСЕХ врагов. NL Добавляет в руку *Удушающее *облако+. NL Сжигается."
  },
  "sneckomod:SerpentineSleuth": {
    "NAME": "Змеиный сыщик",
    "DESCRIPTION": "Эфирная. NL Когда вы разыгрываете талант, даёт [E]. NL sneckomod:Дарит: редкий талант.",
    "DESCRIPTION_BATTLE": "Эфирная. NL Когда вы разыгрываете талант, даёт [E]."
  }
}