{
  "sneckomod:D8": {
    "NAME": "Загадочный октаэдр",
    "DESCRIPTIONS": [
      "Вы входите в комнату, в центре которой на большом постаменте бесшумно парит #gтаинственный #gоктаэдр, излучающий мощную энергию. Вы решаете...",
      "Реликвия разлетелась вдребезги.",
      "Получена реликвия.",
      "Вы решили уйти."
    ],
    "OPTIONS": [
      "[Разбить] #rПотерять #r",
      " #rОЗ. #gВыбрать #gи #gполучить #b1 #gиз #b3 #gредких #gВнеклассовых #gкарт.",
      "[Забрать] #gПолучить #gЗагадочный #gоктаэдр. #rПроклятие #r— #rБоль.",
      "[Уйти]",
      "[Закрыто] Требуется карта с Перебором."
    ]
  },
  "sneckomod:BackToBasics": {
    "NAME": "",
    "DESCRIPTIONS": [
      "Творчество всегда побеждает расчёт."
    ],
    "OPTIONS": [
      "[Импровизация] #gЗаменить все #gУдары и #gОбороны на #gВнеклассовые карты.",
      "[Закрыто] Требуется Удар или Оборона."
    ]
  },
  "sneckomod:Serpent": {
    "NAME": "З-з-з-з-змей",
    "DESCRIPTIONS": [
      "Вы заходите в комнату и обнаруживаете широкую дыру в земле. Когда вы подходите ближе, оттуда вылезает огромное чешуйчатое существо, похожее на вас. NL NL ~«О-го-го!~ ~Привет,~ ~змеиный~ ~друг!~ Позволь спросить...» NL NL Вы слышите его слова, но, оказавшись в полном замешательстве, абсолютно ничего не понимаете. NL NL «Согласны?»",
      "~«Чудесно!»~ NL NL Вы всё ещё понятия не имеете, каким был вопрос, но, похоже, вы осчастливили Змея. NL Существо предлагает вам безделушку, которая поможет в достижении вашей цели, и уползает обратно в дыру.",
      "Змей бросил на вас крайне разочарованный взгляд, но всё же улыбнулся и пожелал доброго пути."
    ],
    "OPTIONS": [
      "[Согласиться] #gПолучить #gслучайную #gреликвию #gСнекко. #rПроклятие #r— #rОзадаченность.",
      "[Не соглашаться]",
      "[Уйти]"
    ]
  },
  "sneckomod:SuspiciousHouse": {
    "NAME": "Подозрительная хижина",
    "DESCRIPTIONS": [
      "Путешествуя по Городу, ваш слух пронзает резкий нечеловеческий крик из ближайшей хижины. Заглянув внутрь, вы обнаруживаете жителя Города, который пытается заставить замолчать маленькое змееподобное существо, запертое в клетке. NL NL ~«ЭЙ!~ Что ты делаешь в моём доме?! @ПРОВАЛИВАЙ!»@ NL NL Змеёныш в клетке вздрагивает и отпрыгивает в угол. Ему здесь явно нехорошо.",
      "«Хочешь его? @Ладно!@ Оно того не стоит.» NL NL С разочарованным ~вздохом~ похититель открывает клетку и лезет внутрь. Существо с удивительной быстротой вцепляется ему в палец со всей силой, на которую способны его маленькие челюсти. NL NL Вы быстро вмешиваетесь и #rоглушаете #rпреступника ударом, не давая ему ответить змеёнышу. Когда вы протягиваете руку, существо с радостью заползает к вам на ладонь, и вы вместе продолжаете путь по Шпилю. Вы решаете назвать её... #yКлементина.",
      "Змей бросил на вас крайне разочарованный взгляд, но всё же улыбнулся и пожелал доброго пути."
    ],
    "OPTIONS": [
      "[Спасти] #gПолучить #gМолодого #gзмекко. #rСразиться #rс #rразъярённым #rЦентурионом.",
      "[Уйти]"
    ]
  }
}