[
  {
    "PROPER_NAME": "Змеестойкость",
    "NAMES": [
      "snekproof",
      "змеестойкость",
      "змеестойкие"
    ],
    "DESCRIPTION": "На карты со #yЗмеестойкостью не влияет #yЗамешательство, и их нельзя #yСпутать."
  },
  {
  "PROPER_NAME": "Цвет",
  "NAMES": [
      "suit",
      "suits",
      "цвет",
      "цвета",
      "цветов"
    ],
    "DESCRIPTION": "Цвет определяет принадлежность карты к классу. Карты-жетоны не имеют цвета."
  },
  {
    "PROPER_NAME": "Перебор",
    "NAMES": [
      "Overflow",
      "overflow",
      "перебор",
      "перебора"
    ],
    "DESCRIPTION": "Активируется, если у вас в руке больше #b5 карт."
  },
  {
    "PROPER_NAME": "Спутывание",
    "NAMES": [
      "muddle",
      "muddled",
      "muddles",
      "спутывание",
      "спутывает",
      "спутанная",
      "спутанные",
      "спутываете",
      "спутает",
      "спутать",
      "спутывается"
    ],
    "DESCRIPTION": "Спутывание меняет стоимость карты в этом ходу на случайную величину от #b0 до #b3."
  },
  {
    "PROPER_NAME": "Внеклассовые карты",
    "NAMES": [
      "offclass",
      "внеклассовые",
      "внеклассовой",
      "внеклассовых",
      "внеклассовая",
      "внеклассовую",
      "внеклассовый"
    ],
    "DESCRIPTION": "Внеклассовая карта — это любая получаемая карта из класса, отличного от вашего (включая #yБесцветные карты, #yПроклятия и #yСтатусы)."
  },
  {
    "PROPER_NAME": "Дарение",
    "NAMES": [
      "gift",
      "дарение",
      "дарит"
    ],
    "DESCRIPTION": "При получении этой карты выберите #b1 из #b3 карт указанного типа, чтобы добавить в колоду."
  },
  {
    "PROPER_NAME": "Опознание",
    "NAMES": [
      "identify",
      "опознание",
      "опознаёт",
      "опознаёте"
    ],
    "DESCRIPTION": "Навсегда превращает #yНеопределённую карту в ту карту, которой она является в данный момент."
  },
  {
    "PROPER_NAME": "Токсин",
    "NAMES": [
      "venom",
      "токсин",
      "токсина"
    ],
    "DESCRIPTION": "Существа с #yТоксином теряют ОЗ каждый раз, когда вы накладываете на них другой отрицательный эффект (не #yТоксин)."
  },
  {
    "PROPER_NAME": "Везение",
    "NAMES": [
      "lucky",
      "везение"
    ],
    "DESCRIPTION": "Эффекты #yПеребора всегда срабатывают в этом ходу, независимо от размера руки."
  }
]