{
  "sneckomod:DiceRollPotion": {
    "NAME": "Карта в бутылке",
    "DESCRIPTIONS": [
      "Используйте в бою. После победы в награде комнаты появится #b",
      " выбор из #b3 #yУлучшенных Необычных #yВнеклассовых карт.",
      " выбора из #b3 #yУлучшенных Необычных #yВнеклассовых карт в награде комнаты."
    ]
  },
  "sneckomod:CheatPotion": {
    "NAME": "Жидкая удача",
    "DESCRIPTIONS": [
      "Эффекты #yПеребора всегда срабатывают в этом ходу, независимо от количества карт в руке.",
      "Эффекты #yПеребора всегда срабатывают в течение следующих #b",
      " ходов, независимо от количества карт в руке."
    ]
  },
  "sneckomod:MuddlingPotion": {
    "NAME": "Энергетик с добавкой",
    "DESCRIPTIONS": [
      "#yСпутывает #b",
      " самые дорогие карты в вашей руке. Спутанные таким образом карты не могут стоить 3 [REMOVE_SPACE]."
    ]
  },
  "sneckomod:OffclassReductionPotion": {
    "NAME": "Экзотический напиток",
    "DESCRIPTIONS": [
      "Снижает стоимость всех #yВнеклассовых карт в вашей руке на #b",
      " [REMOVE_SPACE]."
    ]
  }
}