{
  "sneckomod:BlunderGuardPower": {
    "NAME": "Цунами",
    "DESCRIPTIONS": [
      "Эффекты #yПеребора также дают #b",
      " #yЗащиты.",
      " #yЗащиты."
    ]
  },
  "sneckomod:CheapStockPower": {
    "NAME": "Дешёвые акции",
    "DESCRIPTIONS": [
      "В начале вашего хода #yСпутывает самую дорогую карту в руке.",
      "В начале вашего хода #yСпутывает самую дорогую карту в руке #b",
      " раз(а)."
    ]
  },
  "sneckomod:CheatPower": {
    "NAME": "Везение",
    "DESCRIPTIONS": [
      "В этом ходу эффекты #yПеребора карт всегда срабатывают при их разыгрывании.",
      "Следующие #b",
      " хода эффекты #yПеребора карт всегда срабатывают при их разыгрывании."
    ]
  },
  "sneckomod:MuddleDrawnCardsPower": {
    "NAME": "Спутывание добора",
    "DESCRIPTIONS": [
      "#yСпутывает следующую взятую вами карту.",
      "#yСпутывает первые #b",
      " карт, взятые в этом ходу (осталось #b",
      ")."
    ]
  },
  "sneckomod:MudshieldPower": {
    "NAME": "Щитоспут",
    "DESCRIPTIONS": [
      "Когда вы #yСпутываете карту, даёт #b",
      " #yЗащиты."
    ]
  },
  "sneckomod:OverwhelmingPresencePower": {
    "NAME": "Подавляющий",
    "DESCRIPTIONS": [
      "Первая #yВнеклассовая карта, разыгранная вами в ход, даёт вам [E] и позволяет взять карту.",
      "Первая #yВнеклассовая карта, разыгранная вами в ход, даёт вам [E] и позволяет взять #b",
      " карты."
    ]
  },
  "sneckomod:SerpentsNestPower": {
    "NAME": "Змеиное гнездо",
    "DESCRIPTIONS": [
      "Когда вы разыгрываете #yТалант, наносит #b1 урона ВСЕМ врагам.",
      "Когда вы разыгрываете #yТалант, наносит #b",
      " урона ВСЕМ врагам."
    ]
  },
  "sneckomod:SerpentMindPower": {
    "NAME": "Экзотический облик",
    "DESCRIPTIONS": [
      "В конце вашего хода даёт #b",
      " #yСилы за каждый уникальный цвет разыгранных карт.",
      " #yСилы за каждый уникальный цвет разыгранных карт."
    ]
  },
  "sneckomod:SnakeEyesPower": {
    "NAME": "Мастер-глаз",
    "DESCRIPTIONS": [
      "Ваша следующая #yВнеклассовая карта в этом ходу разыгрывается дважды.",
      "Ваши следующие #b",
      " #yВнеклассовые карты в этом ходу разыгрываются дважды."
    ]
  },
  "sneckomod:UnendingSupplyPower": {
    "NAME": "Огромные запасы",
    "DESCRIPTIONS": [
      "В начале вашего хода добавляет в руку #b",
      "В начале вашего хода добавляет в руку gremlin:Эхо случайной #yВнеклассовой карты.",
      " gremlin:Эха случайных #yВнеклассовых карт."
    ]
  },
  "sneckomod:UnknownUpgradedPostCombatPower": {
    "NAME": "Больше силы!",
    "DESCRIPTIONS": [
      "В конце боя получите #b",
      " дополнительных #yУлучшенных #yНеопределённых карт.",
      " дополнительную #yУлучшенную #yНеопределённую карту.",
      "ПРИМЕЧАНИЕ ДЛЯ ЛОКАЛИЗАТОРА: НЕ ИСПОЛЬЗУЕТСЯ, НЕ ПЕРЕВОДИТЬ."
    ]
  },
  "sneckomod:UnlimitedRollsPower": {
    "NAME": "Бесконечные броски",
    "DESCRIPTIONS": [
      "В начале вашего хода добавляет в руку #yПереброс #yдуши+, который #yСжигается."
    ]
  },
  "sneckomod:Transmogrifying": {
    "NAME": "Превращение",
    "DESCRIPTIONS": [
      " превращается в реликвию «",
      "».",
      "ПРИМЕЧАНИЕ ДЛЯ ЛОКАЛИЗАТОРА: НЕ ИСПОЛЬЗУЕТСЯ, НЕ ПЕРЕВОДИТЬ."
    ]
  },
  "sneckomod:ToxicPersonalityPower": {
    "NAME": "Ядовитая личность",
    "DESCRIPTIONS": [
      "Когда вы накладываете на врага отрицательный эффект, накладывает #b",
      " #yТоксина.",
      "ПРИМЕЧАНИЕ ДЛЯ ЛОКАЛИЗАТОРА: НЕ ИСПОЛЬЗУЕТСЯ, НЕ ПЕРЕВОДИТЬ."
    ]
  },
  "sneckomod:TyphoonPower": {
    "NAME": "Тайфун",
    "DESCRIPTIONS": [
      "В этом ходу, когда вы вызываете #yПеребор, разыгрывает копию #yКлыка #yтайфуна.",
      "В этом ходу, когда вы вызываете #yПеребор, разыгрывает #b",
      " копии #yКлыка #yтайфуна."
    ]
  },
  "sneckomod:TyphoonPlusPower": {
    "NAME": "Тайфун+",
    "DESCRIPTIONS": [
      "В этом ходу, когда вы вызываете #yПеребор, разыгрывает копию #yКлыка #yтайфуна+.",
      "В этом ходу, когда вы вызываете #yПеребор, разыгрывает #b",
      " копии #yКлыка #yтайфуна+."
    ]
  },
  "sneckomod:SerpentineSleuthPower": {
    "NAME": "Змеиный сыщик",
    "DESCRIPTIONS": [
      "Когда вы разыгрываете #yТалант, даёт #b",
      " [E].",
      " [E]."
    ]
  },
  "sneckomod:BigGunsStrengthPower": {
    "NAME": "Большие пушки",
    "DESCRIPTIONS": [
      "Когда вы разыгрываете карту стоимостью 3+, даёт #b",
      " #yСилы.",
      " #yСилы."
    ]
  },
  "sneckomod:BigGunsBlockPower": {
    "NAME": "Косая гвардия",
    "DESCRIPTIONS": [
      "Когда вы разыгрываете карту стоимостью 3+, даёт #b",
      " #yЗащиты.",
      " #yЗащиты."
    ]
  },
  "sneckomod:AceOfWandsPower": {
    "NAME": "Королева Пентаклей",
    "DESCRIPTIONS": [
      "Когда вы накладываете на врага отрицательный эффект, даёт #b",
      " #yЗащиты.",
      " #yЗащиты."
    ]
  },
  "sneckomod:LacerateDebuff": {
    "NAME": "Рваная рана",
    "DESCRIPTIONS": [
      "Когда вы накладываете на этого врага отрицательный эффект в этом ходу, накладывает на него #b",
      " #yТоксина.",
      " #yТоксина."
    ]
  },
  "sneckomod:FountainPower": {
    "NAME": "Фонтан",
    "DESCRIPTIONS": [
      "Эффекты #yПеребора также накладывают #b",
      " #yТоксина на случайного врага.",
      " #yТоксина на случайного врага."
    ]
  },
  "sneckomod:TrashCanPower": {
    "NAME": "Мусорка",
    "DESCRIPTIONS": [
      "В конце вашего хода вы можете #yСжечь карту.",
      "В конце вашего хода вы можете #yСжечь до #b",
      " карт."
    ]
  },
  "sneckomod:VenomDebuff": {
    "NAME": "Токсин",
    "DESCRIPTIONS": [
      "Когда это существо получает отрицательный эффект, отличный от #yТоксина, оно теряет #b",
      " ОЗ."
    ]
  }
}