{
  "sneckomod:SneckoSoul": {
    "NAME": "Душа змекко",
    "FLAVOR": "0...3...2...2...1",
    "DESCRIPTIONS": [
      "В начале каждого боя добавляет в руку #yПереброс #yдуши."
    ]
  },
  "sneckomod:SuperSneckoSoul": {
    "NAME": "Превосходная душа змекко",
    "FLAVOR": "3120231321230320",
    "DESCRIPTIONS": [
      "Заменяет [#407B93]«Душу [#407B93]змекко»[]. NL В начале каждого боя и через ход даёт #yПереброс #yдуши. NL В остальные ходы вы берёте на одну карту больше в начале хода и #ysneckomod:Спутываете её."
    ]
  },
  "sneckomod:CleanMud": {
    "NAME": "Флейта заклинателя змей",
    "FLAVOR": "Ссссссс...",
    "DESCRIPTIONS": [
      "#ysneckomod:Спутанные карты не могут стоить #b3."
    ]
  },
  "sneckomod:ConfusingCodex": {
    "NAME": "Кольцо змекко",
    "FLAVOR": "Неразборчиво, нечитаемо, должно быть готово к четвергу.",
    "DESCRIPTIONS": [
      "Каждый раз, когда вы активируете эффект #yПеребора в #b",
      "-й раз, накладывает #b1 #yСлабость и #yУязвимость на случайного врага."
    ]
  },
  "sneckomod:CrystallizedMud": {
    "NAME": "Гипнотизирующий кулон",
    "FLAVOR": "Ослепительная грязь.",
    "DESCRIPTIONS": [
      "В начале вашего хода даёт [E]. #ysneckomod:Спутанные карты не могут стоить #b0."
    ]
  },
  "sneckomod:LoadedDie": {
    "NAME": "Утяжелённая кость",
    "FLAVOR": "С начинкой.",
    "DESCRIPTIONS": [
      "Когда карта #ysneckomod:Спутывается, даёт #b",
      " #yЗащиты."
    ]
  },
  "sneckomod:RareBoosterPack": {
    "NAME": "Редкий бустер-ящик",
    "FLAVOR": "В идеальном состоянии.",
    "DESCRIPTIONS": [
      "При получении даёт #ysneckomod:Внеклассовую #yредкую карту."
    ]
  },
  "sneckomod:SleevedAce": {
    "NAME": "Туз в рукаве",
    "FLAVOR": "Мы все в некотором роде тузы.",
    "DESCRIPTIONS": [
      "В начале каждого боя даёт #yПомеченную #yкарту+."
    ]
  },
  "sneckomod:UnknownEgg": {
    "NAME": "Неопределённое яйцо",
    "FLAVOR": "Что из него вылупится? Заплатите $1000 и узнайте.",
    "DESCRIPTIONS": [
      "Все добавляемые в колоду #ysneckomod:Внеклассовые карты приходят #yУлучшенными. При получении #yУлучшает #b2 случайные #ysneckomod:Внеклассовые карты."
    ]
  },
  "sneckomod:SuperSneckoEye": {
    "NAME": "Превосходный глаз змекко",
    "FLAVOR": "0121012",
    "DESCRIPTIONS": [
      "Заменяет #yГлаз #yзмекко. В начале вашего хода берёт на #b4 карты больше. Вы начинаете каждый бой с #yЗамешательством."
    ]
  },
  "sneckomod:SneckoTalon": {
    "NAME": "Идол Ретромэйшена",
    "FLAVOR": "Часто называют просто «Идол Рето».",
    "DESCRIPTIONS": [
      "В начале вашего хода снижает стоимость случайной карты в руке на #b1, пока она не будет разыграна."
    ]
  },
  "sneckomod:BlankCard": {
    "NAME": "Пустая карта",
    "FLAVOR": "Карта-мимик.",
    "DESCRIPTIONS": [
      "В начале каждого боя добавляет в руку gremlin:Эхо случайной карты из вашей колоды (не #rПроклятия и не #yСтатуса). Оно стоит #b0."
    ]
  },
  "sneckomod:D8": {
    "NAME": "Загадочный октаэдр",
    "FLAVOR": "Кажется, одна из его сторон тяжелее.",
    "DESCRIPTIONS": [
      "При получении выберите карту с эффектом #ysneckomod:Перебора. Когда вы разыгрываете её, получаете #b4 #yЗащиты и активируете её #ysneckomod:Перебор, даже если у вас в руке не больше #b5 карт.",
      "Выберите карту для ",
      "Когда ",
      " разыгрывается, даёт #b4 #yЗащиты и активирует её #ysneckomod:Перебор, даже если у вас в руке не больше #b5 карт.",
      "Карта, связанная с этой реликвией, была #rудалена из вашей колоды. Реликвия больше не работает."
    ]
  },
  "sneckomod:BabySnecko": {
    "NAME": "Молодой змекко",
    "FLAVOR": "Сногсшибательно милый.",
    "DESCRIPTIONS": [
      "В начале вашего хода наносит #b9 урона случайному врагу и #ysneckomod:Спутывает #b2 случайные карты в вашей руке (стоимостью не #b0)."
    ]
  },
  "sneckomod:SneckoCommon": {
    "NAME": "Печать одобрения",
    "FLAVOR": "«Я — Латоносец, и это моя любимая реликвия в Шпиле». — Рекламная брошюра торговца.",
    "DESCRIPTIONS": [
      "При получении выберите и получите #b1 из #b5 #yНеобычных #ysneckomod:Внеклассовых #yТалантов."
    ]
  },
  "sneckomod:SneckoBoss": {
    "NAME": "Счастливая подкова",
    "FLAVOR": "Куй свою удачу сам.",
    "DESCRIPTIONS": [
      "При получении выберите #b1 из #b3 #yПерсонажей. Добавьте в колоду #b3 #yУлучшенные Необычные и #b2 Редкие карты этого персонажа. Все бои теперь дают дополнительную награду — карты выбранного персонажа.",
      "При получении даёт #b3 Улучшенных Необычных и #b2 Редкие карты персонажа «",
      "». Все бои теперь дают дополнительную награду — карты персонажа «",
      "»."
    ]
  }
}