{
  "sneckomod:Unknown": {
    "TEXT": [
      "Неопределённая",
      " Улучшенная ",
      "В начале боя #yНеопределённые карты превращаются в случайные карты выбранных классов, соответствующие определённым условиям.",
      " NL Выбранные классы:",
      "В начале боя #yНеопределённые карты превращаются в случайные карты ЛЮБЫХ других классов, соответствующие определённым условиям.",
      "В начале боя #yНеопределённые карты превращаются в случайные карты других классов, соответствующие определённым условиям."
    ]
  },
  "sneckomod:UnknownNames": {
    "TEXT": [
      "Неопределённая"
    ]
  },
  "sneckomod:UnknownClass": {
    "TEXT": [
      "???",
      "*Неопределённая карта ",
      ".",
      "Класс",
      "",
      "Вы не должны были это видеть. Сообщите Vex",
      "Улучшенная "
    ]
  },
  "sneckomod:UpgradedUnknownReward": {
    "TEXT": [
      "Добавить Неопределённую+ карту в колоду",
      "Выберите карту."
    ]
  },
  "sneckomod:FreeRetainMod": {
    "TEXT": [
      "Оставляется. NL "
    ]
  },
  "sneckomod:ExhaustMod": {
    "TEXT": [
      " NL Сжигается."
    ]
  },
  "sneckomod:ChallengeMode": {
    "TEXT": [
      "Альтернативный режим — Чистый Змекко",
      "Дары могут быть от любого класса. Рекомендуется игрокам, которым нравится больше случайности и достижение победы через хаос."
    ]
  },
  "sneckomod:LockInBonfireOptions": {
    "TEXT": [
      "Опознать",
      "Навсегда зафиксировать Неопределённую карту.",
      "Требуется Неопределённая карта.",
      "Выберите карту, чтобы добавить её в колоду, сняв с неё Неопределённость.",
      "(Бесплатное действие) Навсегда зафиксировать Неопределённую карту."
    ]
  },
  "sneckomod:CommonAttackReward": {
    "TEXT": [
      "Добавить Внеклассовую карту в колоду",
      "Выберите карту."
    ]
  },
  "sneckomod:DiceRollPotionReward": {
    "TEXT": [
      "Добавить Улучшенную карту в колоду",
      "Выберите карту."
    ]
  },
  "sneckomod:ColorfulPowersCardReward": {
    "TEXT": [
      "Добавить Улучшенный Талант в колоду",
      "Выберите карту."
    ]
  },
  "sneckomod:AtGameStart": {
    "TEXT": [
      "",
      " Карты",
      "В этой вылазке в дары будут входить карты класса «",
      "».",
      "Выберите."
    ]
  }
}