{
  "collector:ActOfAggression": {
    "NAME": "Акт агрессии",
    "DESCRIPTION": "Даёт !B! Защиты. NL Накладывает !M! Уязвимости на ВСЕХ врагов."
  },
  "collector:AlwaysMore": {
    "NAME": "Всегда больше",
    "DESCRIPTION": "collector:Пиромант. NL Даёт !M! золота."
  },
  "collector:AshenStrike": {
    "NAME": "Пепельный удар",
    "DESCRIPTION": "Наносит !D! урона. NL Добавляет в руку *Уголёк."
  },
  "collector:Arrogance": {
    "NAME": "Высокомерие",
    "DESCRIPTION": "Даёт !B! Защиты. NL Ваша следующая Атака в этом ходу также накладывает !M! collector:Порчи."
  },
  "collector:AshesAndDust": {
    "NAME": "Прах и пепел",
    "DESCRIPTION": "Наносит !D! урона ВСЕМ врагам X раз. NL Если X больше или равно 5, наносит урон ещё 2 раза."
  },
  "collector:BindingCall": {
    "NAME": "Призыв оков",
    "DESCRIPTION": "Даёт !M! expansioncontent:Временного ОЗ. NL collector:Пламяголовый получает: «Накладывает !clm2! collector:Порчи на случайного врага»."
  },
  "collector:Billow": {
    "NAME": "Порыв",
    "DESCRIPTION": "Даёт !B! Защиты. NL Добавляет в руку *Рёв в следующем ходу."
  },
  "collector:Bellow": {
    "NAME": "Рёв",
    "DESCRIPTION": "Эфирная. NL Накладывает collector:Порчу, равную количеству неиспользованной Защиты в предыдущем ходу. NL Сжигается.",
    "EXTENDED_DESCRIPTION": [
      " NL (Накладывает !M! collector:Порчи)"
    ]
  },
  "collector:BlackBindings": {
    "NAME": "Чёрные оковы",
    "DESCRIPTION": "Накладывает !M! Слабости, затем накладывает !clm2! collector:Порчи за каждое ослабление у врага."
  },
  "collector:Blightning": {
    "NAME": "Гниломолния",
    "DESCRIPTION": "Накладывает !M! collector:Порчи. NL Наносит !D! урона. NL Вы берёте карту из стопки Коллекции. NL Сжигается."
  },
  "collector:Bonfire": {
    "NAME": "Костёр",
    "DESCRIPTION": "collector:Пиромант. NL Даёт !B! Защиты. NL Даёт 1 collector:Резерва на следующий ход."
  },
  "collector:BrainDrain": {
    "NAME": "Утечка мозгов",
    "DESCRIPTION": "Враг теряет !M! ОЗ. NL Добавляет в руку его Коллекционную карту. NL Сжигается.",
    "UPGRADE_DESCRIPTION": "Враг теряет !M! ОЗ. NL Добавляет в руку его Коллекционную карту, затем улучшает её. NL Сжигается."
  },
  "collector:BramblesparKindling": {
    "NAME": "Растопка из ежевики",
    "DESCRIPTION": "Неиграбельная. NL Добавляет в руку *Обжигающий *удар, когда Сжигается.",
    "UPGRADE_DESCRIPTION": "Неиграбельная. NL Добавляет в руку *Обжигающий *удар+, когда Сжигается.",
    "EXTENDED_DESCRIPTION": [
      "Сначала нужно зажечь эту растопку."
    ]
  },
  "collector:BurningStrike": {
    "NAME": "Обжигающий удар",
    "DESCRIPTION": "Наносит !D! урона. NL Вы берёте карту.",
    "UPGRADE_DESCRIPTION": "Наносит !D! урона. NL Вы берёте !M! карты."
  },
  "collector:CantTouchThis": {
    "NAME": "Не тронь меня",
    "DESCRIPTION": "Даёт !M! Ловкости. NL Накладывает !clm2! collector:Порчи, когда вы полностью блокируете урон от Атак врага."
  },
  "collector:CoffinNail": {
    "NAME": "Гвоздь в крышку гроба",
    "DESCRIPTION": "Наносит !D! урона. NL Возвращается в руку в следующем ходу и увеличивает свой урон на !M!, когда Сжигается."
  },
  "collector:Condemn": {
    "NAME": "Порицание",
    "DESCRIPTION": "Накладывает !M! Уязвимости. NL Накладывает !clm2! collector:Порчи."
  },
  "collector:CursedWail": {
    "NAME": "Проклятый вой",
    "DESCRIPTION": "ВСЕ враги теряют !M! Силы в этом ходу. NL collector:Сокрушённые враги теряют !clm2! Силы. NL Сжигается."
  },
  "collector:DarkApotheosis": {
    "NAME": "Тёмный апофеоз",
    "DESCRIPTION": "Улучшает карты в стопке Коллекции до конца боя. NL Сжигается."
  },
  "collector:DarkLordForm": {
    "NAME": "Облик Тёмной владычицы",
    "DESCRIPTION": "Вы разыгрываете карту *Ты *принадлежишь *мне! на случайного врага в начале каждого хода.",
    "UPGRADE_DESCRIPTION": "Вы разыгрываете карту *Ты *принадлежишь *мне!+ на случайного врага в начале каждого хода."
  },
  "collector:Darkstorm": {
    "NAME": "Тёмная буря",
    "DESCRIPTION": "Добавляет в руку *Гниломолнию. NL Добавляет ещё !M! её копий в стопку добора. NL Сжигается."
  },
  "collector:DarkwoodKindling": {
    "NAME": "Растопка из тёмной ивы",
    "DESCRIPTION": "Неиграбельная. NL Даёт !M! collector:Резерва на следующий ход, когда Сжигается.",
    "UPGRADE_DESCRIPTION": "Неиграбельная. NL Оставляется. NL Даёт !M! collector:Резерва на следующий ход, когда Сжигается.",
    "EXTENDED_DESCRIPTION": [
      "Сначала нужно зажечь эту растопку."
    ]
  },
  "collector:Defend": {
    "NAME": "Оборона",
    "DESCRIPTION": "Даёт !B! Защиты."
  },
  "collector:DoubleTrouble": {
    "NAME": "Двойные неприятности",
    "DESCRIPTION": "Даёт !B! Защиты. NL Следующая Коллекционная карта в этом ходу разыгрывается дважды."
  },
  "collector:DoMayhem": {
    "NAME": "Да будет хаос",
    "DESCRIPTION": "В начале вашего хода, если у любого врага есть 25 или больше collector:Порчи, вы разыгрываете верхнюю карту стопки добора."
  },
  "collector:DragonsTrove": {
    "NAME": "Сокровищница дракона",
    "DESCRIPTION": "collector:Пиромант. NL Вы берёте 2 карты из стопки Коллекции. NL Даёт !M! collector:Резерва. NL Сжигается."
  },
  "collector:Ember": {
    "NAME": "Уголёк",
    "DESCRIPTION": "Оставляется. NL Даёт !M! Силы, когда Сжигается. NL Сжигается.",
    "EXTENDED_DESCRIPTION": [
      "Угольки нужно зажигать, а не разыгрывать."
    ]
  },
  "collector:Empower": {
    "NAME": "Усиление",
    "DESCRIPTION": "Даёт X Силы в начале следующих !M! ходов."
  },
  "collector:Extricate": {
    "NAME": "Высвобождение",
    "DESCRIPTION": "Сжигает все карты в руке, кроме Атак. NL Наносит !D! урона."
  },
  "collector:FeelMyPain": {
    "NAME": "Почувствуй мою боль",
    "DESCRIPTION": "Случайный враг теряет !M! ОЗ, когда *Сжигается карта."
  },
  "collector:FiendFire": {
    "NAME": "Адское пламя",
    "DESCRIPTION": "Сжигает все карты в руке. NL Наносит !D! урона за каждую. NL Сжигается."
  },
  "collector:Finalize": {
    "NAME": "Добить",
    "DESCRIPTION": "Восполняет !clm2! ОЗ, когда враг погибает. NL Накладывает !M! collector:Порчи. NL Сжигается."
  },
  "collector:FingerOfDeath": {
    "NAME": "Касание смерти",
    "DESCRIPTION": "Может быть разыграна только за collector:Резервы. NL Накладывает !M! collector:Порчи.",
    "UPGRADE_DESCRIPTION": "Может быть разыграна только за collector:Резервы. NL Накладывает !M! collector:Порчи на ВСЕХ врагов."
  },
  "collector:FlameLash": {
    "NAME": "Пламенная плеть",
    "DESCRIPTION": "collector:Пиромант. NL Наносит !D! урона. NL Урон этой карты увеличивается на урон *Сожжённой карты.",
    "UPGRADE_DESCRIPTION": "collector:Пиромант. NL Наносит !D! урона. NL Урон этой карты увеличивается на !M! и на урон *Сожжённой карты."
  },
  "collector:FleetingEmbers": {
    "NAME": "Мимолётные искры",
    "DESCRIPTION": "collector:Пиромант. NL Даёт !B! Защиты. NL Добавляет в руку !M! *Уголька."
  },
  "collector:Forgery": {
    "NAME": "Подделка",
    "DESCRIPTION": "Наносит !D! урона. NL Выберите 1 из !M! карт из стопки Коллекции, добавьте в руку её копию.",
    "EXTENDED_DESCRIPTION": [
      "добавить в руку."
    ]
  },
  "collector:FuelTheFire": {
    "NAME": "Подлить масла в огонь",
    "DESCRIPTION": "collector:Пиромант. NL Даёт !M! collector:Резерва в следующем ходу.",
    "UPGRADE_DESCRIPTION": "collector:Пиромант. NL Даёт !M! collector:Резерва в следующем ходу и вы берёте карту."
  },
  "collector:Goodbye": {
    "NAME": "Прощай",
    "DESCRIPTION": "Удваивает наложенную на врага collector:Порчу. NL Сжигается.",
    "UPGRADE_DESCRIPTION": "Утраивает наложенную на врага collector:Порчу. NL Сжигается."
  },
  "collector:GourmandsGaze": {
    "NAME": "Взгляд гурмана",
    "DESCRIPTION": "Наносит !D! урона. NL Даёт !B! Защиты, если вы разыгрывали collector:Коллекционные карты в этом ходу."
  },
  "collector:GreaterHurting": {
    "NAME": "Бóльшая боль",
    "DESCRIPTION": "Эфирная. NL Наносит !D! урона. NL Добавляет в руку *Величайшую *боль, когда Сжигается.",
    "UPGRADE_DESCRIPTION": "Эфирная. NL Наносит !D! урона. NL Добавляет в руку *Величайшую *боль+, когда Сжигается."
  },
  "collector:GreatestHurting": {
    "NAME": "Величайшая боль",
    "DESCRIPTION": "Эфирная. NL Наносит !D! урона. NL Добавляет в руку *Уголёк, когда Сжигается."
  },
  "collector:GreenpyreLocus": {
    "NAME": "Локус Зелёного огня",
    "DESCRIPTION": "Выберите 1 из 3 собранных карт и добавьте !M! её копий в стопку Коллекции. NL Сжигается.",
    "EXTENDED_DESCRIPTION": [
      "Выберите карту, которую хотите добавить."
    ]
  },
  "collector:Heatwave": {
    "NAME": "Волна тепла",
    "DESCRIPTION": "Наносит !D! урона ВСЕМ врагам. NL Добавляет в руку *Уголёк."
  },
  "collector:Hoard": {
    "NAME": "Копить",
    "DESCRIPTION": "collector:Пиромант. NL Вы берёте !M! карты. NL В этом ходу они Оставляются."
  },
  "collector:HoardersStrike": {
    "NAME": "Удар скряги",
    "DESCRIPTION": "Наносит !D! урона. NL Вы разыгрываете верхнюю карту стопки Коллекции."
  },
  "collector:Hurting": {
    "NAME": "Боль",
    "DESCRIPTION": "Эфирная. NL Наносит !D! урона. NL Добавляет в руку *Бóльшую *боль, когда Сжигается.",
    "UPGRADE_DESCRIPTION": "Эфирная. NL Наносит !D! урона. NL Добавляет в руку *Бóльшую *боль+, когда Сжигается."
  },
  "collector:IllTakeThat": {
    "NAME": "Заберу это себе",
    "DESCRIPTION": "gremlin:Крадёт до !M! Защиты у врага. NL Наносит !D! урона."
  },
  "collector:InevitableDemise": {
    "NAME": "Неминуемая гибель",
    "DESCRIPTION": "Наносит !D! урона. NL Предотвращает следующее снятие collector:Порчи у врага."
  },
  "collector:InflictAgony": {
    "NAME": "Причинить агонию",
    "DESCRIPTION": "Наносит !D! урона. NL Накладывает 2 Слабости и Уязвимости, если враг не collector:Сокрушён."
  },
  "collector:Invigorate": {
    "NAME": "Взбодриться",
    "DESCRIPTION": "collector:Пиромант. NL Выберите и добавьте в руку *Подножку или *Ослепление. NL Сжигается.",
    "UPGRADE_DESCRIPTION": "collector:Пиромант. NL Выберите и добавьте в руку *Подножку+ или *Ослепление+. NL Сжигается.",
    "EXTENDED_DESCRIPTION": [
      "Выберите карту, которую хотите добавить."
    ]
  },
  "collector:IronbarkKindling": {
    "NAME": "Растопка из железного дерева",
    "DESCRIPTION": "Неиграбельная. NL Даёт !B! Защиты, когда Сжигается.",
    "UPGRADE_DESCRIPTION": "Неиграбельная. Оставляется. NL Даёт !B! Защиты, когда Сжигается.",
    "EXTENDED_DESCRIPTION": [
      "Сначала нужно зажечь эту растопку."
    ]
  },
  "collector:ItMattersNot": {
    "NAME": "Не имеет значения",
    "DESCRIPTION": "Даёт !B! Защиты. NL Увеличивает Уязвимость и Слабость ВСЕХ врагов на !M!."
  },
  "collector:JadedJabs": {
    "NAME": "Изумлённые уколы",
    "DESCRIPTION": "collector:Пиромант. NL Наносит !D! урона. NL Добавляет в руку *Заточки, их количество равно стоимости Сожжённой карты + !M!."
  },
  "collector:Karma": {
    "NAME": "Карма",
    "DESCRIPTION": "Даёт !M! Защиты в конце вашего хода. NL Даёт ещё !clm2! Защиты, если враг collector:Сокрушён.",
    "UPGRADE_DESCRIPTION": "Врождённая. NL Даёт !M! Защиты в конце вашего хода. NL Даёт ещё !clm2! Защиты, если враг collector:Сокрушён."
  },
  "collector:LanternFlare": {
    "NAME": "Вспышка фонаря",
    "DESCRIPTION": "collector:Пиромант. NL Накладывает !M! collector:Порчи. NL Враг получает ещё !clm2! collector:Порчи в конце каждого своего хода."
  },
  "collector:LuckyWick": {
    "NAME": "Счастливый фитиль",
    "DESCRIPTION": "Даёт !B! Защиты. NL Наносит !D! урона."
  },
  "collector:MastersCall": {
    "NAME": "Зов мастера",
    "DESCRIPTION": "Не используется!"
  },
  "collector:MiniCurse": {
    "NAME": "Малое проклятие",
    "DESCRIPTION": "collector:Пиромант. NL Накладывает 1 Слабости и Уязвимости.",
    "UPGRADE_DESCRIPTION": "collector:Пиромант. NL Накладывает 1 Слабости и Уязвимости на ВСЕХ врагов."
  },
  "collector:Misdirect": {
    "NAME": "Запутать",
    "DESCRIPTION": "Даёт !B! Защиты. NL Даёт 1 collector:Резерва в следующем ходу."
  },
  "collector:MysteryWeaving": {
    "NAME": "Таинственное плетение",
    "DESCRIPTION": "Даёт !B! Защиты. NL Даёт на 2 Защиты меньше за каждую карту в руке."
  },
  "collector:OakbrimKindling": {
    "NAME": "Дубовая растопка",
    "DESCRIPTION": "Неиграбельная. NL Вы берёте !M! карты, когда Сжигается.",
    "EXTENDED_DESCRIPTION": [
      "Сначала нужно зажечь эту растопку."
    ]
  },
  "collector:Omen": {
    "NAME": "Предзнаменование",
    "DESCRIPTION": "Даёт !M! Силы, когда вы разыгрываете Коллекционные карты.",
    "UPGRADE_DESCRIPTION": "Врождённая. NL Даёт !M! Силы, когда вы разыгрываете Коллекционные карты."
  },
  "collector:ProtectingCall": {
    "NAME": "Защитный зов",
    "DESCRIPTION": "Даёт !M! expansioncontent:Временного ОЗ. NL collector:Пламяголовый получает: «Даёт !clm2! Защиты»."
  },
  "collector:Pyromancy": {
    "NAME": "Пиромантия",
    "DESCRIPTION": "collector:Пиромант. NL Даёт 1 collector:Резерва в начале вашего хода.",
    "UPGRADE_DESCRIPTION": "Врождённая. collector:Пиромант. NL Даёт 1 collector:Резерва в начале вашего хода."
  },
  "collector:RagingCall": {
    "NAME": "Яростный зов",
    "DESCRIPTION": "Даёт !M! expansioncontent:Временного ОЗ. NL collector:Пламяголовый получает: «Наносит !clm2! урона ВСЕМ врагам»."
  },
  "collector:ReceiveTribute": {
    "NAME": "Принять дань",
    "DESCRIPTION": "collector:Пиромант. NL Выберите 1 из !M! карт Боссов и добавьте её в руку, она Оставляется. NL Сжигается.",
    "EXTENDED_DESCRIPTION": [
      "Выберите карту, которую хотите добавить в руку."
    ]
  },
  "collector:Roast": {
    "NAME": "Поджарить",
    "DESCRIPTION": "collector:Пиромант. NL Наносит !D! урона."
  },
  "collector:RotwoodKindling": {
    "NAME": "Гнилая растопка",
    "DESCRIPTION": "Неиграбельная. NL Накладывает !M! Уязвимости и collector:Порчи на ВСЕХ врагов, когда Сжигается.",
    "EXTENDED_DESCRIPTION": [
      "Сначала нужно зажечь эту растопку."
    ]
  },
  "collector:SapStrength": {
    "NAME": "Истощить силу",
    "DESCRIPTION": "Наносит !D! урона. NL Враг теряет ОЗ, равное удвоенному неблокированному урону, в конце своего хода."
  },
  "collector:ScorchingRay": {
    "NAME": "Палящие лучи",
    "DESCRIPTION": "Наносит !D! урона случайному врагу X раз."
  },
  "collector:SeedOfDoubt": {
    "NAME": "Зерно сомнения",
    "DESCRIPTION": "Накладывает !M! collector:Порчи. NL Увеличивает свой эффект на !clm2!, если находится в руке, когда Сжигается карта."
  },
  "collector:ShadowDaggers": {
    "NAME": "Теневые кинжалы",
    "DESCRIPTION": "Наносит !D! урона за каждую Коллекционную карту, разыгранную в этом бою. NL Сжигается.",
    "EXTENDED_DESCRIPTION": [
      " NL (Наносит урон ",
      " раз.)",
      " раза.)"
    ]
  },
  "collector:SomberShield": {
    "NAME": "Мрачный щит",
    "DESCRIPTION": "collector:Пиромант. NL Даёт !B! Защиты. NL Добавляет в руку копию *Сожжённой карты в следующем ходу."
  },
  "collector:SoulSnare": {
    "NAME": "Ловушка для душ",
    "DESCRIPTION": "Накладывает !M! collector:Рока. NL Сжигается."
  },
  "collector:Soulforge": {
    "NAME": "Кузница душ",
    "DESCRIPTION": "Вы берёте Коллекционную карту и добавляете в руку !M! её улучшенных копий. NL Сжигается.",
    "UPGRADE_DESCRIPTION": "Вы берёте Коллекционную карту и добавляете в руку !M! её улучшенных копий. NL Сжигается."
  },
  "collector:Spark": {
    "NAME": "Искра",
    "DESCRIPTION": "Даёт 1 collector:Резерва. NL Сжигается.",
    "UPGRADE_DESCRIPTION": "Даёт 1 collector:Резерва. NL Вы берёте карту. NL Сжигается."
  },
  "collector:SpiritLeech": {
    "NAME": "Пиявка духа",
    "DESCRIPTION": "Наносит !D! урона. NL Даёт !B! Защиты, если враг collector:Сокрушён."
  },
  "collector:StashAway": {
    "NAME": "В дальний ящик",
    "DESCRIPTION": "Даёт !B! Защиты X раз. NL Даёт X collector:Резерва в следующем ходу. NL Сжигается."
  },
  "collector:Strike": {
    "NAME": "Удар",
    "DESCRIPTION": "Наносит !D! урона."
  },
  "collector:SuckerPunch": {
    "NAME": "Удар исподтишка",
    "DESCRIPTION": "Наносит !D! урона. NL Накладывает !M! Слабости."
  },
  "collector:Suffering": {
    "NAME": "Страдание",
    "DESCRIPTION": "Накладывает !M! collector:Порчи, когда вы накладываете на врага Слабость или Уязвимость."
  },
  "collector:SunbloomKindling": {
    "NAME": "Солнечная растопка",
    "DESCRIPTION": "Неиграбельная. NL Даёт !M! Силы и добавляет в руку 2 *Уголька, когда Сжигается.",
    "EXTENDED_DESCRIPTION": [
      "Сначала нужно зажечь эту растопку."
    ]
  },
  "collector:ThornWhip": {
    "NAME": "Шипастый хлыст",
    "DESCRIPTION": "Наносит !D! урона и накладывает !M! hermit:Травмы на ВСЕХ врагов. NL Добавляет в руку *Заточку."
  },
  "collector:Torchbearer": {
    "NAME": "Факелоносец",
    "DESCRIPTION": "Даёт !M! expansioncontent:Временного ОЗ. NL Сжигается.",
    "UPGRADE_DESCRIPTION": "Сжигается, если у вас есть expansioncontent:Временное ОЗ. NL Даёт !M! expansioncontent:Временного ОЗ."
  },
  "collector:VoidArmor": {
    "NAME": "Броня бездны",
    "DESCRIPTION": "Даёт ВСЕМ !B! Защиты и 1 expansioncontent:Неуязвимости."
  },
  "collector:WhirlingFlame": {
    "NAME": "Пламенный вихрь",
    "DESCRIPTION": "Наносит !D! урона ВСЕМ врагам. NL Вы кладёте карту из стопки сброса на верх стопки добора."
  },
  "collector:Whomp": {
    "NAME": "Хлёсткий удар",
    "DESCRIPTION": "Наносит !D! урона. NL Даёт !M! expansioncontent:Временного ОЗ. NL Сжигается."
  },
  "collector:Wildfire": {
    "NAME": "Дикое пламя",
    "DESCRIPTION": "Наносит !D! урона за каждое ослабление на враге."
  },
  "collector:YouAreMine": {
    "NAME": "Ты принадлежишь мне!",
    "DESCRIPTION": "Накладывает !M! Слабости. NL Накладывает !M! Уязвимости. Накладывает !clm2! collector:Порчи."
  },
  "collector:AcidSlimeCard": {
    "NAME": "Кислотный слизень",
    "DESCRIPTION": "Добавляет в руку !M! случайную карту стоимостью 0.",
    "UPGRADE_DESCRIPTION": "Добавляет в руку !M! случайных карт стоимостью 0."
  },
  "collector:AugmenterCard": {
    "NAME": "Усилитель",
    "DESCRIPTION": "Отнимает 3 ОЗ. NL Даёт !M! Силы."
  },
  "collector:BearCard": {
    "NAME": "Медведь",
    "DESCRIPTION": "Даёт !B! Защиты. NL Снимает всю Защиту врага. NL Наносит !D! урона."
  },
  "collector:BlueSlaverCard": {
    "NAME": "Синий работорговец",
    "DESCRIPTION": "Наносит !D! урона. NL Накладывает 1 Силы. NL Удваивает наложенную на врага Слабость."
  },
  "collector:BonfireSpiritsCard": {
    "NAME": "Духи костра",
    "DESCRIPTION": "collector:Пиромант. NL Восполняет !M! ОЗ. NL Увеличивает Макс. ОЗ на 1, когда Сжигает Редкую карту."
  },
  "collector:BookOfStabbingCard": {
    "NAME": "Книга тычков",
    "DESCRIPTION": "Накладывает !M! collector:Порчи, когда вы наносите урон по ОЗ."
  },
  "collector:BronzeOrbCard": {
    "NAME": "Бронзовая сфера",
    "DESCRIPTION": "Даёт !B! Защиты. NL Наносит !D! урона. NL Верхняя карта стопки добора стоит 0, пока не разыграна."
  },
  "collector:ByrdCard": {
    "NAME": "Птах",
    "DESCRIPTION": "Наносит !D! урона 5 раз."
  },
  "collector:CenturionCard": {
    "NAME": "Центурион",
    "DESCRIPTION": "Даёт !B! Защиты. NL Даёт !M! Ловкости."
  },
  "collector:ChosenCard": {
    "NAME": "Избранный",
    "DESCRIPTION": "Накладывает !M! Слабости. NL Накладывает !clm2! Уязвимости, если враг не собирается атаковать."
  },
  "collector:ClericCard": {
    "NAME": "Клирик",
    "DESCRIPTION": "collector:Пиромант. NL Даёт !M! expansioncontent:Временного ОЗ."
  },
  "collector:CultistCard": {
    "NAME": "Культист",
    "DESCRIPTION": "collector:Пиромант. NL Даёт 1 Силы в начале следующих 3 ходов."
  },
  "collector:DaggerCard": {
    "NAME": "Кинжал",
    "DESCRIPTION": "Отнимает !M! ОЗ. NL Наносит !D! урона."
  },
  "collector:DarklingsCard": {
    "NAME": "Темныши",
    "DESCRIPTION": "collector:Пиромант. NL Наносит !D! урона. expansioncontent:Воскрешает Коллекционную карту.",
    "EXTENDED_DESCRIPTION": [
      "Воскресить и получить 2 её копии."
    ]
  },
  "collector:DesignerInSpireCard": {
    "NAME": "Дизайнер из Шпиля",
    "DESCRIPTION": "Даёт !M! expansioncontent:Временного ОЗ. NL collector:Пламяголовый получает: «Вы берёте 1 карту»."
  },
  "collector:FinalBossCard": {
    "NAME": "Финальный босс",
    "DESCRIPTION": "Снимает Непобедимость и hermit:Оглушает врага. NL Сжигается."
  },
  "collector:FaceTraderCard": {
    "NAME": "Торговец лицами",
    "DESCRIPTION": "Добавляет в руку !M! карт случайного цвета. NL Они становятся Эфирными."
  },
  "collector:FatGremlinCard": {
    "NAME": "Толстый гремлин",
    "DESCRIPTION": "Наносит !D! урона. NL Накладывает !M! Слабости."
  },
  "collector:FungiBeastCard": {
    "NAME": "Грибной зверь",
    "DESCRIPTION": "Накладывает !M! Уязвимости. NL Накладывает 1 Уязвимости на ВСЕХ врагов."
  },
  "collector:GiantHeadCardStageOne": {
    "NAME": "Тик",
    "DESCRIPTION": "Добавляет в руку *Так в следующем ходу."
  },
  "collector:GiantHeadCardStageTwo": {
    "NAME": "Так",
    "DESCRIPTION": "Добавляет в руку *Огромную *голову в следующем ходу."
  },
  "collector:GiantHeadCardStageThree": {
    "NAME": "Огромная голова",
    "DESCRIPTION": "Наносит !D! урона ВСЕМ врагам."
  },
  "collector:GremlinLeaderCard": {
    "NAME": "Предводитель гремлинов",
    "DESCRIPTION": "Добавляет в руку !M! случайных Коллекционных карт Гремлинов."
  },
  "collector:GremlinNobCard": {
    "NAME": "Гремлин-знатный",
    "DESCRIPTION": "Даёт !M! Бодрости, когда вы разыгрываете Навык."
  },
  "collector:GremlinWizardCard": {
    "NAME": "Гремлин-чародей",
    "DESCRIPTION": "Даёт !M! Бодрости и 1 collector:Резерва в следующем ходу."
  },
  "collector:JawWormCard": {
    "NAME": "Челюстной червь",
    "DESCRIPTION": "Даёт !B! Защиты. NL Даёт !M! Силы."
  },
  "collector:JousterCard": {
    "NAME": "Жонглёр",
    "DESCRIPTION": "Наносит !D! урона. NL Даёт !B! Защиты, если вы сражаетесь с одним врагом."
  },
  "collector:LagavulinCard": {
    "NAME": "Лагавулин",
    "DESCRIPTION": "ВСЕ враги теряют !M! Силы."
  },
  "collector:LivingWallCard": {
    "NAME": "Живая стена",
    "DESCRIPTION": "collector:Пиромант. NL Добавляет в руку случайную Улучшенную карту. NL Она стоит 0, пока не разыграна."
  },
  "collector:LouseCard": {
    "NAME": "Вошь",
    "DESCRIPTION": "Даёт 1 bronze:Неуязвимости. NL Даёт !B! Защиты при следующей потере ОЗ от атак."
  },
  "collector:MadGremlinCard": {
    "NAME": "Безумный гремлин",
    "DESCRIPTION": "Даёт !M! временной Силы."
  },
  "collector:MawCard": {
    "NAME": "Пасть",
    "DESCRIPTION": "Наносит !D! урона."
  },
  "collector:MerchantCard": {
    "NAME": "Торговец",
    "DESCRIPTION": "Добавляет в руку !M! случайных Бесцветных карт. NL В этом ходу они стоят 0."
  },
  "collector:MushroomCard": {
    "NAME": "Гриб",
    "DESCRIPTION": "Наносит !D! урона. NL Накладывает !M! Слабости или Уязвимости."
  },
  "collector:MysticCard": {
    "NAME": "Мистик",
    "DESCRIPTION": "Даёт !M! expansioncontent:Временного ОЗ."
  },
  "collector:NlothCard": {
    "NAME": "Н'лот",
    "DESCRIPTION": "collector:Пиромант. NL Добавляет в руку случайную Редкую карту. NL Она стоит на 1 меньше.",
    "UPGRADE_DESCRIPTION": "collector:Пиромант. NL Добавляет в руку случайную Редкую карту. NL Она стоит 0."
  },
  "collector:NemesisCard": {
    "NAME": "Немезида",
    "DESCRIPTION": "Даёт 1 Неуязвимость."
  },
  "collector:OrbWalkerCard": {
    "NAME": "Сфероход",
    "DESCRIPTION": "Наносит !D! урона. NL Добавляет в руку !M! *Уголька."
  },
  "collector:PointyCard": {
    "NAME": "Острый",
    "DESCRIPTION": "Наносит !D! урона дважды. NL Вы берёте 1 карту."
  },
  "collector:RanwidCard": {
    "NAME": "Ранвид",
    "DESCRIPTION": "В конце боя вы получаете зелье и *дополнительную *карту в награду."
  },
  "collector:RedSlaverCard": {
    "NAME": "Красный работорговец",
    "DESCRIPTION": "Враг теряет !M! Силы до конца своего хода."
  },
  "collector:ReptomancerCard": {
    "NAME": "Рептомант",
    "DESCRIPTION": "Даёт !M! expansioncontent:Временного ОЗ. NL collector:Пламяголовый получает: «Накладывает !clm2! Яда на случайного врага»."
  },
  "collector:RepulsorCard": {
    "NAME": "Отталкиватель",
    "DESCRIPTION": "collector:Пиромант. NL Вы берёте !M! карты."
  },
  "collector:RomeoCard": {
    "NAME": "Ромео",
    "DESCRIPTION": "Следующая разыгранная Атака стоит 0 и наносит !M! дополнительного урона."
  },
  "collector:ScrapOozeCard": {
    "NAME": "Слизень-мусорщик",
    "DESCRIPTION": "collector:Пиромант. NL Отнимает 3 ОЗ. NL Добавляет в руку !M! случайных Атак. NL В этом ходу они стоят 0."
  },
  "collector:SentryCard": {
    "NAME": "Часовой",
    "DESCRIPTION": "Наносит !D! урона. NL Накладывает !M! Слабости. NL Дважды, если среди Сожжённых карт есть *Часовой."
  },
  "collector:ShelledParasiteCard": {
    "NAME": "Панцирный паразит",
    "DESCRIPTION": "Даёт !M! Шипов."
  },
  "collector:ShieldGremlinCard": {
    "NAME": "Гремлин-щитоносец",
    "DESCRIPTION": "Даёт !B! Защиты."
  },
  "collector:SnakePlantCard": {
    "NAME": "Змеецвет",
    "DESCRIPTION": "Наносит !D! урона 3 раза."
  },
  "collector:SneakyGremlinCard": {
    "NAME": "Коварный гремлин",
    "DESCRIPTION": "Наносит !D! урона. NL Вы берёте 1 карту."
  },
  "collector:SneckoCard": {
    "NAME": "Змекко",
    "DESCRIPTION": "Вы берёте !M! карты. NL sneckomod:Запутывает все карты в руке."
  },
  "collector:SphericGuardianCard": {
    "NAME": "Сферический страж",
    "DESCRIPTION": "Даёт !M! expansioncontent:Неуязвимости."
  },
  "collector:SpikerCard": {
    "NAME": "Шипастый",
    "DESCRIPTION": "Даёт !M! Шипов."
  },
  "collector:SpikeSlimeCard": {
    "NAME": "Шипастый слизень",
    "DESCRIPTION": "Даёт !B! Защиты. NL Наносит врагу !M! урона в ответ на каждую атаку в этом ходу."
  },
  "collector:SpireGrowthCard": {
    "NAME": "Отросток Шпиля",
    "DESCRIPTION": "Враг получает !M! урона в конце каждого своего хода."
  },
  "collector:SpireShieldCard": {
    "NAME": "Щит Шпиля",
    "DESCRIPTION": "Даёт !M! Ловкости."
  },
  "collector:SpireSpearCard": {
    "NAME": "Копьё Шпиля",
    "DESCRIPTION": "Даёт !M! Силы."
  },
  "collector:SsserpentCard": {
    "NAME": "З-з-змей",
    "DESCRIPTION": "Наносит !D! урона. NL Добавляет в руку *Сомнение."
  },
  "collector:TaskmasterCard": {
    "NAME": "Надсмотрщик",
    "DESCRIPTION": "Накладывает !clm2! collector:Порчи. NL Наносит !D! урона. NL Даёт !M! Силы."
  },
  "collector:ThievesCard": {
    "NAME": "Воры",
    "DESCRIPTION": "Вы получаете на !M! урона меньше от атак в этом ходу."
  },
  "collector:TorchHeadCard": {
    "NAME": "Голова-факел",
    "DESCRIPTION": "Добавляет в руку случайный Приказ Голове-факелу. NL В этом ходу он стоит 0."
  },
  "collector:TransientCard": {
    "NAME": "Преходящий",
    "DESCRIPTION": "Даёт !M! Силы. NL Вы умрёте через 6 ходов."
  },
  "collector:VagrantCard": {
    "NAME": "Бродяга",
    "DESCRIPTION": "Даёт !M! collector:Резерва. NL Добавляет в руку *Стыд."
  },
  "collector:WomanInBlueCard": {
    "NAME": "Женщина в синем",
    "DESCRIPTION": "Даёт случайное зелье. NL В конце боя отнимает ВСЕ зелья."
  },
  "collector:WrithingMassCard": {
    "NAME": "Извивающаяся масса",
    "DESCRIPTION": "Вы Предсказываете !M! карт. NL Вы разыгрываете верхнюю карту стопки добора."
  },
  "collector:DefaultCollectibleCard": {
    "NAME": "Бездушная оболочка",
    "DESCRIPTION": "Эта сущность ещё не является частью Коллекции! NL Даёт !M! Силы и Ловкости."
  },
  "collector:ShootingStar": {
    "NAME": "Падающая звезда",
    "DESCRIPTION": "При первом разыгрывании Атаки collector:Пироманта за ход добавляет в руку её копию. NL Она стоит 0, пока не разыграна."
  },
  "collector:CollectorCard": {
    "NAME": "Уроборос",
    "DESCRIPTION": "collector:Пиромант. NL Накладывает !M! Слабости. NL Накладывает !M! Уязвимости. NL Даёт !clm2! expansioncontent:Временного ОЗ."
  },
  "collector:Sapped": {
    "NAME": "Истощение",
    "DESCRIPTION": "collector:Пиромант. NL Не может быть удалена из колоды. NL Сжигается."
  }
}