[
  {
    "PROPER_NAME": "Сокрушение",
    "NAMES": [
      "сокрушение",
      "сокрушения",
      "сокрушён",
      "сокрушённый",
      "сокрушённые",
      "сокрушено",
      "afflicted"
    ],
    "DESCRIPTION": "Существа считаются #yСокрушёнными, когда на них одновременно наложены #yСлабость и #yУязвимость."
  },
  {
    "PROPER_NAME": "Порча",
    "NAMES": [
      "порча",
      "порчи",
      "порчей",
      "порчу",
      "doom",
      "doomed"
    ],
    "DESCRIPTION": "Существа с #yПорчей теряют равное ей количество ОЗ в начале своего хода. Затем #yПорча снимается, если только существо не #yСокрушено (одновременно имеет #yУязвимость и #yСлабость)."
  },
  {
    "PROPER_NAME": "Пиромант",
    "NAMES": [
      "пиромант",
      "пироманта",
      "пироманты",
      "pyre"
    ],
    "DESCRIPTION": "Помимо стоимости карты также требует #yСжечь #b1 карту в руке."
  },
  {
    "PROPER_NAME": "Резерв",
    "NAMES": [
      "резерв",
      "резерва",
      "резервы",
      "reserve",
      "reserves"
    ],
    "DESCRIPTION": "Отдельный тип энергии, сохраняющийся между ходами."
  },
  {
    "PROPER_NAME": "Мегаэфирная",
    "NAMES": [
      "мегаэфирная",
      "мегаэфирные",
      "megathereal"
    ],
    "DESCRIPTION": "Мегаэфирные карты перемещаются в стопку сжигания при разыгрывании или в конце хода, независимо от того, где они находились."
  },
  {
    "PROPER_NAME": "Пламяголовый",
    "NAMES": [
      "пламяголовый",
      "пламяголового",
      "пламяголовые",
      "пламяголовых"
    ],
    "DESCRIPTION": "Когда у вас есть #yвременное #yОЗ, каждая ваша Атака активирует эффект Пламяголового."
  }
]