{
  "collector:MiniCursePotion": {
    "NAME": "Экстракт души",
    "DESCRIPTIONS": [
      "Накладывает #b1 #yСлабости, #b1 #yУязвимости и #b6 #yПорчи.",
      "Накладывает #b",
      " #yСлабости, #b",
      " #yУязвимости и #b",
      " #yПорчи."
    ]
  },
  "collector:ReservePotion": {
    "NAME": "Зелье резерва",
    "DESCRIPTIONS": [
      "Даёт #b2 #yРезерва.",
      "Даёт #b",
      " #yРезерва."
    ]
  },
  "collector:DebuffDoublePotion": {
    "NAME": "Масла для бальзамирования",
    "DESCRIPTIONS": [
      "Удваивает ослабления врага.",
      "Увеличивает ослабления врага в #b",
      " раз."
    ]
  },
  "collector:TempHPPotion": {
    "NAME": "Скверная водица",
    "DESCRIPTIONS": [
      "Даёт #b8 #yВременного ОЗ.",
      "Даёт #b",
      " #yВременного ОЗ."
    ]
  }
}