{
  "collector:AddCopyNextTurn": {
    "NAME": "Добор карты",
    "DESCRIPTIONS": [
      "Добавляет в руку ",
      " в начале следующего хода."
    ]
  },
  "collector:BindingCall": {
    "NAME": "Призыв оков",
    "DESCRIPTIONS": [
      "Накладывает #b",
      " #yПорчи на ВСЕХ врагов при потере всего #yВременного ОЗ.",
      "Примечание для переводчиков: НЕ ИСПОЛЬЗУЕТСЯ"
    ]
  },
  "collector:CantTouchThis": {
    "NAME": "Не тронь меня",
    "DESCRIPTIONS": [
      "Накладывает #b",
      " #yПорчи на врага, когда вы полностью блокируете урон от атак."
    ]
  },
  "collector:Crackle": {
    "NAME": "Потрескивание",
    "DESCRIPTIONS": [
      "Даёт #b1 #yРезерва в начале вашего хода.",
      "Даёт #b",
      " #yРезерва в начале вашего хода."
    ]
  },
  "collector:DarkLordForm": {
    "NAME": "Облик Тёмной владычицы",
    "DESCRIPTIONS": [
      "В начале вашего хода разыгрываете #yТы #yпринадлежишь #yмне! на случайного врага.",
      "В начале вашего хода разыгрываете #b",
      " копии #yТы #yпринадлежишь #yмне! на случайных врагов."
    ]
  },
  "collector:DarkLordFormPlus": {
    "NAME": "Облик Тёмной владычицы+",
    "DESCRIPTIONS": [
      "В начале вашего хода разыгрываете #yТы #yпринадлежишь #yмне!+ на случайного врага.",
      "В начале вашего хода разыгрываете #b",
      " копии #yТы #yпринадлежишь #yмне!+ на случайных врагов."
    ]
  },
  "collector:DoMayhem": {
    "NAME": "Да будет хаос",
    "DESCRIPTIONS": [
      "В начале вашего хода, если на одного из врагов наложено не менее #b",
      " #yПорчи, вы разыгрываете верхнюю карту стопки добора.",
      " #yПорчи, вы разыгрываете #b",
      " верхних карт стопки добора."
    ]
  },
  "collector:Doom": {
    "NAME": "Порча",
    "DESCRIPTIONS": [
      "В начале своего хода теряет #b",
      " ОЗ и снимает этот эффект, если не #yСокрушён."
    ]
  },
  "collector:DoublePlayCollectibles": {
    "NAME": "Двойной сбор",
    "DESCRIPTIONS": [
      "Коллекционные карты разыгрываются дважды.",
      "Коллекционные карты разыгрываются #b",
      " дополнительных раз."
    ]
  },
  "collector:DemisePower": {
    "NAME": "Неминуемая гибель",
    "DESCRIPTIONS": [
      "Предотвращает следующее снятие #yПорчи с этого врага.",
      "Предотвращает следующие #b",
      " снятия #yПорчи с этого врага."
    ]
  },
  "collector:FeelMyPain": {
    "NAME": "Почувствуй мою боль",
    "DESCRIPTIONS": [
      "Каждый раз, когда вы #yСжигаете карту, случайный враг теряет #b",
      " ОЗ."
    ]
  },
  "collector:HealIfDieThisTurn": {
    "NAME": "Прикончить",
    "DESCRIPTIONS": [
      "Когда ",
      " погибает, восполняет вам #b",
      " ОЗ."
    ]
  },
  "collector:Karma": {
    "NAME": "Карма",
    "DESCRIPTIONS": [
      "В конце вашего хода, если враг #yСокрушён, получает #b",
      " #yЗащиты."
    ]
  },
  "collector:NextAttackAppliesDoom": {
    "NAME": "Обречённая атака",
    "DESCRIPTIONS": [
      "Ваша следующая Атака в этом ходу накладывает #b",
      " #yПорчи."
    ]
  },
  "collector:AttacksApplyDoomPower": {
    "NAME": "Обречённые атаки",
    "DESCRIPTIONS": [
      "Атаки в этом ходу накладывают #b",
      " #yПорчи."
    ]
  },
  "collector:NextCollectedTwice": {
    "NAME": "Двойная порция",
    "DESCRIPTIONS": [
      "Ваша следующая Коллекционная карта в этом ходу разыгрывается дважды.",
      "Ваши следующие #b",
      " Коллекционных карт в этом ходу разыгрываются дважды."
    ]
  },
  "collector:NextTurnReserve": {
    "NAME": "Резерв на следующий ход",
    "DESCRIPTIONS": [
      "В начале вашего следующего хода получает #b1 #yРезерва.",
      "В начале вашего следующего хода получает #b",
      " #yРезерва."
    ]
  },
  "collector:Omen": {
    "NAME": "Предзнаменование",
    "DESCRIPTIONS": [
      "Даёт #b",
      " #yСилы, когда вы разыгрываете #yКоллекционные карты."
    ]
  },
  "collector:ProtectingCall": {
    "NAME": "Защитный зов",
    "DESCRIPTIONS": [
      "В начале вашего хода, если у вас есть #yВременное ОЗ, получает #b",
      " #yЗащиты.",
      "Примечание для переводчиков: НЕ ИСПОЛЬЗУЕТСЯ"
    ]
  },
  "collector:RagingCall": {
    "NAME": "Яростный зов",
    "DESCRIPTIONS": [
      "В конце вашего хода, если у вас есть #yВременное ОЗ, наносит #b",
      " урона ВСЕМ врагам.",
      "Примечание для переводчиков: НЕ ИСПОЛЬЗУЕТСЯ"
    ]
  },
  "collector:Reserve": {
    "NAME": "Резервы",
    "DESCRIPTIONS": [
      "У вас есть #b1 #yРезерва.",
      "У вас есть #b",
      " #yРезерва."
    ]
  },
  "collector:Soulforge": {
    "NAME": "Кузница душ",
    "DESCRIPTIONS": [
      "В начале вашего хода добавляет в руку #b1 #yУголёк.",
      "В начале вашего хода добавляет в руку #b",
      " #yУголька."
    ]
  },
  "collector:StrengthOverTurns": {
    "NAME": "Усиление",
    "DESCRIPTIONS": [
      "В начале вашего следующего хода получает #b",
      " #yСилы.",
      "В начале ваших следующих #b",
      " ходов получает #b"
    ]
  },
  "collector:Suffering": {
    "NAME": "Страдание",
    "DESCRIPTIONS": [
      "Каждый раз, когда вы накладываете #yСлабость или #yУязвимость, цель теряет #b",
      " ОЗ."
    ]
  },
  "collector:TorchHead": {
    "NAME": "Пламяголовый",
    "DESCRIPTIONS": [
      "Каждый раз, когда вы разыгрываете #yАтаку, если у вас есть #yВременное ОЗ, Пламяголовый: NL ",
      "Накладывает #b",
      " #yПорчи на случайного врага.",
      "Наносит #b",
      " урона ВСЕМ врагам.",
      "Даёт вам #b",
      " #yЗащиты.",
      "Накладывает #b",
      " #yЯда на случайного врага.",
      "Даёт вам взять #b",
      " карту.",
      " карты."
    ]
  },
  "collector:IncreasedCollectionDraw": {
    "NAME": "Увеличенный добор Коллекции",
    "DESCRIPTIONS": [
      "Каждый ход берите на #b1 Коллекционную карту больше.",
      "Каждый ход берите на #b",
      " Коллекционных карт больше."
    ]
  },
  "collector:MastersCall": {
    "NAME": "Зов мастера",
    "DESCRIPTIONS": [
      "Каждый раз, когда вы разыгрываете Атаку, если у вас есть #yВременное ОЗ, наносит #b",
      " урона случайному врагу.",
      "Примечание для переводчиков: НЕ ИСПОЛЬЗУЕТСЯ"
    ]
  },
  "collector:LouseCard": {
    "NAME": "Свернуться",
    "DESCRIPTIONS": [
      "Когда вы в следующий раз получаете неблокируемый урон от атаки, получает #b",
      " #yЗащиты."
    ]
  },
  "collector:MadGremlinCard": {
    "NAME": "Злость",
    "DESCRIPTIONS": [
      "Если в этом ходу вы получили неблокируемый урон от атаки, добавляет в руку #yБезумного #yгремлина.",
      "Если в этом ходу вы получили неблокируемый урон от атаки, добавляет в руку #b",
      " #yБезумных #yгремлинов."
    ]
  },
  "collector:GremlinWizardCard": {
    "NAME": "Зарядка",
    "DESCRIPTIONS": [
      "В следующем ходу получает #b",
      " #yБодрости."
    ]
  },
  "collector:ThievesCard": {
    "NAME": "Увёртливость",
    "DESCRIPTIONS": [
      "В этом ходу получает на #b",
      " урона меньше от атак."
    ]
  },
  "collector:BookofStabbingCardPower": {
    "NAME": "Тычковость",
    "DESCRIPTIONS": [
      "Каждый раз, когда вы наносите неблокируемый урон атакой, накладывает #b",
      " #yПорчи."
    ]
  },
  "collector:TransientCard": {
    "NAME": "Исчезновение",
    "DESCRIPTIONS": [
      "В конце вашего хода #rумирает.",
      "Через #b",
      " хода #rумирает."
    ]
  },
  "collector:ReptomancerCard": {
    "NAME": "Токсичный зов",
    "DESCRIPTIONS": [
      "В конце вашего хода, если у вас есть #yВременное ОЗ, накладывает #b",
      " #yЯда на случайного врага."
    ]
  },
  "collector:MoreBlockWithTempHP": {
    "NAME": "Напёрсточный шлем",
    "DESCRIPTIONS": [
      "Пока у вас есть #yВременное ОЗ, получайте на #b",
      " больше #yЗащиты от карт."
    ]
  },
  "collector:NextTurnVigor": {
    "NAME": "Бодрость в следующий ход",
    "DESCRIPTIONS": [
      "В начале вашего следующего хода получает #b",
      " #yБодрости."
    ]
  },
  "collector:AcidSlimeCard": {
    "NAME": "Слизистое удвоение",
    "DESCRIPTIONS": [
      "Ваша следующая #yАтака или #yНавык в этом ходу разыгрываются дважды.",
      "Ваши следующие #b",
      " #yАтаки или #yНавыки в этом ходу разыгрываются дважды."
    ]
  },
  "collector:GremlinNobCard": {
    "NAME": "Ярость",
    "DESCRIPTIONS": [
      "Каждый раз, когда вы разыгрываете #yНавык, получает #b",
      " #yБодрости."
    ]
  },
  "collector:LanternFlare": {
    "NAME": "Опалённый",
    "DESCRIPTIONS": [
      "В конце своего хода получает #b",
      " #yПорчи."
    ]
  },
  "collector:WomanInBlueCard": {
    "NAME": "Женщина в синем",
    "DESCRIPTIONS": [
      "В конце боя теряет все зелья."
    ]
  },
  "collector:ShootingStar": {
    "NAME": "Падающая звезда",
    "DESCRIPTIONS": [
      "Первый раз за ход, когда вы разыгрываете Атаку #yПироманта, возвращает её в руку. Она стоит #b0, пока не разыграна.",
      "Первые #b",
      " раз за ход, когда вы разыгрываете Атаку #yПироманта, возвращает её в руку. Она стоит #b0, пока не разыграна."
    ]
  },
  "collector:LoseHpNextTurn": {
    "NAME": "Истощение",
    "DESCRIPTIONS": [
      "В конце своего хода теряет #b",
      " ОЗ."
    ]
  }
}