{
  "collector:EmeraldTorch": {
    "NAME": "Изумрудный факел",
    "FLAVOR": "Пламя жадности никогда не угасает.",
    "DESCRIPTIONS": [
      "Начинайте каждый бой с #b1 #ycollector:Резервом."
    ]
  },
  "collector:PrismaticTorch": {
    "NAME": "Призматический факел",
    "FLAVOR": "Меняющееся пламя отражает благосклонность судьбы.",
    "DESCRIPTIONS": [
      "Заменяет ",
      ".[] В начале каждого боя добавляет в руку #yУголёк и даёт #b1 #ycollector:Резерв. Первый раз за ход, когда вы #yСжигаете #yУголёк, получайте #b1 #ycollector:Резерв."
    ]
  },
  "collector:HolidayCoal": {
    "NAME": "Крамповский уголь",
    "FLAVOR": "«Забавно! Но почему только для особых дымоходов?» — Ранвид",
    "DESCRIPTIONS": [
      "Когда вы должны взять карту из пустой стопки Коллекции, добавляйте в руку #yСчастливый #yфитиль."
    ]
  },
  "collector:BagOfTricks": {
    "NAME": "Мешочек с фокусами",
    "FLAVOR": "Хитро.",
    "DESCRIPTIONS": [
      "В начале каждого боя берите #b",
      " Коллекционных карт."
    ]
  },
  "collector:JadeRing": {
    "NAME": "Нефритовое кольцо",
    "FLAVOR": "Нефрит — символ честности.",
    "DESCRIPTIONS": [
      "Враги получают на #b",
      " больше урона от #ycollector:Порчи."
    ]
  },
  "collector:SoullitLamp": {
    "NAME": "Светильник душ",
    "FLAVOR": "Жуткое украшение. Треск пламени сменился гудящими воплями.",
    "DESCRIPTIONS": [
      "При получении даёт #b3 #yЭссенции. В начале боя добавляет в руку #yУголёк."
    ]
  },
  "collector:ThimbleHelm": {
    "NAME": "Шлем-напёрсток",
    "FLAVOR": "Ношу самых миниатюрных героев Шпиля.",
    "DESCRIPTIONS": [
      "Начинайте каждый бой с #b",
      " #yВременного ОЗ. Пока у вас есть #yВременное ОЗ, карты дают на #b1 больше #yЗащиты."
    ]
  },
  "collector:Incense": {
    "NAME": "Благовония",
    "FLAVOR": "Архаичный способ прояснения разума.",
    "DESCRIPTIONS": [
      "Вы не можете получить #yСлабость, #yУязвимость или #yХрупкость, пока на вас уже есть #yСлабость, #yУязвимость или #yХрупкость."
    ]
  },
  "collector:FuelCanister": {
    "NAME": "Канистра с топливом",
    "FLAVOR": "Отвратительно.",
    "DESCRIPTIONS": [
      "В конце вашего хода #yСохраняйте карту с наименьшей стоимостью в руке."
    ]
  },
  "collector:AutoCurser": {
    "NAME": "Проклятый талисман",
    "FLAVOR": "«Когда я надеваю это, я ударяюсь мизинцем гораздо чаще. Думаю, это работает!» — Ранвид",
    "DESCRIPTIONS": [
      "В начале боя накладывает #b1 #yСлабости и #yУязвимости на случайного врага."
    ]
  },
  "collector:Bagpipes": {
    "NAME": "Волынка",
    "FLAVOR": "Говорят, этот ужасный инструмент свёл с ума самого Хубилая.",
    "DESCRIPTIONS": [
      "Каждый раз, когда вы накладываете новую #yСлабость или #yУязвимость на врага, увеличивайте количество на #b1."
    ]
  },
  "collector:BottledCollectible": {
    "NAME": "Мозг в банке",
    "FLAVOR": "Добыто из лаборатории волшебника.",
    "DESCRIPTIONS": [
      "При получении #yУлучшите карту в вашей Коллекции. Начинайте бой с этой картой наверху стопки Коллекции.",
      "Начинайте бой с картой «",
      "» наверху стопки Коллекции.",
      "Выберите карту для сохранения ",
      "Карта, связанная с этой реликвией, была #rудалена из вашей колоды, реликвия больше не работает."
    ]
  },
  "collector:TheContract": {
    "NAME": "Контракт",
    "FLAVOR": "Подписано кровью.",
    "DESCRIPTIONS": [
      "При получении даёт #b",
      " #yЭссенции."
    ]
  },
  "collector:ForbiddenFruit": {
    "NAME": "Запретный плод",
    "FLAVOR": "Этот вид фруктов выглядит совершенно незнакомо.",
    "DESCRIPTIONS": [
      "При получении добавьте в колоду #rПаразита и получите #b",
      " Макс. ОЗ. Начинайте каждый бой с #b",
      " #yЛовкости."
    ]
  },
  "collector:RoughDiamond": {
    "NAME": "Необработанный алмаз",
    "FLAVOR": "С разрушением шахт даже этот тусклый камень стал ценным.",
    "DESCRIPTIONS": [
      "Первый раз, когда вы разыгрываете #yРедкую карту в ход, получайте [E]. При получении получите награду — #yРедкую карту.",
      "Знание!"
    ]
  },
  "collector:BlockedChakra": {
    "NAME": "Заблокированная чакра",
    "FLAVOR": "Достаточно одной потянутой мышцы.",
    "DESCRIPTIONS": [
      "В начале хода получайте [E]. Вы не берёте карты из стопки Коллекции до 4-го хода."
    ]
  }
}