{
  "collector:CollectionReward": {
    "TEXT": [
      "Выберите карту для добавления в Коллекцию."
    ]
  },
  "collector:CollectibleCardTab": {
    "TEXT": [
      "Коллекционные"
    ]
  },
  "collector:CollectionScreen": {
    "TEXT": [
      "Скрыть",
      "Ваша Коллекция начинает бой со всеми картами, находящимися здесь."
    ]
  },
  "collector:CollectionUITopPanel": {
    "TEXT": [
      "Коллекция",
      "Просмотреть все карты в вашей Коллекции.",
      "Эти карты находятся в стопке Коллекции в начале каждого боя."
    ]
  },
  "collector:CombatCollectionPileButton": {
    "TEXT": [
      "Стопка Коллекции",
      "Содержит Коллекционные карты, которые ещё не были взяты в этом бою. Вы берёте #b1 карту из этой стопки в начале каждого хода.",
      "У меня нет карт в стопке Коллекции!"
    ]
  },
  "collector:EssenceCount": {
    "TEXT": [
      "Эссенции",
      "Тратьте Эссенции на добавление карт в Коллекцию. Обычные бои дают #b1 #yЭссенцию. Элитные враги дают #b2 #yЭссенции, а Боссы — #b3! NL У вас #b",
      " Эссенций."
    ]
  },
  "collector:CombatCollectionViewScreen": {
    "TEXT": [
      "Экран просмотра Коллекции в бою"
    ]
  },
  "collector:PyreInfo": {
    "TEXT": [
      "Пиромант",
      "Чтобы разыграть эту карту, необходимо дополнительно Сжечь #b1 карту в руке."
    ]
  },
  "collector:CollectedCardMod": {
    "TEXT": [
      "collector:Мегаэфирная. NL ",
      "Коллекционная"
    ]
  },
  "collector:CollectibleCardReward": {
    "TEXT": [
      "Найдено: ",
      "Можно добавить в Коллекцию"
    ]
  },
  "collector:HoardedMod": {
    "TEXT": [
      "Неиграбельная. Оставляется. NL ",
      "Неиграбельная. NL ",
      "Оставляется. NL "
    ]
  },
  "collector:SecondEnergyOrb": {
    "TEXT": [
      "Резервы",
      "Особый вид энергии, сохраняющийся между ходами."
    ]
  },
  "collector:PyreCostSpendScreen": {
    "TEXT": [
      "Сжечь для Пироманта"
    ]
  },
  "collector:PyreModText": {
    "TEXT": [
      "У меня нет карт для сжигания!"
    ]
  },
  "collector:StashAwayCampfireOption": {
    "TEXT": [
      "Отпустить",
      "Убрать карту из Коллекции. Получить ",
      " Душ.",
      "Требуется карта в Коллекции.",
      "Выберите карту для удаления из Коллекции."
    ]
  },
  "collector:BonusEventOption": {
    "TEXT": [
      "[Забрать]"
    ]
  },
  "collector:EssenceReward": {
    "TEXT": [
      "Получить ",
      " Эссенции."
    ]
  },
  "collector:CharacterOption": {
    "TEXT": [
      "Эссенции: "
    ]
  }
}