{
  "Gremlin:AggressiveDefense": {
    "NAME": "Агрессивная оборона",
    "DESCRIPTION": "Наносит !D! урона. NL Каждый раз, когда вы получаете Защиту в этом ходу, враг теряет !M! ОЗ."
  },
  "Gremlin:ArmsTheft": {
    "NAME": "Кража оружия",
    "DESCRIPTION": "Накладывает !M! Слабости. NL gremlin:Крадёт !M! Силы. NL Сжигается."
  },
  "Gremlin:Astound": {
    "NAME": "Изумление",
    "DESCRIPTION": "Даёт !B! Защиты. NL Если у вас 3 или больше gremlin:Чар, получите !M! *Опеки.",
    "UPGRADE_DESCRIPTION": "Даёт !B! Защиты. NL Если у вас 3 или больше gremlin:Чар, получите !M! улучшенных *Опеки."
  },
  "Gremlin:Bang": {
    "NAME": "Бум",
    "DESCRIPTION": "Наносит !D! урона !M! раз. Добавляет *Волшебство в стопку сброса. NL Сжигается.",
    "UPGRADE_DESCRIPTION": "Наносит !D! урона !M! раз. Добавляет *Волшебство+ в стопку сброса. NL Сжигается."
  },
  "Gremlin:Bellow": {
    "NAME": "Рёв",
    "DESCRIPTION": "Эфирная. NL Получите !M! Силы за каждого врага, который не собирается атаковать. NL Сжигается."
  },
  "Gremlin:BrokenShin": {
    "NAME": "Сломанная голень",
    "DESCRIPTION": "Накладывает gremlin:Агонию за каждые !M! Слабости у цели. NL Сжигается."
  },
  "Gremlin:BubbleBarrier": {
    "NAME": "Пузырьковый барьер",
    "DESCRIPTION": "Каждый раз, когда вы разыгрываете карту в этом ходу, получайте !M! Защиты."
  },
  "Gremlin:BulkUp": {
    "NAME": "Масса",
    "DESCRIPTION": "Получите !M! expansioncontent:Временного ОЗ. NL gremlin:Сменитесь на gremlin:Толстого_гремлина."
  },
  "Gremlin:BurlyBlow": {
    "NAME": "Мощный удар",
    "DESCRIPTION": "Наносит !D! урона. NL Повторяется за каждую Слабость на враге."
  },
  "Gremlin:CatScratch": {
    "NAME": "Кошачьи царапки",
    "DESCRIPTION": "Наносит !D! урона !M! раз."
  },
  "Gremlin:Changeo": {
    "NAME": "Алле-оп!",
    "DESCRIPTION": "Получите !B! Защиты и !M! gremlin:Чар."
  },
  "Gremlin:CongaLine": {
    "NAME": "Конга",
    "DESCRIPTION": "В начале вашего хода получайте [E] и gremlin:Сменитесь на следующего Гремлина.",
    "UPGRADE_DESCRIPTION": "Врождённая. NL В начале вашего хода получайте [E] и gremlin:Сменитесь на следующего Гремлина."
  },
  "Gremlin:CounterStrike": {
    "NAME": "Контрудар",
    "DESCRIPTION": "Наносит !D! урона. NL Если враг собирается атаковать, активируйте бонус текущего Гремлина !M! раз."
  },
  "Gremlin:CowerChoice": {
    "NAME": "Съёжиться",
    "DESCRIPTION": "Потерять всё золото.",
    "EXTENDED_DESCRIPTION": ["ТРУСЛИВЫЕ ГРЕМЫ НЕ ТУПЫЕ."]
  },
  "Gremlin:CowerChoiceB": {
    "NAME": "Съёжиться",
    "DESCRIPTION": "Навсегда потерять самого дальнего Гремлина.",
    "EXTENDED_DESCRIPTION": ["Хорошо. А остальные — бегите!", "Да! Бегите!"]
  },
  "Gremlin:DaggerDance": {
    "NAME": "Танец кинжалов",
    "DESCRIPTION": "Наносит !D! урона ВСЕМ врагам !M! раз."
  },
  "Gremlin:Dazzle": {
    "NAME": "Ослепить",
    "DESCRIPTION": "Наносит !D! урона. NL Если у вас 3 или больше gremlin:Чар, gremlin:Украдите 2 Силы. NL Сжигается."
  },
  "Gremlin:Defend": {
    "NAME": "Оборона",
    "DESCRIPTION": "Даёт !B! Защиты."
  },
  "Gremlin:Duplicate": {
    "NAME": "Дубликат",
    "DESCRIPTION": "Выберите Атаку. expansioncontent:Создайте !M! её *Эхо. Эти *Эхо стоят на 1 меньше. NL Сжигается.",
    "UPGRADE_DESCRIPTION": "Выберите Атаку. expansioncontent:Создайте !M! её *Эхо. Эти *Эхо стоят на 1 меньше."
  },
  "Gremlin:EdibleArmor": {
    "NAME": "Съедобная броня",
    "DESCRIPTION": "Превратите вашу Защиту в expansioncontent:Временное ОЗ. NL Сжигается."
  },
  "Gremlin:Encore": {
    "NAME": "На бис!",
    "DESCRIPTION": "Получите 3 gremlin:Чар. gremlin:Чары наносят на !M! урона больше."
  },
  "Gremlin:Enthusiasm": {
    "NAME": "Энтузиазм",
    "DESCRIPTION": "Каждый раз, когда вы gremlin:Сменяетесь, берите карту."
  },
  "Gremlin:Erupt": {
    "NAME": "Вспышка",
    "DESCRIPTION": "Получите !M! временной Силы. NL Сжигается."
  },
  "Gremlin:Exacerbate": {
    "NAME": "Обострение",
    "DESCRIPTION": "Наносит !D! урона. NL Каждый раз, когда вы накладываете Слабость на этого врага, он теряет !M! ОЗ. NL Сжигается."
  },
  "Gremlin:FairyDust": {
    "NAME": "Волшебная пыль",
    "DESCRIPTION": "Получите !M! *Опеки и возьмите !M! карт. NL Сжигается."
  },
  "Gremlin:SleeveOfAces": {
    "NAME": "Тузы в рукаве",
    "DESCRIPTION": "Наносит !D! урона. NL Получите 1 Заточку за каждые ваши gremlin:Чары.",
    "UPGRADE_DESCRIPTION": "Наносит !D! урона. NL Получите 1 улучшенную Заточку за каждые ваши gremlin:Чары."
  },
  "Gremlin:FatGremlin": {
    "NAME": "Толстый гремлин",
    "DESCRIPTION": "gremlin:Сменитесь на gremlin:Толстого_гремлина."
  },
  "Gremlin:FeelTheAudience": {
    "NAME": "Прощупать публику",
    "DESCRIPTION": "Наносит !D! урона ВСЕМ врагам. NL Получите !M! gremlin:Чар за каждого, кто собирается атаковать."
  },
  "Gremlin:FightChoice": {
    "NAME": "Бой",
    "DESCRIPTION": "Начать бой. NL Враг получает !M! Силы.",
    "EXTENDED_DESCRIPTION": ["ГРЕМЛИНЫ СЕЙЧАС УМРУТ!", "Кто-то напрашивается на взбучку!"]
  },
  "Gremlin:FlipOut": {
    "NAME": "Психоз",
    "DESCRIPTION": "Наносит !D! урона. NL Вместо получения Защиты в этом ходу наносите этот урон ВСЕМ врагам."
  },
  "Gremlin:Flurry": {
    "NAME": "Шквал",
    "DESCRIPTION": "Наносит !D! урона за каждую карту, сыгранную в этом ходу. NL Сжигается.",
    "EXTENDED_DESCRIPTION": [
      " NL (",
      " карта сыграна.)",
      " карт сыграно.)"
    ]
  },
  "Gremlin:FollowThrough": {
    "NAME": "За лидера!",
    "DESCRIPTION": "Наносит !D! урона. NL Получите !M! временной Силы."
  },
  "Gremlin:Fury": {
    "NAME": "Ярость",
    "DESCRIPTION": "Стоит на 1 [E] меньше за каждые 2 вашей Силы. NL Наносит !D! урона 3 раза."
  },
  "Gremlin:Glimmer": {
    "NAME": "Мерцание",
    "DESCRIPTION": "Наносит !D! урона. NL Получите 2 *Опеки.",
    "UPGRADE_DESCRIPTION": "Наносит !D! урона. NL Получите 2 улучшенных *Опеки."
  },
  "Gremlin:GlitterGuard": {
    "NAME": "Сверкающая защита",
    "DESCRIPTION": "Получите !M! *Опеки. NL gremlin:Сменитесь на gremlin:Гремлина-щитоносца.",
    "UPGRADE_DESCRIPTION": "Получите !M! улучшенных *Опеки. NL gremlin:Сменитесь на gremlin:Гремлина-щитоносца."
  },
  "Gremlin:GremlinArms": {
    "NAME": "Оружие гремлинов",
    "DESCRIPTION": "Активируйте бонус текущего Гремлина, затем gremlin:Сменитесь на живого Гремлина по вашему выбору.",
    "UPGRADE_DESCRIPTION": "Активируйте бонус текущего Гремлина дважды, затем gremlin:Сменитесь на живого Гремлина по вашему выбору."
  },
  "Gremlin:GremlinMeal": {
    "NAME": "Трапеза гремлина",
    "DESCRIPTION": "Получите !M! временной Силы."
  },
  "Gremlin:GremlinDance": {
    "NAME": "Танец гремлинов",
    "DESCRIPTION": "Наносит !D! урона. NL Имеет дополнительный эффект в зависимости от текущего Гремлина.",
    "EXTENDED_DESCRIPTION": [
      "Наносит !D! урона",
      " ВСЕМ врагам.",
      ". NL Враг теряет !M! Силы до конца своего хода.",
      ". NL Получите !B! Защиты.",
      ". NL Возьмите !M! карт.",
      ". NL Получите !M! gremlin:Чар.",
      ". NL Получите !M! Силы."
    ]
  },
  "Gremlin:GremlinOffensive": {
    "NAME": "Наступление гремлинов",
    "DESCRIPTION": "Наносит !D! урона. NL Получите карту *Наступление *гремлинов. NL Сжигается.",
    "UPGRADE_DESCRIPTION": "Наносит !D! урона. NL Получите улучшенную карту *Наступление *гремлинов. NL Сжигается."
  },
  "Gremlin:GremlinToss": {
    "NAME": "Бросок гремлина",
    "DESCRIPTION": "Получите !M! expansioncontent:Временного ОЗ. NL Наносит урон, равный вашей текущей Защите и *Временному *ОЗ.",
    "UPGRADE_DESCRIPTION": "Получите !M! expansioncontent:Временного ОЗ. NL Наносит урон, равный вашей текущей Защите и *Временному *ОЗ.",
    "EXTENDED_DESCRIPTION": [" NL (Наносит !D! урона.)"]
  },
  "Gremlin:GremlinWizard": {
    "NAME": "Гремлин-маг",
    "DESCRIPTION": "gremlin:Сменитесь на gremlin:Гремлина-мага."
  },
  "Gremlin:Heckle": {
    "NAME": "Освистать",
    "DESCRIPTION": "Каждый раз, когда вы накладываете ослабление на врага, получайте !M! expansioncontent:Временного ОЗ."
  },
  "Gremlin:InfiniteBlocks": {
    "NAME": "Бесконечные блоки",
    "DESCRIPTION": "В начале вашего хода получайте *Оперу.",
    "UPGRADE_DESCRIPTION": "Врождённая. NL В начале вашего хода получайте *Оперу."
  },
  "Gremlin:IrksomeBlow": {
    "NAME": "Досадный удар",
    "DESCRIPTION": "Наносит !D! урона. NL Сила влияет на эту карту !M! раз."
  },
  "Gremlin:Irritability": {
    "NAME": "Раздражительность",
    "DESCRIPTION": "Получите !B! Защиты и !M! временных Шипов. NL gremlin:Сменитесь на gremlin:Безумного_гремлина."
  },
  "Gremlin:Jeer": {
    "NAME": "Насмешка",
    "DESCRIPTION": "Наносит !D! урона. Если у врага есть ослабление, получите !M! expansioncontent:Временного ОЗ."
  },
  "Gremlin:Kablamo": {
    "NAME": "Кабум!",
    "DESCRIPTION": "Наносит !D! урона ВСЕМ врагам дважды. NL Эта атака не тратит gremlin:Чары."
  },
  "Gremlin:LeaderChoice": {
    "NAME": "Сделать выбор",
    "DESCRIPTION": "Сдать друга?"
  },
  "Gremlin:MadGremlin": {
    "NAME": "Безумный гремлин",
    "DESCRIPTION": "gremlin:Сменитесь на gremlin:Безумного_гремлина."
  },
  "Gremlin:MakeshiftArmor": {
    "NAME": "Времянка",
    "DESCRIPTION": "Каждые 7 сыгранных атак дают 1 Артефакта.",
    "UPGRADE_DESCRIPTION": "Получите !M! Артефакта. NL Каждые 7 сыгранных атак дают 1 Артефакта."
  },
  "Gremlin:Mockery": {
    "NAME": "Издевательство",
    "DESCRIPTION": "Накладывает !M! Слабости. NL Если у врага 3 или больше Слабости, получите !B! Защиты."
  },
  "Gremlin:Necromancy": {
    "NAME": "Некромантия",
    "DESCRIPTION": "Требуется 3 gremlin:Чар. NL Потратьте все gremlin:Чары, чтобы воскресить случайного Гремлина с !M! ОЗ. Сжигается.",
    "EXTENDED_DESCRIPTION": ["Недостаточно чар.", "Никто ещё не погиб.", "Нет места."]
  },
  "Gremlin:Nob": {
    "NAME": "ВЕРЗИЛА",
    "DESCRIPTION": "Получите !M! expansioncontent:Временного ОЗ. NL Мутируйте в *Гремлина-*верзилу, пока не кончится *Временное *ОЗ."
  },
  "Gremlin:NobChoice": {
    "NAME": "Сделать выбор",
    "DESCRIPTION": "Жалкие Гремы отдадут золото?"
  },
  "Gremlin:PartyStick": {
    "NAME": "Праздничная палочка",
    "DESCRIPTION": "Эфирная. Неиграбельная. NL Каждый раз, когда вы gremlin:Сменяетесь, получайте [E].",
    "UPGRADE_DESCRIPTION": "Неиграбельная. NL Каждый раз, когда вы gremlin:Сменяетесь, получайте [E].",
    "EXTENDED_DESCRIPTION": ["Никому нельзя играть с Праздничной палочкой."]
  },
  "Gremlin:Patsy": {
    "NAME": "Трус",
    "DESCRIPTION": "Получите !B! Защиты. NL gremlin:Сменитесь на следующего Гремлина."
  },
  "Gremlin:Pickpocket": {
    "NAME": "Карманник",
    "DESCRIPTION": "Наносит !D! урона. NL Получите !M! золота. NL Сжигается."
  },
  "Gremlin:PinNeedle": {
    "NAME": "Булавка",
    "DESCRIPTION": "Наносит !D! урона. NL bronze:Вставьте !M! *Уколов. NL Сжигается.",
    "UPGRADE_DESCRIPTION": "Наносит !D! урона. NL bronze:Вставьте !M! улучшенных *Уколов. NL Сжигается."
  },
  "Gremlin:Pinprick": {
    "NAME": "Укол",
    "DESCRIPTION": "Наносит !D! урона. NL Возьмите карту. NL Сжигается.",
    "UPGRADE_DESCRIPTION": "При взятии expansioncontent:Создаёт Эхо этой карты. NL Наносит !D! урона. NL Возьмите карту. NL Сжигается."
  },
  "Gremlin:Polish": {
    "NAME": "Полировка",
    "DESCRIPTION": "Заточки наносят на !M! урона больше. NL *Опека даёт на !M! Защиты больше."
  },
  "Gremlin:PourSalt": {
    "NAME": "Сыпать соль на рану",
    "DESCRIPTION": "Наносит !D! урона. Если враг ослаблен, снимите одну Слабость и получите !M! Заточек."
  },
  "Gremlin:Presto": {
    "NAME": "Вуаля!",
    "DESCRIPTION": "Наносит !D! урона. Получите !M! gremlin:Чар."
  },
  "Gremlin:Pretaliation": {
    "NAME": "Предательство",
    "DESCRIPTION": "Наносит !D! урона дважды. NL Враг наносит вам !M! урона."
  },
  "Gremlin:ProperTools": {
    "NAME": "Правильные инструменты",
    "DESCRIPTION": "Наносит !D! урона. Если враг собирается атаковать, получите !M! *Опеки. Иначе получите !M! Заточек."
  },
  "Gremlin:RageBreak": {
    "NAME": "Взрыв ярости",
    "DESCRIPTION": "Удвойте вашу Силу. NL Сжигается.",
    "UPGRADE_DESCRIPTION": "Получите !B! Защиты. NL Удвойте вашу Силу. NL Сжигается."
  },
  "Gremlin:Raid": {
    "NAME": "Набег",
    "DESCRIPTION": "Возьмите карту за каждого живого Гремлина. NL Сбросьте !M! карт.",
    "UPGRADE_DESCRIPTION": "Возьмите карту за каждого живого Гремлина. NL Сбросьте !M! карт."
  },
  "Gremlin:Revel": {
    "NAME": "Ликование",
    "DESCRIPTION": "Получите [E] за каждого живого Гремлина."
  },
  "Gremlin:Rhythm": {
    "NAME": "Ритм",
    "DESCRIPTION": "gremlin:Сменитесь на следующего Гремлина. NL Достаньте базовую карту из стопки добора. В этом ходу она стоит 0."
  },
  "Gremlin:Rush": {
    "NAME": "Рывок",
    "DESCRIPTION": "Эфирная. NL Наносит !D! урона. NL Сжигается."
  },
  "Gremlin:Scatter": {
    "NAME": "Врассыпную!",
    "DESCRIPTION": "В следующий раз, когда вы должны потерять ОЗ, вместо этого gremlin:Сменитесь на случайного Гремлина. NL Сжигается."
  },
  "Gremlin:SecondVolley": {
    "NAME": "Второй залп",
    "DESCRIPTION": "Наносит !D! урона. NL Получите Заточку за каждую карту, сыгранную в этом ходу, пока рука не заполнится.",
    "UPGRADE_DESCRIPTION": "Наносит !D! урона. NL Получите улучшенную Заточку за каждую карту, сыгранную в этом ходу, пока рука не заполнится.",
    "EXTENDED_DESCRIPTION": [
      " NL (",
      " карта сыграна.)",
      " карт сыграно.)"
    ]
  },
  "Gremlin:ShadowShiv": {
    "NAME": "Теневая заточка",
    "DESCRIPTION": "Каждый раз, когда вы разыгрываете Атаку, которая не Сжигается, получайте Заточку."
  },
  "Gremlin:ShankStone": {
    "NAME": "Камень-заточка",
    "DESCRIPTION": "Неиграбельная. NL Каждый раз, когда вы берёте эту карту, получайте !M! Заточек.",
    "EXTENDED_DESCRIPTION": ["Я не могу разыграть эту карту."]
  },
  "Gremlin:SharpenBlades": {
    "NAME": "Заточить лезвия",
    "DESCRIPTION": "Уменьшите стоимость всех Атак в руке до 0 в этом ходу.",
    "UPGRADE_DESCRIPTION": "Возьмите карту. NL Уменьшите стоимость всех Атак в руке до 0 в этом ходу."
  },
  "Gremlin:ShieldGremlin": {
    "NAME": "Гремлин-щитоносец",
    "DESCRIPTION": "gremlin:Сменитесь на gremlin:Гремлина-щитоносца."
  },
  "Gremlin:ShowOfHands": {
    "NAME": "Показать руки",
    "DESCRIPTION": "Получите !M! Защиты за каждую карту в руке.",
    "UPGRADE_DESCRIPTION": "Возьмите карту. NL Получите !M! Защиты за каждую карту в руке."
  },
  "Gremlin:ShowStopper": {
    "NAME": "Гвоздь программы",
    "DESCRIPTION": "Можно разыграть, только если у вас ровно 7 gremlin:Чар. NL Наносит !D! урона ВСЕМ врагам !M! раз.",
    "EXTENDED_DESCRIPTION": ["Недостаточно напряжения.", "Время упущено."]
  },
  "Gremlin:SkullBash": {
    "NAME": "Проломить череп",
    "DESCRIPTION": "Эфирная. NL Наносит !D! урона. NL Накладывает !M! Уязвимости. NL Сжигается."
  },
  "Gremlin:SneakyGremlin": {
    "NAME": "Коварный гремлин",
    "DESCRIPTION": "gremlin:Сменитесь на gremlin:Коварного_гремлина."
  },
  "Gremlin:Strike": {
    "NAME": "Удар",
    "DESCRIPTION": "Наносит !D! урона."
  },
  "Gremlin:Stupend": {
    "NAME": "Потрясающе",
    "DESCRIPTION": "Получите !B! Защиты. NL Наносит !D! урона. NL На Защиту влияют gremlin:Чары."
  },
  "Gremlin:SupplyScrollCard": {
    "NAME": "Свиток снабжения",
    "DESCRIPTION": "Получите случайный набор из !M! Заточек и *Опек. NL Сжигается."
  },
  "Gremlin:Tadah": {
    "NAME": "Та-да!",
    "DESCRIPTION": "Получите *Оперу. NL gremlin:Сменитесь на gremlin:Гремлина-мага.",
    "UPGRADE_DESCRIPTION": "Получите улучшенную *Оперу. NL gremlin:Сменитесь на gremlin:Гремлина-мага."
  },
  "Gremlin:TagTeam": {
    "NAME": "Смена",
    "DESCRIPTION": "gremlin:Сменитесь на живого Гремлина по вашему выбору.",
    "UPGRADE_DESCRIPTION": "Оставляется. NL gremlin:Сменитесь на живого Гремлина по вашему выбору."
  },
  "Gremlin:TargetWeakness": {
    "NAME": "Целься в слабость",
    "DESCRIPTION": "Наносит на !M! урона больше ослабленным врагам."
  },
  "Gremlin:Tricksy": {
    "NAME": "Хитрость",
    "DESCRIPTION": "Возьмите !M! карт, затем сбросьте все, кроме Атак. NL gremlin:Сменитесь на gremlin:Коварного_гремлина."
  },
  "Gremlin:TwistTheKnife": {
    "NAME": "Повернуть нож",
    "DESCRIPTION": "Наносит !D! урона. NL Получите 1 Заточку.",
    "UPGRADE_DESCRIPTION": "Наносит !D! урона. NL Получите 1 улучшенную Заточку."
  },
  "Gremlin:ToeStub": {
    "NAME": "Удар по ноге",
    "DESCRIPTION": "Наносит !D! урона. Если враг ослаблен, наложите !M! Уязвимости."
  },
  "Gremlin:Unforgiving": {
    "NAME": "Неумолимость",
    "DESCRIPTION": "Вы больше не можете терять Силу."
  },
  "Gremlin:Ward": {
    "NAME": "Опека",
    "DESCRIPTION": "Даёт !B! Защиты. NL Сжигается."
  },
  "Gremlin:Whiz": {
    "NAME": "Вжух",
    "DESCRIPTION": "Получите !M! gremlin:Чар. В следующем ходу получите *Бум. NL Сжигается.",
    "UPGRADE_DESCRIPTION": "Получите !M! gremlin:Чар. В следующем ходу получите улучшенный *Бум. NL Сжигается."
  },
  "Gremlin:Wizardry": {
    "NAME": "Чародейство",
    "DESCRIPTION": "В начале вашего хода получайте !M! gremlin:Чар.",
    "UPGRADE_DESCRIPTION": "Врождённая. NL В начале вашего хода получайте !M! gremlin:Чар."
  },
  "Gremlin:Placeholder": {
    "NAME": "",
    "DESCRIPTION": "",
    "UPGRADE_DESCRIPTION": "",
    "EXTENDED_DESCRIPTION": [""]
  }
}