{
  "Gremlin:CursedTome": {
    "OPTIONS": [
      "[Взять] #gПолучить #gКнигу. #rВсе #rГремлины #rтеряют #r"
    ]
  },
  "Gremlin:BackToBasics": {
    "NAME": "Возвращение к основам",
    "DESCRIPTIONS": [
      "Гибкий ум не обременён сомнениями."
    ],
    "OPTIONS": [
      "[Каприз] #gЗаменить все #gУдары и #gОбороны на #gЗаточки и #gОпеки.",
      "[Закрыто] Требуется Удар или Оборона."
    ]
  },
  "Gremlin:KnowingSkull": {
    "OPTIONS": [
      "[Информация?] #gУзнать #gбосса. #rВсе #rГремлины #rтеряют #r",
      "[Успех?] #gПолучить #gБесцветную #gкарту. #rВсе #rГремлины #rтеряют #r",
      "[Взбодриться?] #gПолучить #gзелье. #rВсе #rГремлины #rтеряют #r",
      " #gзолота. #rВсе #rГремлины #rтеряют #r",
      "[Как уйти?] #rВсе #rГремлины #rтеряют #r"
    ]
  },
  "Gremlin:MatchingGame": {
    "DESCRIPTIONS": [
      "«#bДвенадцать карт! Найди пары и забери их! #bПять попыток—» NL NL «#bДесять попыток!» — перебиваете вы. NL NL Гремлин хмурится. «#bПять попыток!» NL NL «#bВосемь». NL NL «#bШесть,» — выплёвывает он. — «И надеюсь, ты получишь #pПроклятие». NL NL Вы тоже надеетесь, что он получит #pПроклятие.",
      "Вы завершаете игру гремлина и поднимаете взгляд. NL Он сбежал, прежде чем вы смогли получить ещё #y~халявы!~",
      "Гремлин яростно тасует карты на столе. Кажется, он предлагает #y~халяву.~ Вы хотите #y~халяву.~"
    ]
  },
  "Gremlin:Nest": {
    "OPTIONS": [
      "[Остаться в очереди] #gПолучить Ритуальный кинжал. #rВсе #rГремлины #rтеряют #r"
    ]
  },
  "Gremlin:ScrapOoze": {
    "OPTIONS": [
      "[Засунуть руку] #rВсе #rГремлины #rтеряют #r",
      "[Глубже] #rВсе #rГремлины #rтеряют #r"
    ]
  },
  "Gremlin:ScrapOozeReplacement": {
    "NAME": "Слизень-мусорщик",
    "DESCRIPTIONS": [
      "Входя в комнату, вы слышите ~бульканье~ и @скрежет@ металла. Это #yСлизень-мусорщик! Эти забавные маленькие слизни всегда находят #yвкусняшки. А ещё лучше то, что они слишком медленные и слабые, чтобы помешать вам их забрать! Вы знаете лучшие способы обойти их колючую кислоту. К сожалению, это требует времени и #rсосредоточенности.",
      "Осторожно, осторожно. Вы избегаете острых металлических кусков и колючек. Если бы только это не было так #r@скучно.@ NL Но если продолжать, вы знаете, что получите блестящую #yреликвию...",
      "#gУспех! NL Порывшись в металле и обжигающей кислоте, вы наконец хватаете #yреликвию и выдёргиваете её. NL Вы выбираетесь из слизи, сжимая в руках новую игрушку.",
      "Это слишком #rскучно. Чем вы вообще занимались?",
      "Вы решаете покинуть это место. NL Слизень не обращает на вас внимания, наслаждаясь своей трапезой."
    ],
    "OPTIONS": [
      "[Аккуратно достать] #r",
      "%: #rПолучить #rПроклятие #r— #rРассеянность. #g",
      "%: #gНайти #gреликвию.",
      "[Уйти]",
      "[Быть осторожным] #r"
    ]
  },
  "Gremlin:SensoryStone": {
    "OPTIONS": [
      "[Вспомнить] #gДобавить #g2 #gБесцветные #gкарты #gв #gколоду. #rВсе #rГремлины #rтеряют #r",
      "[Вспомнить] #gДобавить #g3 #gБесцветные #gкарты #gв #gколоду. #rВсе #rГремлины #rтеряют #r"
    ]
  },
  "Gremlin:Trenchcoat": {
    "NAME": "Подозрительный торговец",
    "DESCRIPTIONS": [
      "Вы встречаете странную фигуру, подозрительно похожую на пятерых гремлинов в плаще. NL «Привет, путник,» — раздаётся писклявый голос. NL «Это я, #yдружелюбный #yторговец, который уж точно не пять гремлинов в плаще. Не желаете ли приобрести мои ~прекрасные~ ~товары~, которые определённо не краденые?»",
      "Вы не можете устоять перед распродажей, даже от такого подозрительного торговца. NL Вы совершаете покупку, но как только она завершается, ваш продавец удирает. NL NL Вдалеке вы почти различаете приглушённый крик разочарования: #r«Проклятые, #rвороватые #rГремлины!»",
      "У вас нет желания обогащать этого мерзкого торговца. Вы оставляете деньги при себе. Торговец убегает, как только понимает, что вы не будете покупать."
    ],
    "OPTIONS": [
      "[Купить] #rПотерять #r",
      " #rзолота",
      ". #gПолучить #g1 #gслучайную #gБесцветную #gкарту.",
      ". #gПолучить #g2 #gслучайные #gБесцветные #gкарты.",
      ". #gПолучить #g3 #gслучайные #gБесцветные #gкарты.",
      "[Уйти]",
      "[Закрыто] Требуется не менее ",
      " золота.",
      "[Отказаться]"
    ]
  },
  "Gremlin:Vampires": {
    "DESCRIPTIONS": [
      "Пробираясь по неосвещённой улице, вы натыкаетесь на несколько фигур в балахонах, творящих тёмный ритуал. Когда вы приближаетесь, они жутко синхронно поворачиваются к вам. Самый высокий из них обнажает клыки и протягивает к вам длинную бледную руку. NL ~«Присоединяйтесь~ ~к~ ~нам,~ ~жадные,~ ~и~ ~ощутите~ ~тепло~ ~Шпиля».~"
    ]
  },
  "Gremlin:WheelGame": {
    "DESCRIPTIONS": [
      "Он бросается на вас, но вы готовы. NL Вы вспарываете его прежде, чем он успевает достать вас заточкой. NL Вы берёте свой приз, но, к сожалению, Колесо исчезает прежде, чем вы успеваете забрать и его."
    ],
    "OPTIONS": [
      "[Приз!] #gУПРЕЖДАЮЩИЙ #gУДАР!",
      "[Забрать]"
    ]
  },
  "Gremlin:WingStatue": {
    "OPTIONS": [
      "[Молиться] #gУдалить #gкарту #gиз #gколоды. #rВсе #rГремлины #rтеряют #r"
    ]
  },
  "Gremlin:WorldOfGoop": {
    "OPTIONS": [
      " #gзолота. #rВсе #rГремлины #rтеряют #r"
    ]
  }
}