[
  {
    "NAMES": [
      "агония",
      "агонии",
      "агонию",
      "agony"
    ],
    "PROPER_NAME": "Агония",
    "DESCRIPTION": "Существа в #yАгонии наносят на #b80% меньше урона атаками."
  },
  {
    "NAMES": [
      "увечье",
      "увечья",
      "увечьем",
      "увечен",
      "увечные",
      "cripple"
    ],
    "PROPER_NAME": "Увечье",
    "DESCRIPTION": "Изувеченные враги больше не могут терять #yСлабость. В конце своего хода они теряют ОЗ, равное своей #yСлабости."
  },
  {
    "NAMES": [
      "эхо",
      "отголосок",
      "отголоски",
      "echo",
      "echoes"
    ],
    "PROPER_NAME": "Эхо",
    "DESCRIPTION": "Эхо — это #yЭфирные копии карт, которые #yСжигаются. Эхо не могут быть скопированы."
  },
  {
    "NAMES": [
      "толстый гремлин",
      "толстый_гремлин",
      "толстого гремлина",
      "толстого_гремлина",
      "fat gremlin",
      "fat_gremlin"
    ],
    "PROPER_NAME": "Толстый гремлин",
    "DESCRIPTION": "После разыгрывания атаки накладывает #b1 #yСлабость на все цели."
  },
  {
    "NAMES": [
      "гремлин-маг",
      "гремлина-мага",
      "gremlin wizard",
      "gremlin_wizard"
    ],
    "PROPER_NAME": "Гремлин-маг",
    "DESCRIPTION": "После разыгрывания навыка даёт #b1 #yЧары."
  },
  {
    "NAMES": [
      "безумный гремлин",
      "безумный_гремлин",
      "безумного гремлина",
      "безумного_гремлина",
      "mad gremlin",
      "mad_gremlin"
    ],
    "PROPER_NAME": "Безумный гремлин",
    "DESCRIPTION": "При получении атаки даёт #b2 временной #yСилы."
  },
  {
    "NAMES": [
      "гремлин-щитоносец",
      "гремлина-щитоносца",
      "shield gremlin",
      "shield_gremlin"
    ],
    "PROPER_NAME": "Гремлин-щитоносец",
    "DESCRIPTION": "После разыгрывания навыка даёт #b2 #yЗащиты."
  },
  {
    "NAMES": [
      "коварный гремлин",
      "коварный_гремлин",
      "коварного гремлина",
      "коварного_гремлина",
      "sneaky gremlin",
      "sneaky_gremlin"
    ],
    "PROPER_NAME": "Коварный гремлин",
    "DESCRIPTION": "Атаки стоимостью 0 наносят на #b2 урона больше. После разыгрывания атаки наносит #b2 урона случайному врагу."
  },
  {
    "NAMES": [
      "смена",
      "смене",
      "меняет",
      "меняется",
      "меняетесь",
      "сменяетесь",
      "swap"
    ],
    "PROPER_NAME": "Смена",
    "DESCRIPTION": "Меняет текущего Гремлина на другого. Ничего не делает, если нет подходящей цели."
  },
  {
    "NAMES": [
      "чары",
      "чар",
      "wiz"
    ],
    "PROPER_NAME": "Чары",
    "DESCRIPTION": "Когда у вас есть не менее трёх #yЧар, атаки тратят все #yЧары, чтобы нанести на #b7 урона больше."
  },
  {
    "NAMES": [
      "воровство",
      "ворует",
      "кража",
      "крадёт",
      "steal"
    ],
    "PROPER_NAME": "Кража",
    "DESCRIPTION": "Цель теряет указанное количество ресурса. Вы получаете столько же."
  },
  {
    "NAMES": [
      "гремлин-верзила",
      "гремлина-верзилу",
      "верзила",
      "nob"
    ],
    "PROPER_NAME": "Гремлин-верзила",
    "DESCRIPTION": "В начале вашего хода добавляет в руку по одной карте *Рёв, *Проломить *череп и *Прорыв."
  }
]