{
  "Gremlin:FatGremlin": {
    "NAME": "Толстый гремлин",
    "DESCRIPTION": [
      "После разыгрывания атаки накладывает #b",
      " #yСлабости на все цели."
    ]
  },
  "Gremlin:GremlinWizard": {
    "NAME": "Гремлин-маг",
    "DESCRIPTION": [
      "После разыгрывания навыка даёт #b",
      " #yЧар."
    ]
  },
  "Gremlin:MadGremlin": {
    "NAME": "Безумный гремлин",
    "DESCRIPTION": [
      "При получении атаки даёт #b",
      " временной #yСилы."
    ]
  },
  "Gremlin:ShieldGremlin": {
    "NAME": "Гремлин-щитоносец",
    "DESCRIPTION": [
      "После разыгрывания навыка даёт #b",
      " #yЗащиты."
    ]
  },
  "Gremlin:SneakyGremlin": {
    "NAME": "Коварный гремлин",
    "DESCRIPTION": [
      "Атаки стоимостью 0 наносят на #b",
      " урона больше. Каждый раз, когда вы разыгрываете атаку, наносите #b",
      " урона случайному врагу."
    ]
  }
}