{
  "gremlin:GremlinPotion": {
    "NAME": "О-де-Грем",
    "DESCRIPTIONS": [
      "Активирует все #b5 способностей Гремлинов #b",
      " раз."
    ]
  },
  "gremlin:NecromancyPotion": {
    "NAME": "Гремлин в банке",
    "DESCRIPTIONS": [
      "Воскрешает случайного Гремлина с #b",
      "% от вашего Макс. ОЗ."
    ]
  },
  "gremlin:SwapPotion": {
    "NAME": "Зелье смены",
    "DESCRIPTIONS": [
      "#yСменитесь на случайного Гремлина."
    ]
  },
  "gremlin:WizPotion": {
    "NAME": "Зелье чар",
    "DESCRIPTIONS": [
      "Даёт #b",
      " #yЧар."
    ]
  }
}