{
  "Gremlin:Agony": {
    "NAME": "Агония",
    "DESCRIPTIONS": [
      "#yАтаки наносят на #b",
      "% меньше урона в течение #b",
      " хода.",
      " ходов."
    ]
  },
  "Gremlin:Bang": {
    "NAME": "Бум",
    "DESCRIPTIONS": [
      "Следующая атака потратит все #yЧары и нанесёт на #b",
      " урона больше."
    ]
  },
  "Gremlin:Bashed": {
    "NAME": "Разбит",
    "DESCRIPTIONS": [
      "Каждый раз, когда вы получаете #yЗащиту в этом ходу, теряет #b",
      " ОЗ."
    ]
  },
  "Gremlin:BubbleBarrier": {
    "NAME": "Пузырьковый барьер",
    "DESCRIPTIONS": [
      "Каждый раз, когда вы разыгрываете карту в этом ходу, получайте #b",
      " #yЗащиты."
    ]
  },
  "Gremlin:CongaLine": {
    "NAME": "Конга",
    "DESCRIPTIONS": [
      "В начале вашего хода получайте ",
      "и #yСменитесь на следующего Гремлина."
    ]
  },
  "Gremlin:Crippled": {
    "NAME": "Увечье",
    "DESCRIPTIONS": [
      "Каждый раз, когда этот враг получает #yСлабость, он теряет #b",
      " ОЗ."
    ]
  },
  "Gremlin:Encore": {
    "NAME": "На бис!",
    "DESCRIPTIONS": [
      "#yЧары наносят на #b",
      " урона больше."
    ]
  },
  "Gremlin:Enthusiasm": {
    "NAME": "Энтузиазм",
    "DESCRIPTIONS": [
      "Каждый раз, когда вы #yСменяетесь, берите #b",
      " карту.",
      " карты."
    ]
  },
  "Gremlin:FatGremlin": {
    "NAME": "Толстый гремлин",
    "DESCRIPTIONS": [
      "Каждый раз, когда вы разыгрываете атаку, накладывайте #b",
      " #yСлабости на все цели."
    ]
  },
  "Gremlin:Flex": {
    "NAME": "Спад силы",
    "DESCRIPTIONS": [
      "В конце этого хода теряйте #b",
      " #yСилы."
    ]
  },
  "Gremlin:Furious": {
    "NAME": "Ярость",
    "DESCRIPTIONS": [
      "Каждый раз, когда вы должны получить #yЗащиту в этом ходу, вместо этого наносите этот урон ВСЕМ врагам."
    ]
  },
  "Gremlin:GremlinNob": {
    "NAME": "Гремлин-верзила",
    "DESCRIPTIONS": [
      "В начале каждого хода получайте по #b1 карте *Рёв, *Проломить *череп и *Прорыв. Вы больше не можете #yСменяться. Когда вы должны потерять всё #yВременное ОЗ, предотвратите дальнейший урон и вернитесь обратно."
    ]
  },
  "Gremlin:GremlinWizard": {
    "NAME": "Гремлин-маг",
    "DESCRIPTIONS": [
      "Каждый раз, когда вы разыгрываете Навык, получайте #b",
      " #yЧар."
    ]
  },
  "Gremlin:Heckle": {
    "NAME": "Освистать",
    "DESCRIPTIONS": [
      "Каждый раз, когда вы накладываете ослабление на врага, получайте #b",
      " #yВременного ОЗ."
    ]
  },
  "Gremlin:InfiniteBlocks": {
    "NAME": "Бесконечные блоки",
    "DESCRIPTIONS": [
      "В начале вашего хода получайте #b",
      " #yОперу.",
      " #yОперы."
    ]
  },
  "Gremlin:MadGremlin": {
    "NAME": "Безумный гремлин",
    "DESCRIPTIONS": [
      "При получении атаки даёт #b",
      " временной #yСилы."
    ]
  },
  "Gremlin:MakeshiftArmor": {
    "NAME": "Времянка",
    "DESCRIPTIONS": [
      "Разыграйте ещё #b",
      " атаку, чтобы получить #b",
      " атаки, чтобы получить #b",
      " #yАртефакта."
    ]
  },
  "Gremlin:MakingMagic": {
    "NAME": "Сотворение чар",
    "DESCRIPTIONS": [
      "В начале вашего следующего хода получайте #b",
      " копию #yБум.",
      " копии #yБум."
    ]
  },
  "Gremlin:MakingMoreMagic": {
    "NAME": "Сотворение чар+",
    "DESCRIPTIONS": [
      "В начале вашего следующего хода получайте #b",
      " улучшенную копию #yБум.",
      " улучшенных копии #yБум."
    ]
  },
  "Gremlin:Polish": {
    "NAME": "Полировка",
    "DESCRIPTIONS": [
      "#yОперы дают на #b",
      " больше #yЗащиты."
    ]
  },
  "Gremlin:Scatter": {
    "NAME": "Врассыпную!",
    "DESCRIPTIONS": [
      "В следующий #b",
      " раз, когда вы должны потерять ОЗ, вместо этого #yСменитесь на случайного Гремлина.",
      " раза, когда вы должны потерять ОЗ, вместо этого #yСменитесь на случайного Гремлина."
    ]
  },
  "Gremlin:ShadowShiv": {
    "NAME": "Теневая заточка",
    "DESCRIPTIONS": [
      "Каждый раз, когда вы разыгрываете Атаку, которая не #yСжигается, получайте #b",
      " Заточку.",
      " Заточки."
    ]
  },
  "Gremlin:ShieldGremlin": {
    "NAME": "Гремлин-щитоносец",
    "DESCRIPTIONS": [
      "Каждый раз, когда вы разыгрываете Навык, получайте #b",
      " #yЗащиты."
    ]
  },
  "Gremlin:SneakyGremlin": {
    "NAME": "Коварный гремлин",
    "DESCRIPTIONS": [
      "Атаки стоимостью 0 наносят на #b",
      " урона больше. Каждый раз, когда вы разыгрываете атаку, наносите #b",
      " урона случайному врагу."
    ]
  },
  "Gremlin:TargetWeakness": {
    "NAME": "Целься в слабость",
    "DESCRIPTIONS": [
      "Наносит на #b",
      " урона больше врагам со #yСлабостью."
    ]
  },
  "Gremlin:Unforgiving": {
    "NAME": "Неумолимость",
    "DESCRIPTIONS": [
      "Вы не можете терять #yСилу."
    ]
  },
  "Gremlin:Wiz": {
    "NAME": "Чары",
    "DESCRIPTIONS": [
      "Заряжается. NL Нужно ещё #b",
      " Чар.",
      " Чар.",
      "Готово к применению."
    ]
  },
  "Gremlin:Wizardry": {
    "NAME": "Чародейство",
    "DESCRIPTIONS": [
      "В начале вашего хода получайте #b",
      " #yЧар."
    ]
  }
}