{
  "Gremlin:ImpeccablePecs": {
    "NAME": "Безупречные мышцы",
    "FLAVOR": "Великолепно.",
    "DESCRIPTIONS": [
      "Каждый раз, когда вы получаете #yСилу, получайте столько же #yВременного ОЗ. NL Начинайте каждый бой с #b1 #yСилы."
    ]
  },
  "Gremlin:FragmentationGrenade": {
    "NAME": "Осколочная граната",
    "FLAVOR": "Никто не осмелился спросить, откуда Гремлины её достали.",
    "DESCRIPTIONS": [
      "Урон, наносимый случайным врагам, увеличен на #b",
      "."
    ]
  },
  "Gremlin:GremlinBomb": {
    "NAME": "Гремлинья бомба",
    "FLAVOR": "У Гремлинов сверхъестественная способность находить опасные предметы. Иногда они даже выживают, когда их крадут.",
    "DESCRIPTIONS": [
      "Каждый раз, когда Гремлин умирает, наносит #b",
      " урона ВСЕМ врагам."
    ]
  },
  "Gremlin:GremlinGravestone": {
    "NAME": "Могильный камень Гремлинов",
    "FLAVOR": "Куда уходят Гремлины после смерти? Недостаточно далеко, чёрт возьми.",
    "DESCRIPTIONS": [
      "Позволяет воскрешать погибших Гремлинов на стоянках как бесплатное действие."
    ]
  },
  "Gremlin:GremlinKnob": {
    "NAME": "Посох вожака",
    "FLAVOR": "В шайке Гремлинов тот, у кого лучший рог, сохраняет полную власть над труппой, пока кто-то другой не украдёт его.",
    "DESCRIPTIONS": [
      "В начале каждого боя получайте [E], берите #b1 карту и #yСменитесь на следующего Гремлина."
    ]
  },
  "Gremlin:GremlinKnobUpgrade": {
    "NAME": "Корона вожака",
    "FLAVOR": "Чем красивее символ власти, тем выше вероятность, что его украдут.",
    "DESCRIPTIONS": [
      "Заменяет ",
      ". NL Первый раз, когда вы перетасовываете стопку добора в ход, получайте [E], берите #b1 карту и #yСменитесь на следующего Гремлина."
    ]
  },
  "Gremlin:GremlinMask": {
    "NAME": "Маска Гремлина",
    "FLAVOR": "Знак статуса среди шаек Гремлинов.",
    "DESCRIPTIONS": [
      "Начинайте каждый бой с #b1 временной #yСилы."
    ]
  },
  "Gremlin:LeaderVoucher": {
    "NAME": "Расписка вожака Гремлинов",
    "FLAVOR": "Должен одного Гремлина.",
    "DESCRIPTIONS": [
      "В начале хода получайте [E]. NL При получении #rнавсегда #rтеряете #rодного #rГремлина.",
      " NL #r( #rТолстый #rГремлин #r)",
      " NL #r( #rГремлин-маг #r)",
      " NL #r( #rБезумный #rГремлин #r)",
      " NL #r( #rГремлин-щитоносец #r)",
      " NL #r( #rКоварный #rГремлин #r)"
    ]
  },
  "Gremlin:MagicalMallet": {
    "NAME": "Волшебная колотушка",
    "FLAVOR": "Бьёт по пальцам в два раза сильнее.",
    "DESCRIPTIONS": [
      "Каждый раз, когда вы накладываете #yСлабость, получайте #b1 #yЧары, до #b3 раз за ход."
    ]
  },
  "Gremlin:PricklyShields": {
    "NAME": "Колючие щиты",
    "FLAVOR": "Гремлины используют любые обрывки как оружие или броню. Некоторые служат и тем и другим.",
    "DESCRIPTIONS": [
      "Каждый раз, когда вы получаете #yЗащиту, наносите #b",
      " урона случайному врагу."
    ]
  },
  "Gremlin:ShortStature": {
    "NAME": "Низкорослость",
    "FLAVOR": "Удивительно, как хорошо это работает.",
    "DESCRIPTIONS": [
      "Первый раз за бой, когда Гремлин должен умереть, вместо этого исцелите его до #b75% от вашего Макс. ОЗ.",
      "Уже использовано в этом бою."
    ]
  },
  "Gremlin:StolenMerchandise": {
    "NAME": "Украденный товар",
    "FLAVOR": "«Чёртовы вороватые Гремлины!»",
    "DESCRIPTIONS": [
      "Каждый раз, когда вы #yСменяетесь, получайте #yЭхо случайной Бесцветной карты. NL В начале боя Торговец получает #b",
      " #yСилы.",
      "Вы плохие, чёртовы воры!",
      "Вы трусливые, жалкие паразиты!",
      "Жадные хватающие Гремлины!"
    ]
  },
  "Gremlin:SupplyScroll": {
    "NAME": "Свиток снабжения",
    "FLAVOR": "Удивительно подробный инвентарь различных безделушек шайки.",
    "DESCRIPTIONS": [
      "В начале 3-го хода получайте [E] [E] и берите #b2 карты."
    ]
  },
  "Gremlin:TagTeamwork": {
    "NAME": "Командная работа",
    "FLAVOR": "Командная работа — залог успеха.",
    "DESCRIPTIONS": [
      "Каждый раз, когда вы берёте карту #yПоменять #yместами, берите ещё одну карту. NL При получении добавьте две копии #y«Поменять #yместами» в колоду."
    ]
  },
  "Gremlin:WizardHat": {
    "NAME": "Шляпа волшебника",
    "FLAVOR": "Сопровождающую мантию давно украли.",
    "DESCRIPTIONS": [
      "Каждый раз, когда вы тратите #yЧары, снимайте случайное ослабление."
    ]
  },
  "Gremlin:WizardStaff": {
    "NAME": "Посох волшебника",
    "FLAVOR": "Гордость и радость каждого Гремлина-мага, этот посох — частая цель кражи со стороны враждующих шаек.",
    "DESCRIPTIONS": [
      "#yЧары наносят на #b7 урона больше."
    ]
  },
  "Gremlin:WoundPoker": {
    "NAME": "Тыкалка для ран",
    "FLAVOR": "Больно, когда я так делаю?",
    "DESCRIPTIONS": [
      "В конце каждого хода наносит #b",
      " урона каждому врагу со #yСлабостью."
    ]
  },
  "Gremlin:PatchFixes": {
    "NAME": "Заплатки",
    "FLAVOR": "",
    "DESCRIPTIONS": [
      "При получении увеличивает Макс. ОЗ всех Гремлинов на #b",
      "Вместо добавления карт в колоду вы можете увеличить Макс. ОЗ всех Гремлинов на #b1.",
      " #yзолота. NL Увеличивает Макс. ОЗ всех Гремлинов на #b",
      "В конце каждого 5-го боя увеличивает Макс. ОЗ всех Гремлинов на #b1.",
      "+1 Макс. ОЗ"
    ]
  }
}