{
  "Gremlin:NobFight": {
    "TEXT": [
      "МЕЛКИЕ ГРЕМЛИНЫ, ОТДАЙТЕ ДУШИ!",
      "Эй, Злюка. Теперь ты мой.",
      "Эй, Толстый. Теперь ты мой.",
      "Эй, Девчушка. Теперь ты моя.",
      "Эй, Дёрганый. Теперь ты мой.",
      "Эй, Тупица. Теперь ты мой.",
      "Эй, ты. Теперь ты мой.",
      "Мне нужно выбрать."
    ]
  },
  "Gremlin:GremFight": {
    "TEXT": [
      "Проломить им головы!",
      "Убить их до смерти!",
      "Забрать их вещи!"
    ]
  },
  "Gremlin:ResurrectOption": {
    "TEXT": [
      "Воскресить",
      "(Бесплатное действие) Воскресить случайного Гремлина.",
      "Требуется мёртвый Гремлин.",
      "Могила уже осквернена.",
      "Я ВОССТАЛ!",
      "Я ВОССТАЛ СНОВА!",
      "Я ВЕРНУЛСЯ ЗА НОВОЙ ДОБЫЧЕЙ!"
    ]
  },
  "Gremlin:RestOption": {
    "TEXT": [
      "Отдых",
      "Исцелить каждого Гремлина на 100% их Макс. ОЗ (",
      " ОЗ от ",
      "Исцелить каждого Гремлина на 30% их Макс. ОЗ (",
      "Если какие-то Гремлины мертвы, один из них будет воскрешён случайным образом."
    ]
  },
  "Gremlin:Swap": {
    "TEXT": [
      "НЕТ СМЕНЕ!",
      "ТЕПЕРЬ ЛИДЕР — ВЕРЗИЛА!",
      "ВЕРЗИЛА — ЛИДЕР НАВСЕГДА!"
    ]
  },
  "Gremlin:ArtMode": {
    "TEXT": [
      "Режим арта Гремлинов",
      "Гремлины вторгаются в рамки карт. Влияет только на эстетику. Может облегчить поиск синергий."
    ]
  },
  "Gremlin:BonusGold": {
    "TEXT": [
      " золота (бонус)"
    ]
  },
  "Gremlin:MakeEchoAction": {
    "TEXT": [
      "Эхо: "
    ]
  },
  "Gremlin:EventReplacementStrings": {
    "TEXT": [
      "#rПотерять #r",
      " #rОЗ",
      "#rВсе #rГремлины #rтеряют #r",
      "#gПолучить #g",
      " #gОЗ",
      "#gВсе #gГремлины #gполучают #g"
    ]
  }
}