{
  "expansioncontent:GuardianWhirl": {
    "NAME": "Вихрь Стража",
    "DESCRIPTION": "Наносит !D! урона ВСЕМ врагам !M! раз. NL Если у вас есть не менее !DM! Защиты, наносит урон ещё !M! раз.",
    "EXTENDED_DESCRIPTION": [
      "Требуется больше Защиты."
    ]
  },
  "expansioncontent:Hexaburn": {
    "NAME": "Гекса-ожог",
    "DESCRIPTION": "Наносит !D! урона случайному врагу !M! раз. NL Сжигается.",
    "UPGRADE_DESCRIPTION": "Наносит !D! урона случайному врагу !M! раз."
  },
  "expansioncontent:InvincibleStrength": {
    "NAME": "Непобедимость",
    "DESCRIPTION": "Даёт !M! expansioncontent:Непобедимости. NL Если у вас уже была expansioncontent:Непобедимость, вместо этого она длится на один ход дольше."
  },
  "expansioncontent:HyperBeam": {
    "NAME": "Автома-луч",
    "DESCRIPTION": "Наносит !D! урона ВСЕМ врагам. NL Помещает *Бездну на верх стопки добора. NL Сжигается."
  },
  "expansioncontent:LastStand": {
    "NAME": "Последний рубеж",
    "DESCRIPTION": "Снимает все ослабления. NL Даёт !M! Силы."
  },
  "expansioncontent:YouAreMine": {
    "NAME": "ТЫ ПРИНАДЛЕЖИШЬ МНЕ!!!",
    "DESCRIPTION": "Накладывает !M! Слабости, !M! Уязвимости и !DM! expansioncontent:Порчи на ВСЕХ врагов. NL Сжигается."
  },
  "expansioncontent:AwakenDeath": {
    "NAME": "Любознательность",
    "DESCRIPTION": "Каждый раз, когда вы разыгрываете Талант, получайте !M! Силы."
  },
  "expansioncontent:Chronoboost": {
    "NAME": "Хроно-ускорение",
    "DESCRIPTION": "Получайте !M! Силы за каждую 12-ю сыгранную карту."
  },
  "expansioncontent:PolyBeam": {
    "NAME": "Взрыв Дону",
    "DESCRIPTION": "Даёт !M! Силы."
  },
  "expansioncontent:DecaShield": {
    "NAME": "Щит Деки",
    "DESCRIPTION": "Даёт !B! Шипов."
  },
  "expansioncontent:ShapePower": {
    "NAME": "Благословение Создателя",
    "DESCRIPTION": "Получите !M! Силы и !DM! expansioncontent:Шипов.",
    "EXTENDED_DESCRIPTION": [
      "Сила Дону",
      "Даёт !M! Силы.",
      "Щит Деки",
      "Даёт !M! Шипов."
    ]
  },
  "expansioncontent:SuperPrepareCrush": {
    "NAME": "Приготовиться к крушению",
    "DESCRIPTION": "В следующем ходу получите карту *СЛИЗЕНЬ: *КРУШИТЬ, [E] [E] [E] и !M! Силы. NL Сжигается.",
    "UPGRADE_DESCRIPTION": "В следующем ходу получите карту *СЛИЗЕНЬ: *КРУШИТЬ+, [E] [E] [E] [E] и !M! Силы. NL Сжигается.",
    "EXTENDED_DESCRIPTION": [
      "~Слизень...~ NL #r~КРУШИТЬ!!!~"
    ]
  },
  "expansioncontent:SuperLivingWall": {
    "NAME": "Студенистая стена",
    "DESCRIPTION": "Даёт !B! Защиты. NL Накладывает !M! expansioncontent:Слизи на атакующих в этом ходу."
  },
  "expansioncontent:StudyTheSpire": {
    "NAME": "Изучение Шпиля",
    "DESCRIPTION": "В начале ваших следующих !M! ходов получайте случайную карту *Босса. Они стоят 0.",
    "UPGRADE_DESCRIPTION": "В начале ваших следующих !M! ходов получайте случайную улучшенную карту *Босса. Они стоят 0."
  },
  "expansioncontent:QuickStudy": {
    "NAME": "Быстрое изучение",
    "DESCRIPTION": "Выберите 1 из 3 карт *Босса, чтобы получить. NL Она стоит 0, пока не разыграна. NL Сжигается.",
    "UPGRADE_DESCRIPTION": "Выберите 1 из 3 улучшенных карт *Босса, чтобы получить. NL Она стоит 0, пока не разыграна. NL Сжигается.",
    "EXTENDED_DESCRIPTION": [
      "Выберите карту Босса."
    ]
  },
  "expansioncontent:DashGenerateEvil": {
    "NAME": "Зло внутри",
    "DESCRIPTION": "Каждый раз, когда вы накладываете !DM! ослабления, наносите !M! урона ВСЕМ врагам."
  },
  "expansioncontent:KnowingSkullWish": {
    "NAME": "Всеведущий череп",
    "DESCRIPTION": "Эфирная. NL Потратьте ОЗ, чтобы *Пожелать *душ, *зелья или *бесцветную карту. NL Сжигается."
  },
  "expansioncontent:Antidote": {
    "NAME": "Антидот",
    "DESCRIPTION": "Сохраняемая. NL Потеряйте !M! Яда."
  },
  "expansioncontent:AntidoteAsPower": {
    "NAME": "Несбавляемый",
    "DESCRIPTION": "Сохраняемая. NL Каждый раз, когда вы наносите неблокируемый урон атакой, теряйте !M! Яда."
  },
  "expansioncontent:SuperGhostShield": {
    "NAME": "Щит призрака",
    "DESCRIPTION": "Эфирная. [#e087a4]Посмертие.[] NL [#e087a4]Получите[] [#e087a4]!B![] [#e087a4]Защиты.[] NL [#e087a4]Получите[] [#e087a4]!M![] [#e087a4]Неуязвимости.[]",
    "EXTENDED_DESCRIPTION": [
      "Получите !B! Защиты."
    ]
  },
  "expansioncontent:SuperGoopSpray": {
    "NAME": "Выброс слизи",
    "DESCRIPTION": "Накладывает !M! expansioncontent:Слизи и !DM! Слабости.",
    "UPGRADE_DESCRIPTION": "Накладывает !M! expansioncontent:Слизи и !DM! Слабости на ВСЕХ врагов."
  },
  "expansioncontent:ChargeUp": {
    "NAME": "Очищающая пластина",
    "DESCRIPTION": "Уменьшает каждое ваше ослабление на !M!. NL Сжигается.",
    "UPGRADE_DESCRIPTION": "Уменьшает каждое ваше ослабление на !M!."
  },
  "expansioncontent:SuperTaunt": {
    "NAME": "Насмешка",
    "DESCRIPTION": "Накладывает !M! Слабости и Уязвимости.",
    "UPGRADE_DESCRIPTION": "Накладывает !M! Слабости и Уязвимости на ВСЕХ врагов."
  },
  "expansioncontent:Torchfire": {
    "NAME": "Дикое пламя",
    "DESCRIPTION": "Наносит !D! урона. NL Повторяется за каждое уникальное ослабление на враге."
  },
  "expansioncontent:TakeFlight": {
    "NAME": "Оживление",
    "DESCRIPTION": "Восстанавливает !M! ОЗ. awakened:Напев: вместо этого восстанавливает !DM! ОЗ."
  },
  "expansioncontent:BeatOfDeath": {
    "NAME": "Удар смерти",
    "DESCRIPTION": "Каждый раз, когда вы разыгрываете карту, наносит !M! урона ВСЕМ врагам."
  },
  "expansioncontent:SuperViciousMockery": {
    "NAME": "Насмешка",
    "DESCRIPTION": "Даёт !M! Бодрости. NL Накладывает !DM! Слабости."
  },
  "expansioncontent:SuperClobber": {
    "NAME": "Сокрушительный удар",
    "DESCRIPTION": "Наносит !D! урона. NL Получает Защиту, равную неблокированному урону."
  },
  "expansioncontent:SuperSomberShield": {
    "NAME": "Зелёный пламенный щит",
    "DESCRIPTION": "expansioncontent:Пиромант. NL Получите !B! Защиты. NL В следующем ходу получите копию *Сожжённой карты."
  },
  "expansioncontent:SuperWhirlingFlame": {
    "NAME": "Кружащееся пламя",
    "DESCRIPTION": "Наносит !D! урона ВСЕМ врагам. NL Положите карту из стопки сброса на верх стопки добора."
  },
  "expansioncontent:Flail": {
    "NAME": "Размашистые удары",
    "DESCRIPTION": "Наносит !D! урона ВСЕМ врагам !DM! раз. NL Даёт !M! Артефакта. NL Сжигается.",
    "EXTENDED_DESCRIPTION": [
      "размашистый",
      "Размах"
    ]
  },
  "expansioncontent:SuperBloodthirst": {
    "NAME": "Кровожадность",
    "DESCRIPTION": "Наносит !D! урона. NL При убийстве получает случайное зелье и Сжигает эту карту."
  },
  "expansioncontent:SuperBodyCrash": {
    "NAME": "Удар телом",
    "DESCRIPTION": "Даёт !B! Защиты. NL Наносит урон, равный вашей Защите.",
    "UPGRADE_DESCRIPTION": " NL (Наносит !D! урона.)"
  },
  "expansioncontent:SuperEtherStep": {
    "NAME": "Шаг призрака",
    "DESCRIPTION": "Наносит !D! урона. NL Сожгите карту. NL Возьмите !M! карту.",
    "UPGRADE_DESCRIPTION": "Наносит !D! урона. NL Сожгите карту. NL Возьмите !M! карт."
  },
  "expansioncontent:Virus": {
    "NAME": "Вирус 404",
    "DESCRIPTION": "Сожгите до !M! карт. Замешайте *Большой *луч в стопку добора за каждую сожжённую карту. NL Сжигается."
  },
  "expansioncontent:MajorBeam": {
    "NAME": "Большой луч",
    "DESCRIPTION": "Наносит !D! урона. NL Возьмите !M! карту.",
    "UPGRADE_DESCRIPTION": "Наносит !D! урона. NL Возьмите !M! карт."
  },
  "expansioncontent:ManipulateTime": {
    "NAME": "Запоздалая мысль",
    "DESCRIPTION": "Положите карту из стопки сброса на низ стопки добора. Она стоит 0, пока не разыграна.",
    "UPGRADE_DESCRIPTION": "Положите карту из стопки сброса на низ стопки добора. В этом бою она стоит 0."
  },
  "expansioncontent:Pandemonium": {
    "NAME": "Вакханалия",
    "DESCRIPTION": "В начале вашего хода разыгрывайте случайную карту из стопки сброса."
  },
  "expansioncontent:Reverie": {
    "NAME": "Грёзы",
    "DESCRIPTION": "В начале вашего хода берите в руку одну из верхних !M! карт стопки сброса."
  },
  "expansioncontent:ExploitVulnerability": {
    "NAME": "Луч Дону",
    "DESCRIPTION": "Снимите всю Защиту с врага, затем получите столько же Защиты. NL Наносит !D! урона дважды."
  },
  "expansioncontent:PeekPages": {
    "NAME": "Подглядеть страницы",
    "DESCRIPTION": "Поместите !M! *Озарения на верх стопки добора. NL Сжигается."
  },
  "expansioncontent:BloodBarrage": {
    "NAME": "Кровавый залп",
    "DESCRIPTION": "Наносит !D! урона !M! раз. NL Сжигается."
  },
  "expansioncontent:DoubleAct": {
    "NAME": "Двойной акт",
    "DESCRIPTION": "В начале вашего следующего хода берите карты и получайте [E] дополнительный раз. NL Сжигается."
  },
  "expansioncontent:BloodySacrifice": {
    "NAME": "Кровавая жертва",
    "DESCRIPTION": "Эфирная. NL Потеряйте !M!% Макс. ОЗ. NL Получите 1 Ритуала. Сжигается.",
    "EXTENDED_DESCRIPTION": [
      " NL (Потеряйте {amount} ОЗ.)"
    ]
  }
}