[
  {
    "PROPER_NAME": "Неуязвимость",
    "ID": "blur",
    "NAMES": [
      "неуязвимость",
      "неуязвимости",
      "blur"
    ],
    "DESCRIPTION": "#yЗащита не снимается в начале вашего хода."
  },
  {
    "PROPER_NAME": "Карта Босса",
    "NAMES": [
      "карта босса",
      "карты босса",
      "босс",
      "босса",
      "boss"
    ],
    "DESCRIPTION": "Вы можете разыграть только #b1 #yКарту Босса за ход."
  },
  {
    "PROPER_NAME": "Эхо",
    "ID": "echo",
    "NAMES": [
      "эхо",
      "echo"
    ],
    "DESCRIPTION": "Добавляет в руку копию карты. Она #yЭфирная и #yСжигается. NL Эхо не может быть скопировано."
  },
  {
    "PROPER_NAME": "Воскрешение",
    "NAMES": [
      "воскрешение",
      "воскрешения",
      "воскрешает",
      "воскрешаете",
      "воскрешённые",
      "exhume"
    ],
    "DESCRIPTION": "Положите выбранную #yСожжённую карту в руку."
  },
  {
    "PROPER_NAME": "Непобедимость",
    "NAMES": [
      "непобедимость",
      "непобедимости",
      "invincible"
    ],
    "DESCRIPTION": "Вы не можете потерять больше указанного ОЗ за один ход. NL В конце хода, в котором #yНепобедимость предотвратила потерю ОЗ, она снимается."
  },
  {
    "PROPER_NAME": "Восстановление",
    "NAMES": [
      "восстановление",
      "восстановления",
      "восстанавливает",
      "reclaim"
    ],
    "DESCRIPTION": "Положите выбранную #yСожжённую карту в стопку сброса."
  },
  {
    "PROPER_NAME": "Слизь",
    "NAMES": [
      "слизь",
      "слизи",
      "goop",
      "gooped"
    ],
    "DESCRIPTION": "Следующая атака наносит на #b1 урона больше за каждую #yСлизь, снимая всю #yСлизь и активируя эффекты #yПотребления."
  },
  {
    "PROPER_NAME": "Скованность",
    "NAMES": [
      "скованность",
      "скованный",
      "скованные",
      "shackled"
    ],
    "DESCRIPTION": "#yСкованные существа теряют #yСилу на один ход."
  },
  {
    "PROPER_NAME": "Временное ОЗ",
    "ID": "temp_hp",
    "NAMES": [
      "временное оз",
      "временного оз",
      "временное_оз",
      "временного_оз",
      "temp hp",
      "temp_hp"
    ],
    "DESCRIPTION": "Предотвращает урон по ОЗ до конца боя."
  },
  {
    "PROPER_NAME": "Пиромант",
    "NAMES": [
      "пиромант",
      "пироманта",
      "pyre"
    ],
    "DESCRIPTION": "Помимо стоимости энергией требует #yСжечь карту в руке."
  },
  {
    "PROPER_NAME": "Порча",
    "NAMES": [
      "порча",
      "порчи",
      "doom",
      "doomed"
    ],
    "DESCRIPTION": "Существа с #yПорчей теряют ОЗ в начале своего хода, затем #yПорча снимается, если только существо не #yСокрушено (имеет и #yСлабость, и #yУязвимость)."
  },
  {
    "NAMES": [
      "сдавленность",
      "сдавленности",
      "constricted"
    ],
    "PROPER_NAME": "Сдавленность",
    "DESCRIPTION": "Существа со #yСдавленностью получают урон в конце своего хода."
  },
  {
    "PROPER_NAME": "Преобразование",
    "ID": "transform",
    "NAMES": [
      "преобразование",
      "преобразовывает",
      "transform"
    ],
    "DESCRIPTION": "#yСжигает карту, заменяя её другой картой."
  }
]