{
  "expansioncontent:StudyTheSpirePower": {
    "NAME": "Изучение Шпиля",
    "DESCRIPTIONS": [
      "Даёт случайную #yКарту #yБосса в начале вашего следующего хода. NL Она стоит #b0, пока не разыграна.",
      "Даёт случайную #yКарту #yБосса в начале ваших следующих #b",
      " ходов. NL Они стоят #b0, пока не разыграны.",
      "Даёт случайную #yУлучшенную #yКарту #yБосса в начале вашего следующего хода. NL Она стоит #b0, пока не разыграна.",
      "Даёт случайную #yУлучшенную #yКарту #yБосса в начале ваших следующих #b",
      " ходов. NL Они стоят #b0, пока не разыграны."
    ]
  },
  "expansioncontent:AwakenedOnePower": {
    "NAME": "Тёмный ритуал",
    "DESCRIPTIONS": [
      "Даёт #b",
      " #yСилы, если этот враг не атакует в свой ход."
    ]
  },
  "expansioncontent:AwakenDeathPower": {
    "NAME": "Пробуждение",
    "DESCRIPTIONS": [
      "Когда вы должны умереть, вместо этого восстанавливаете #b",
      " ОЗ и теряете этот эффект."
    ]
  },
  "expansioncontent:ChronoBoostPower": {
    "NAME": "Хроно-ускорение",
    "DESCRIPTIONS": [
      "После разыгрывания ещё #b",
      " карт, получаете #b",
      " #yСилы."
    ]
  },
  "expansioncontent:ChronoBoostPlusPower": {
    "NAME": "Хроно-ускорение+",
    "DESCRIPTIONS": [
      "После разыгрывания ещё #b",
      " карт, получаете #b",
      " #yСилы."
    ]
  },
  "expansioncontent:DeEnergizedPower": {
    "NAME": "Обесточен",
    "DESCRIPTIONS": [
      "В начале вашего следующего хода теряете #b",
      " [E]."
    ]
  },
  "expansioncontent:PolyBeamAgainPower": {
    "NAME": "Могущество",
    "DESCRIPTIONS": [
      "#yРассеивающий #yлуч будет разыгран в начале вашего следующего хода.",
      "#yРассеивающий #yлуч будет разыгран в начале ваших следующих #b",
      " ходов."
    ]
  },
  "expansioncontent:PolyBeamAgainPowerUpgraded": {
    "NAME": "Могущество",
    "DESCRIPTIONS": [
      "#yРассеивающий #yлуч+ будет разыгран в начале вашего следующего хода.",
      "#yРассеивающий #yлуч+ будет разыгран в начале ваших следующих #b",
      " ходов."
    ]
  },
  "expansioncontent:AddCopyPower": {
    "NAME": "Отложенная карта",
    "DESCRIPTIONS": [
      "Добавляет ",
      " в руку в начале вашего следующего хода."
    ]
  },
  "expansioncontent:AddSameInstancePower": {
    "NAME": "Отложенная карта",
    "DESCRIPTIONS": [
      "Добавляет ",
      " в руку в начале вашего следующего хода."
    ]
  },
  "expansioncontent:NextTurnExhumePower": {
    "NAME": "Отложенное воскрешение",
    "DESCRIPTIONS": [
      "#yВоскрешает ",
      " в начале вашего следующего хода."
    ]
  },
  "expansioncontent:PretendHexWheelPower": {
    "NAME": "Гекса-ожог",
    "DESCRIPTIONS": [
      "Через #b",
      " хода наносит #b",
      "В конце вашего хода наносит #b",
      " урона случайному врагу #b6 раз."
    ]
  },
  "expansioncontent:BeatOfDeathP": {
    "NAME": "Удар смерти",
    "DESCRIPTIONS": [
      "Каждый раз, когда вы разыгрываете карту, наносит #b",
      " урона ВСЕМ врагам."
    ]
  },
  "expansioncontent:PandemoniumPower": {
    "NAME": "Вакханалия",
    "DESCRIPTIONS": [
      "В начале вашего хода разыгрывает случайную карту из стопки сброса.",
      "В начале вашего хода разыгрывает #b",
      " случайных карт из стопки сброса."
    ]
  },
  "expansioncontent:EvilWithinPower": {
    "NAME": "Зло внутри",
    "DESCRIPTIONS": [
      "Наносит #b",
      " урона ВСЕМ врагам после наложения ещё #b",
      " ослаблений.",
      " ослабления."
    ]
  },
  "expansioncontent:ReveriePower": {
    "NAME": "Грёзы",
    "DESCRIPTIONS": [
      "В начале вашего хода смотрите верхнюю карту стопки сброса и добавляете её в руку.",
      "В начале вашего хода смотрите верхние #b",
      " карт стопки сброса и выбираете одну для добавления в руку.",
      "Выберите карту для добавления в руку."
    ]
  },
  "expansioncontent:VexVinciblePower": {
    "NAME": "Непобедимость",
    "DESCRIPTIONS": [
      "Ограничивает весь получаемый урон и потерю ОЗ до #b",
      " за ход. Снимается после активации.",
      "Ограничивает весь получаемый урон и потерю ОЗ до #b",
      " за ход. Снимается после #b",
      " активаций."
    ]
  }
}