{
  "downfall:PropertiesMod": {
    "TEXT": [
      "Применённые свойства.",
      "Дополнительные свойства: ",
      "Дополнительные свойства в этом ходу: ",
      " NL Также в этом ходу: ",
      ", ",
      ".",
      "#y",
      "Эхо",
      "Неиграбельная",
      "Эфирная",
      "Оставляется",
      "Сжигается",
      " ",
      "NL ",
      "Эхо: "
    ]
  },
  "downfall:EtherealMod": {
    "TEXT": [
      "Эфирная. NL "
    ]
  },
  "downfall:ExhaustMod": {
    "TEXT": [
      " NL Сжигается."
    ]
  },
  "downfall:InnateMod": {
    "TEXT": [
      "Врождённая. NL "
    ]
  },
  "downfall:RetainCardMod": {
    "TEXT": [
      "Оставляется. NL "
    ]
  },
  "downfall:UnplayableMod": {
    "TEXT": [
      "Неиграбельная. NL ",
      "Эту карту нельзя разыграть.",
      "Эту карту нельзя разыграть в этом ходу."
    ]
  },
  "expansioncontent:CannotUseBossCardMessage": {
    "TEXT": [
      "Карта Босса уже была разыграна в этом ходу!"
    ]
  },
  "expansioncontent:BossCardTagName": {
    "TEXT": [
      "Босс"
    ]
  }
}