{
  "reskinContent:ReSkin": {
    "TEXT": [
      "Облик",
      "Оригинал"
    ]
  },
  "reskinContent:PortraitAnimation": {
    "TEXT": [
      "Тип портрета"
    ]
  },
  "reskinContent:PortraitAnimationType": {
    "TEXT": [
      "Статичный",
      "Анимированный",
      "Полный эффект"
    ]
  },
  "reskinContent:BetaArtUnlockEffect": {
    "TEXT": [
      "Альтернативный арт Стража разблокирован!",
      "Альтернативный арт Слизнебосса разблокирован!",
      "Альтернативный арт Гексапризрака разблокирован!",
      "Альтернативный арт Змекко разблокирован!",
      "Альтернативный арт Чемпиона разблокирован!",
      "Альтернативный арт Автоматона разблокирован!",
      "Альтернативный арт Гремлинов разблокирован!",
      "Альтернативный арт Коллекционера разблокирован!"
    ]
  },
  "reskinContent:ReSkinGuardian": {
    "TEXT": [
      "Страж-тян",
      "Концепт-арт"
    ],
    "EXTRA_TEXT": [
      "Конструкт Шпиля, запрограммированный защищать его. NL Способен защитить себя от вреда по команде.",
      "Один из ранних набросков Стража. NL На бумаге работал лучше."
    ]
  },
  "reskinContent:ReSkinSlime": {
    "TEXT": [
      "Слайфу",
      "Слизнебосс?"
    ],
    "EXTRA_TEXT": [
      "Этот необычный слизень любит лакомиться вкусными реликвиями. NL Он служит Сердцу совершенно случайно.",
      "Это... Слизнебосс? Он выглядит ужасно дружелюбно. NL Что ж, его шляпа, несомненно, самая большая в Шпиле, так что он должен быть главным..."
    ]
  },
  "reskinContent:ReSkinHexaghost": {
    "TEXT": [
      "Гекса-тян",
      "Призракогон",
      "Ламподух"
    ],
    "EXTRA_TEXT": [
      "Проклятый дух Шпиля. NL Обречён на вечную участь защитника.",
      "В выходные любит гоняться за жёлтыми кругами. NL Панически боится энергетических пилюль.",
      "Старый напарник Гексапризрака. NL Решил перестать убивать авантюристов ради более стабильной работы — продажи желаний."
    ]
  },
  "reskinContent:ReSkinSnecko": {
    "TEXT": [
      "ССССЗмекко",
      "Змеккдор"
    ],
    "EXTRA_TEXT": [
      "Своими глазами он вызывает когнитивные отклонения, скрывая истинную форму. NL Исследования показывают, что сбитые с толку существа видят совершенно иной мир.",
      "В поисках большей силы этот амбициозный Змекко пошёл по стопам своего героя. NL Обзаведясь мускулистой рукой и множеством совершенных V, он называет себя «Змеккдор»."
    ]
  },
  "reskinContent:ReSkinChamp": {
    "TEXT": [
      "Чемп-тян",
      "День стирки Чемпиона"
    ],
    "EXTRA_TEXT": [
      "Её меч выглядит неподъёмным, NL но на самом деле она единственная, кто достаточно силён, чтобы поднять его.",
      "Сегодня день стирки."
    ]
  },
  "reskinContent:ReSkinGremlin": {
    "TEXT": [
      "Кошки"
    ],
    "EXTRA_TEXT": [
      "Мммм... Мяу?"
    ]
  },
  "reskinContent:ReSkinBronze": {
    "TEXT": [
      "Автоматон",
      "«Автоматон»",
      "Идеальный"
    ],
    "EXTRA_TEXT": [
      "",
      "Ага! С ног до головы — точно Автоматон! NL Никогда не видел ничего более похожего на Автоматона!",
      "[ЗАГРУЗКА] Инициализация... Базовые системы в норме — ошибок не обнаружено. NL [ЗАДАЧА] БАЛАНС будет СОХРАНЁН"
    ]
  }
}