{
  "downfall:Aged": {
    "NAME": "Старение",
    "DESCRIPTION": "Неиграбельная. Эфирная. NL В конце вашего хода добавляет *Бездну в вашу стопку сброса."
  },
  "downfall:Bewildered": {
    "NAME": "Озадаченность",
    "DESCRIPTION": "При розыгрыше: sneckomod:Спутывает эту карту. NL Сжигается."
  },
  "downfall:Icky": {
    "NAME": "Липкость",
    "DESCRIPTION": "В следующем ходу вы берёте на 1 карту меньше. NL Сжигается."
  },
  "downfall:Haunted": {
    "NAME": "Беспокойство",
    "DESCRIPTION": "Эфирная. NL В конце вашего хода получаете !M! урона."
  },
  "downfall:Malfunctioning": {
    "NAME": "Сбой",
    "DESCRIPTION": "В конце вашего хода добавляет *Рану в вашу стопку сброса. NL Сжигается."
  },
  "downfall:Scatterbrained": {
    "NAME": "Рассеянность",
    "DESCRIPTION": "В конце вашего хода, если эта карта в вашей руке, добавляет её копию в стопку сброса. NL Сжигается."
  },
  "downfall:CurseOfBlood": {
    "NAME": "Гемофилия",
    "DESCRIPTION": "В начале вашего следующего хода теряете [E]. NL Сжигается.",
    "EXTENDED_DESCRIPTION": ["Примечание для локализаторов: Hemophilia — это название заболевания, при котором кровь плохо сворачивается. Я добавил букву 'а' в середине для крутости."]
  },
  "downfall:SummonMushrooms": {
    "NAME": "Грибок среди нас",
    "DESCRIPTION": "Убивает все Грибы. Восстанавливает ОЗ, равное их оставшимся ОЗ. NL Призывает два Гриба."
  },
  "downfall:BossMaintenance": {
    "NAME": "Профилактика",
    "DESCRIPTION": "*Удары наносят на !M! урона больше в этом бою. NL Даёт !B! Ловкости."
  },
  "downfall:CuriousRobot": {
    "NAME": "Любопытный робот",
    "DESCRIPTION": "Когда противник разыгрывает Талант, получает 1 Фокуса. Ваша Сила влияет на ваш Фокус."
  },
  "downfall:Murderbot": {
    "NAME": "Похититель энергии",
    "DESCRIPTION": "Каждый раз, когда вы наносите неблокируемый урон атакой, добавляет *Бездну в стопку сброса противника."
  },
  "downfall:Temptation": {
    "NAME": "Искушение",
    "DESCRIPTION": "Замешивает !M! случайных Талантов в стопку добора противника."
  },
  "downfall:BagOfKnives": {
    "NAME": "Мешок с ножами",
    "DESCRIPTION": "Первый раз, когда вы разыгрываете карту стоимостью 2 или более в ход, получаете 2 *Заточки."
  },
  "downfall:Hallunication": {
    "NAME": "Галлюцинация",
    "DESCRIPTION": "Каждый ход скрывает ваше настоящее местоположение. Когда атакованы вы или иллюзия, иллюзия исчезает."
  },
  "downfall:NewToxins": {
    "NAME": "Новые токсины",
    "DESCRIPTION": "Яд больше не рассеивается, но его можно заблокировать, и он наносит урон в конце хода вместо начала."
  },
  "downfall:FeedingFrenzy": {
    "NAME": "Кормовое безумие",
    "DESCRIPTION": "*Жнец также целится во ВСЕ *Грибы. Получаете 1 Силы, когда убиваете свой *Гриб."
  },
  "downfall:StatusMirror": {
    "NAME": "Волшебное зеркало",
    "DESCRIPTION": "Статусы, создаваемые этим персонажем, добавляются вам вместо этого."
  },
  "downfall:EyeForAnEye": {
    "NAME": "Око за око",
    "DESCRIPTION": "Если противник разыграл больше Атак, чем не-Атак, вы в Гневе. Иначе вы в Покое."
  },
  "downfall:TruePeace": {
    "NAME": "Истинный покой",
    "DESCRIPTION": "Ничего не делать. Ждать неизбежного конца всего сущего."
  },
  "downfall:EndIsNigh": {
    "NAME": "Конец близок",
    "DESCRIPTION": "ВСЕ получают !M! Ритуала."
  },
  "downfall:FalseWorship": {
    "NAME": "Ложное поклонение",
    "DESCRIPTION": "Воскрешает вашего Культиста, если он мёртв. Иначе он воскресает после смерти, восстанавливая 50% ОЗ."
  },
  "downfall:FleetingFaith": {
    "NAME": "Призрачное присутствие",
    "DESCRIPTION": "Добавляет !M! карт *Беспокойство в стопку сброса противника."
  },
  "downfall:FaithRewarded": {
    "NAME": "Вознаграждённая вера",
    "DESCRIPTION": "Если вы входите в Божественность, вы уже никогда не можете её покинуть. Бонус урона Божественности снижен до 200%."
  },
  "downfall:Crusade": {
    "NAME": "Крестовый поход",
    "DESCRIPTION": "Снимает все Ослабления. NL Теряет всю Мантру. Восстанавливает !M! ОЗ и получает 1 Силы за каждую потерянную Мантру."
  },
  "downfall:Hyperfocused": {
    "NAME": "Смертоносная концентрация",
    "DESCRIPTION": "Всегда получает эффекты *Неотвратимой *гибели. После получения 10 урона снимает эффекты *Неотвратимой *гибели до конца хода."
  },
  "downfall:Arsenal": {
    "NAME": "Живой арсенал",
    "DESCRIPTION": "Призывает *Обречённый *Кинжал."
  },
  "downfall:Steady": {
    "NAME": "Стабильность",
    "DESCRIPTION": "*Гнев теперь увеличивает наносимый и получаемый урон на 50% вместо 100%."
  },
  "downfall:Revolver": {
    "NAME": "Револьвер",
    "DESCRIPTION": "Будущие ходы определяются *Колесом *Судьбы. При атаке *Колесо продвигается на один шаг."
  }
}