{
  "downfall:Heart Event": {
    "NAMES": [
      "Сердце"
    ],
    "TEXT": [
      "‾Служи...‾ NL ‾мне..‾ ‾сейчас...‾",
      "‾Восстань...‾ NL ‾Слуга..‾",
      "‾Пробудись...‾",
      "‾Убей‾ NL ‾чужаков...‾",
      "‾Доберись‾ ‾до‾ ‾чужака...‾ NL ‾чтобы‾ ‾получить‾ ‾больше..‾ ‾благословений...‾",
      "‾Хотя‾ ‾бы...‾ ‸сразись‾ NL ‾с‾ ‾первым‾ ‾чужаком...‾",
      "‾Я‾ ‾вернул‾ ‾тебя...‾",
      "‾Выбирай...‾",
      "‾Даруется...‾",
      "‾Жертва...‾ NL ‾...ради‾ ‾силы....‾",
      "‾ДОКАЖИ‾ ‾свою‾ NL ‾ценность...‾",
      "Награды",
      "‾Продолжай‾ ‾ради‾ ‾меня...‾",
      "‾Спустись...‾ ‾..в‾ ‾безумие...‾",
      "‾Впечатляет...‾ ‾ещё...‾",
      "Проклят!",
      "Рассеянность!",
      "Трансформация!"
    ],
    "OPTIONS": [
      "[Продолжить]",
      "[Говорить]",
      "[Пропустить]",
      "[Уйти]",
      "Выберите 10 карт для добавления в колоду.",
      "[ #gВраги #gв #gследующих #gтрёх #gбоях #gв #gужасе #gсбегут ]",
      "[ Закрыто — нельзя выбрать в первом забеге ]",
      "[ #gВсе #gГремлины #gполучают #gМакс. #gОЗ #g+",
      "#gВсе #gГремлины #gполучают #gМакс. #gОЗ #g+",
      "[ #rВсе #rГремлины #rТеряют #r",
      "[ #rВсе #rГремлины #rПолучают #r"
    ]
  },
  "downfall:Unlock": {
    "TEXT": [
      " (Победы в Акте 4 не учитываются)",
      "Этот персонаж открывается после завершения забега за Слизнебосса.",
      "Этот персонаж открывается после завершения забега за 2-го злодея.",
      "Этот персонаж открывается после завершения забега за Стража.",
      "Этот персонаж открывается после завершения забега за 3-го злодея.",
      "Этот персонаж открывается после завершения забега за Гексапризрака.",
      "Этот персонаж открывается после завершения забега за 4-го злодея.",
      "Этот персонаж открывается после завершения забега за Чемпиона.",
      "Этот персонаж открывается после завершения забега за 5-го злодея.",
      "Этот персонаж открывается после завершения забега за Автоматона.",
      "Этот персонаж открывается после завершения забега за 6-го злодея.",
      "Этот персонаж открывается после завершения забега за Коллекционера.",
      "Этот персонаж открывается после завершения забега за 7-го злодея.",
      "Этот персонаж открывается после завершения забега за Пробуждённого.",
      "Этот персонаж открывается после завершения забега за 8-го злодея.",
      "Этот персонаж открывается после завершения забега за Гремлинов."
    ]
  },
  "downfall:HeartMerchant": {
    "NAMES": [
      "Продолжить",
      "‾Жертва...‾"
    ],
    "TEXT": [
      "‾Ты‾ ‾становишься...‾ ‾сильнее...‾",
      "‾Мы‾ ‾растём...‾ ‾вместе‾ ‾с‾ ‾тобой...‾",
      "‾Убивай...‾ ‾и‾ ‾будь‾ ‾вознаграждён...‾",
      "‾Больше...‾ ‾душ...‾",
      "‾Корми‾ ‾нас......‾ NL ‾КОРМИ‾ ‾НАС......‾",
      "‾Питай...‾ ‾порчу...‾",
      "‾Благословения...‾ ‾нужно‾ ‾заслужить...‾",
      "‾Никакой...‾ ‾пощады...‾",
      "‾Всё...‾ ‾сильнее...‾",
      "‾Наша‾ ‾сила...‾ ‾твоя...‾",
      "‾Убей‾ ‾всех...‾ ‾на‾ ‾своём‾ ‾пути...‾",
      "‾Сражайся...‾ ‾падай...‾ ‾и‾ ‾корми...‾",
      "‾Нас...‾ ‾много...‾",
      "‾Иди‾ ‾вперёд...‾ ‾и‾ ‾собирай...‾",
      "‾Вкусные...‾ ‾души...‾",
      "‾Пожинай...‾ ‾павших...‾"
    ],
    "OPTIONS": [
      "‾Ньяу...‾ ‾не‾ ‾победить...‾",
      "‾Не‾ ‾бойся...‾ ‾ничего...‾",
      "..... NL .... NL .........",
      "‾Прикончи...‾ ‾их...‾",
      "‾Удачи...‾",
      "‾Не...‾ ‾умри...‾",
      "‾Мы...‾ ‾будем...‾ ‾ждать...‾",
      "‾Уничтожь...‾ ‾их‾ ‾всех...‾"
    ]
  },
  "downfall:HeartProceed": {
    "TEXT": [
      "‾Чужаки...‾ NL ‾...в‾ ",
      "‾Ты‾ ‾нужен...‾ NL ‾...в‾ ",
      "‾Они‾ ‾добрались...‾ NL ",
      "‾Вернись...‾ NL ‾Защити‾ ",
      "‾Убей‾ ‾их‾ ‾всех...‾ NL ‾...в‾ "
    ],
    "OPTIONS": [
      "‾Город...‾",
      "‾Запределье...‾"
    ]
  },
  "downfall:NeowEnding": {
    "TEXT": [
      "Ты... убил... всех...",
      "...цикл... прерван.....",
      "..и теперь...... я... NL ....тоже... умру......"
    ],
    "OPTIONS": [
      "‾Я‾ ‾вернул...‾ NL ‾ЕГО...‾ ‾обратно...‾",
      "‾Защити‾ ‾меня...‾ NL ‾И‾ ‾будь...‾ ‾вознаграждён...‾"
    ]
  },
  "downfall:HeartMerchantScreen": {
    "NAMES": [
      "‾Приветствую‾ NL ‾слуга...‾",
      "‾Принеси‾ ‾больше‾ ‾душ...‾",
      "‾Мне‾ ‾нужно‾ @больше...@",
      "‾Ты‾ ‾не‾ NL @достоин...@",
      "‾Нет.‾",
      "‾Собери‾ ‾больше‾ NL ‾для‾ ‾этого...‾",
      "‾Недостаточная‾ ‾жертва...‾",
      "‾Да...‾",
      "‾Больше...‾ @Больше...!@",
      "‾Стань‾ ‾сильнее...‾",
      "‾Я‾ ‾обновлён...‾",
      "‾Иди‾ ‾вперёд...‾",
      "Уйти",
      "Выберите карту для удаления из колоды."
    ],
    "TEXT": [
      "‾Ты‾ ‾становишься...‾ ‾сильнее...‾",
      "‾Мы‾ ‾растём...‾ ‾вместе‾ ‾с‾ ‾тобой...‾",
      "‾Убивай...‾ ‾и‾ ‾будь‾ ‾вознаграждён...‾",
      "‾Больше...‾ ‾душ...‾",
      "‾Корми‾ ‾нас......‾ NL ‾КОРМИ‾ ‾НАС......‾",
      "‾Питай...‾ ‾порчу...‾",
      "‾Благословения...‾ ‾нужно‾ ‾заслужить...‾",
      "‾Никакой...‾ ‾пощады...‾",
      "‾Всё...‾ ‾сильнее...‾",
      "‾Наша‾ ‾сила...‾ ‾твоя...‾",
      "‾Убей‾ ‾всех...‾ ‾на‾ ‾своём‾ ‾пути...‾",
      "‾Сражайся...‾ ‾падай...‾ ‾и‾ ‾корми...‾",
      "‾Нас...‾ ‾много...‾",
      "‾Иди‾ ‾вперёд...‾ ‾и‾ ‾собирай...‾",
      "‾Вкусные...‾ ‾души...‾",
      "‾Пожинай...‾ ‾павших...‾"
    ]
  },
  "downfall:OctoChoiceCards": {
    "NAMES": [
      "Души",
      "Успех",
      "Взбодрись",
      "Страж",
      "Гексапризрак",
      "Слизнебосс",
      "Автоматон",
      "Чемпион",
      "Коллекционер",
      "Пожиратель времени",
      "Пробуждённый",
      "Древние",
      "Разделение: Бронзовый",
      "Разделение: Призрачное пламя",
      "Разделение: Голова-факел",
      "Разделение: Культист",
      "Разделение: Защитник",
      "Разделение: Оскорбительный",
      "Разделение: Древний",
      "Разделение: Времени"
    ],
    "TEXT": [
      "Потерять 3 ОЗ. NL Получить 15 душ.",
      "Потерять 3 ОЗ. NL Добавить случайную Бесцветную карту в руку.",
      "Потерять 7 ОЗ. NL Получить случайное зелье.",
      "Получить карты *Босса Стража.",
      "Получить карты *Босса Гексапризрака.",
      "Получить карты *Босса Слизнебосса.",
      "Получить карты *Босса Автоматона.",
      "Получить карты *Босса Чемпиона.",
      "Получить карты *Босса Коллекционера.",
      "Получить карты *Босса Пожирателя времени.",
      "Получить карты *Босса Пробуждённого.",
      "Получить карты *Босса Древних.",
      "Разделиться на slimeboundmod:Бронзового_слизня.",
      "Разделиться на slimeboundmod:Слизня_с_призрачным_пламенем.",
      "Разделиться на slimeboundmod:Слизня_с_головой-факелом.",
      "Разделиться на slimeboundmod:Слизня-культиста.",
      "Разделиться на slimeboundmod:Слизня-защитника.",
      "Разделиться на slimeboundmod:Слизня-оскорбителя.",
      "Разделиться на slimeboundmod:Древнего_слизня.",
      "Разделиться на slimeboundmod:Слизня_времени.",
      "Разделиться на slimeboundmod:Слизня-крушителя.",
      "Разделиться на slimeboundmod:Слизня-партизана.",
      "Разделиться на slimeboundmod:Топяного_слизня.",
      "Разделиться на slimeboundmod:Слизня-кровопийцу.",
      "Потерять 3 ОЗ. NL Получить 20 душ.",
      "Потерять 3 ОЗ. NL Добавить случайную улучшенную Бесцветную карту в руку.",
      "Потерять 5 ОЗ. NL Получить случайное зелье."
    ]
  },
  "downfall:lazyStorage": {
    "NAMES": [],
    "TEXT": [
      "Выберите Босса для изучения.",
      "Выберите Сдвиг, Откат или ничего не делать."
    ]
  },
  "downfall:CharBossMerchant": {
    "NAMES": [
      "Торговец"
    ],
    "TEXT": []
  },
  "downfall:NeowBoss": {
    "NAMES": [
      "Ньяу"
    ],
    "TEXT": [
      "‾Восстань...‾",
      "‾Сражайся‾ ‾ещё‾ ‾раз...‾",
      "‾Цикл‾ ‾должен‾ ‾закончиться...‾"
    ]
  },
  "downfall:NeowBossFinal": {
    "NAMES": [
      "Ньяу"
    ],
    "TEXT": []
  },
  "downfall:OldNeow": {
    "NAMES": [
      "Старый Ньяу"
    ],
    "TEXT": []
  },
  "downfall:CharBossSpeech": {
    "NAMES": [""],
    "TEXT": [
      "Нет, этого не может быть! Нам нужно больше токсинов...",
      "Умри, монстр! Тебе не место в этом мире!"
    ]
  }
}