{
  "downfall:SolShrine": {
    "NAME": "Алтарь душ",
    "DESCRIPTIONS": [
      "Перед вами искусно сделанный алтарь, посвящённый древнему злому духу.",
      "Как только вы касаетесь алтаря, #yдуши начинают изливаться из него, ~окутывая~ ~вас~ ~силой.~",
      "С каждым ударом по алтарю #yдуши вырываются наружу снова и снова! NL NL Поглощая энергию, вы колеблетесь, понимая, что этот алтарь мог бы быть бесконечным источником силы. Вы задаётесь вопросом, правильное ли #rрешение вы приняли.",
      "Вы игнорируете алтарь."
    ]
  },
  "downfall:GremlinMatchGame": {
    "NAME": "Найди пару и забери!",
    "DESCRIPTIONS": [
      "\" ... #bД-двенадцать карт! Найди пары и забери их! #bП-пять попыток... переигровки не будет. NL Готов? Начнём!\"",
      "Вы завершаете игру гремлина и поднимаете взгляд. NL Он исчез?",
      "Гремлин бешено тасует карты на столе. Этот монстр, кажется, безобиден. Когда вы приближаетесь, он на мгновение теряет самообладание, но находит в себе смелость обратиться к вам.",
      "Гремлин тут же кричит! NL NL \"ВЕРЗИЛА!!!\" NL NL Из тени появляется огромный гремлин, возвышаясь над гремлином, столом и вами. NL \"Ты уверен, что не хочешь сыграть?\", — спрашивает гремлин."
    ],
    "OPTIONS": [
      "[Продолжить]",
      "[Уйти]",
      "[Играть]",
      "Осталось попыток: #y",
      "[Запугать] Украсть 6 карт.",
      "[Ударить] #rСразиться. #gПолучить #g6 #gкарт."
    ]
  },
  "downfall:WomanInBlue": {
    "NAME": "Женщина в синем",
    "DESCRIPTIONS": [
      "В темноте вы замечаете маленькую лавку. Внутри вы видите бледную женщину в строгой одежде, управляющуюся с зельями, выставленными вдоль стены. Она напугана вашим угрожающим видом. NL \"Оставь меня и мои товары в покое, кретин!\" — кричит она.",
      "Вы осторожно покидаете лавку, не желая провоцировать женщину на драку.",
      "#r@БАМ!@ NL Её затянутый в перчатку кулак врезается вам в лицо, едва не сбивая с ног. NL \"Убирайся, пока я не вывалила твои кишки на пол.\" Вы верите ей на слово и уходите, всё ещё с кишками внутри."
    ],
    "OPTIONS": [
      "[Уйти]",
      "[Уйти] #rПолучить #r",
      " #rурона.",
      "[Ударить] #rСразиться. #gПолучить #gРеликвию #gзельев и #g3 #gзелья."
    ]
  },
  "downfall:GremlinWheelGame": {
    "NAME": "Колесо перемен",
    "DESCRIPTIONS": [
      "Вы встречаете элегантно одетого, жизнерадостного гремлина. Несмотря на ваш устрашающий вид, он, кажется, невозмутим, хотя вы замечаете, как он неуверенно оглядывается за кулисы. NL \"Время крутить колесо! Готов?\"",
      "\"Ты выиграл #yДУШИ! NL УРА!!!!\"",
      "\"А, #gподарок! NL Наслаждайся!\"",
      "\"О-о-о, бесплатное #gлечение для тебя!\"",
      "\"Похоже, ты выиграл #pПроклятие! NL Это нехорошо. NL Ну что ж! Повезёт в следующий раз!\"",
      "\"О-о-о, сила #r~тьмы...~ NL Выбери карту для удаления из колоды!\"",
      "\"О-о-ой! NL Ты проиграл!\" NL Вы замечаете, как он готовит заточку...",
      "Вы наносите удар безумному гремлину, но он слишком быстр! NL Он несколько раз задевает вас грубой заточкой. NL \"Цена уплачена!!\" NL И с этими словами и гремлин, и его колесо исчезают в клубах дыма.",
      "Гремлин нервно оглядывается через плечо, но быстро успокаивается. Вы замечаете его жест рукой, но игнорируете. NL \"Ну-ну, друг, колесо честно определило твою награду! Никто не получает второго шанса.\"",
      "Гремлин тут же кричит! NL NL \"ВЕРЗИЛА!!!\" NL NL Из тени появляется огромный гремлин, возвышаясь над гремлином, столом и вами. NL \"Мой друг предлагает тебе взять то, что дало колесо.\"",
      "Устроившись у огня, вы решаете проверить, будет ли колесо благосклоннее, чем в прошлый раз.",
      "Колесо выбрало приз. NL NL Вам нужно лишь протянуть руку и взять его.",
      "Успех! Вы нашли то, что искали, и как раз вовремя! NL NL #r@ТРЕСЬ!@ NL NL Возможно, вы были немного грубы с последним вращением... Колесо сломалось.",
      "Вы решаете попытать удачу в другой день. NL NL А пока нужно отдохнуть и прийти в себя.",
      "Он бросается на вас, но вы готовы. NL Вы вспарываете его прежде, чем он успевает достать вас заточкой. NL Вы берёте свой приз, но, к сожалению, Колесо исчезает прежде, чем вы успеваете забрать и его."
    ],
    "OPTIONS": [
      "[Играть]",
      "[Приз!] УРА!!!!",
      "[Приз!] #gПолучить #gреликвию.",
      "[Приз!] #gПолностью #gвосстановить #gздоровье.",
      "[Приз?] #rПроклятие #r- #rГниение.",
      "[Приз!] #gУдалить #gкарту #gиз #gколоды.",
      "[Приз?] #rПотерять #r",
      " #rОЗ.",
      "[Уйти]",
      "Выберите карту для удаления.",
      "[Ещё!]",
      "[ЕЩЁ!!]",
      "[Ударить] #rСразиться. #gПолучить #gКолесо #gгремлина.",
      "[Пропустить] Попробовать позже.",
      "[Приз!] #gУПРЕЖДАЮЩИЙ #gУДАР!",
      "[Забрать]"
    ]
  },
  "downfall:GremlinWheelGameRest": {
    "NAME": "Колесо перемен",
    "DESCRIPTIONS": [],
    "OPTIONS": []
  },
  "downfall:LivingWall": {
    "NAME": "Живая стена",
    "OPTIONS": [
      "[Ударить] #rСразиться. #gИспользовать #gвсе #g3 #gГоловы."
    ]
  },
  "downfall:Augmenter": {
    "NAME": "Усилитель",
    "DESCRIPTIONS": [
      "К вам вразвалку подходит мужчина с повязкой на глазу и дьявольской ухмылкой. NL \"О боже, какой ужасный субъект! Тебе, может, и плевать на науку, но я обещаю — я сделаю тебя сильнее любого сбора душ. Это тебе понадобится, если ты охотишься на этих \"героев\".\" NL NL ~\"Ну~ ~как?\"~"
    ],
    "OPTIONS": [
      "[Ударить] #rСразиться. #gЗабрать #gвсё."
    ]
  },
  "downfall:BonfireSpirits": {
    "NAME": "Дух костра",
    "DESCRIPTIONS": [
      "Духи жадно поглощают ваше подношение! Они пируют на душах, горя всё ярче, а пламя @удаивается@. NL Духи радостно танцуют вокруг вас, прежде чем ~слиться~ ~с~ ~вашей~ ~формой,~ наполняя вас теплом и силой. NL Ваш Макс. ОЗ увеличивается, и вы #gполностью исцеляетесь.",
      "Вы протягиваете руку, чтобы #pзабрать... NL Духи @вопят,@ ~кружась~ вокруг вихря, исходящего из вашей ладони, в тщетных попытках сбежать. NL Вскоре их духи становятся не более чем предметом в вашей Коллекции."
    ],
    "OPTIONS": [
      "[Пожертвовать] #rПотерять #r150 #rдуш. #gПолучить #g10 #gМакс. #gОЗ #gи #gполностью #gисцелиться.",
      "[Закрыто] Требуется 150 душ.",
      "[Пожертвовать] #rПотерять #r150 #rдуш. #gКаждый #gГремлин #gполучает #g2 #gМакс. #gОЗ #gи #gполностью #gисцеляется.",
      "[Забрать]"
    ]
  },
  "downfall:FaceTrader": {
    "NAME": "Торговец лицами",
    "DESCRIPTIONS": [
      " NL NL Не похоже, что он окажет серьёзное сопротивление, но он выжил в этом месте. Возможно, в этих масках есть сила..."
    ],
    "OPTIONS": [
      "[Ударить] #rСразиться. #g100%: #gПолучить #gвсе #gлица."
    ]
  },
  "downfall:CursedFountain": {
    "NAME": "Проклятый фонтан",
    "DESCRIPTIONS": [
      "Вы натыкаетесь на подкрашенную #p~фиолетовую~ #p~жидкость,~ бесконечно льющуюся из фонтана в стене. Вы узнаёте её — смертельную для большинства существ, но полезную для тех, кто проклят.",
      "Жидкость фонтана бурлит душами потерянных. Было бы расточительно не использовать их. Вы направляете души в свою форму, вырывая их из магии #pпроклятого #pфонтана.",
      "Чувствуя, что эта #p~жидкость~ может пригодиться, вы решаете захватить немного в банку, чтобы использовать позже. Существа, не связанные с #pтёмной #pводой, обязательно пострадают, если их ею окатить.",
      "Вы пьёте #p~жидкость~ и чувствуете, как #pтёмная #pхватка проникает в ваш разум. Это ощущение роскошно и освежает.",
      "Оставив фонтан позади, вы продолжаете путь."
    ],
    "OPTIONS": [
      "[В банку] #gПолучить #gЗелье #gПроклятой #gжидкости.",
      "[Поглотить] #gПолучить #g75 #yдуш.",
      "[Выпить] #gПолностью #gвосстановить #gОЗ.",
      "[Закрыто] Требуется проклятие.",
      "[Закрыто] Требуется 2 проклятия.",
      "[Закрыто] Требуется 3 проклятия.",
      "[Закрыто] Уже использовано.",
      "[Уйти]"
    ]
  },
  "downfall:WeMeetAgain": {
    "NAME": "Снова встретились!",
    "DESCRIPTIONS": [
      "\"БОСС!\" К вам радостно подходит взъерошенный парень. Вы хорошо его знаете. NL \"Это я, #yРанвид! Ты не поверишь, что я надул этих проклятых героев! У тебя есть ещё хлам, который я могу им подсунуть?\" NL Вы цените его дружелюбие и обдумываете варианты. Наверняка у вас найдётся что-то для его следующей \"сделки\"...",
      "\"О, это идеально! Полный хлам! На, возьми эти эликсиры, которые мне дали последние дурачки!\" NL Ранвид роется в своих сумках и протягивает вам три склянки, едва их не уронив.",
      "\"Великолепно! Это очень пригодится для моей следующей сделки. О, и я собирал трупы, как ты просил!\" NL Ранвид вручает вам камень душ и убегает искать новую жертву, которой можно впарить вашу бесполезную безделушку.",
      "\"Превосходно! Немного поработав, я смогу выдать это за нечто особенное.\" NL Ранвид уходит, разглядывая реликвию, и, без сомнения, прикидывая, как он преувеличит её полезность следующему встречному авантюристу.",
      "\"Сегодня ничего, босс? Ладно!\" NL Он убегает."
    ],
    "OPTIONS": [
      "[Потерять ",
      "] ",
      "#gПолучить #g3 #gзелья.",
      "#gПолучить ",
      " #yдуш.",
      "#gПолучить #gслучайную #yРедкую #gкарту.",
      "[Уйти]",
      "[Закрыто] Нет реликвии для обмена.",
      "#gПолучить #g2 #gзелья."
    ]
  },
  "downfall:Designer": {
    "NAME": "Дизайнер Вдох-Шпиль",
    "DESCRIPTIONS": [
      "Вы обнаруживаете #g~красочную~ лавку с вывеской \"ВДОХ-ШПИЛЬ\". У входа угрожает #rБандит, крича на того, кто внутри. NL NL @«А@ @ну@ @давай@ @деньги!»@ NL NL Бандит не замечает вас, увлёкшись грабежом.",
      "Справиться с вором не составило труда, но битва не обошлась без ранений. У входа в лавку появляется человек в нелепой одежде. NL \"Спасибо, добрый повелитель!\" — говорит он, приглашая вас внутрь.",
      "Вы не видите смысла вмешиваться. Вам нужно совершать важные убийства.",
      "\"О боже, ты просто ужасен!! Так не пойдёт, нет-нет. Что это за стиль? Ты должен выглядеть @устрашающе!@ Грозный и пугающий #rповелитель Шпиля! Ты просто ~обязан~ позволить мне сделать тебе нормальный образ.\" NL NL Вы не уверены, стоит ли довериться этому человеку или же оскорбиться его отвращением к вашему стилю.",
      "\"Ладно, пока-пока! Расскажи своим #rдрузьям-повелителям!\" NL NL Хоть вы и сомневались в способностях этого человека, вы определённо чувствуете себя более устрашающе.",
      "Вы бьёте его. NL \"Моё @ЛИЦО!!@ Теперь мне придётся-\" NL NL Он упал в обморок. Возможно, в следующий раз он подумает, прежде чем оскорблять существо вашего статуса.",
      "Вы отталкиваете вора — ваша ~настоящая~ ~добыча~ — этот жалкий дизайнер. Он отшатывается, когда вы приближаетесь, но вы протягиваете свой #gфонарь, и вскоре его дух становится вашим..."
    ],
    "OPTIONS": [
      "[Переделка] ",
      "[Зачистка] ",
      "[Полный сервис] ",
      "[Игнорировать] Уйти.",
      "[Ударить] Уйти.",
      "[Войти в лавку]",
      " #gПолучить #gнаграду."
    ]
  },
  "downfall:DeadGuy": {
    "NAME": "Павший авантюрист",
    "DESCRIPTIONS": [
      "Проводя ритуал, вы застигнуты врасплох!",
      "Вы выходите бесшумно.",
      "Вы находите на полу #rмёртвого #rавантюриста. NL Его дух всё ещё здесь. К тому же, ",
      "броня и лицо, кажется, #r@обожжены@ #r@огнём.@",
      "похоже, его #r@растоптал@ и #r@истерзал@ рогатый зверь.",
      "он выглядит так, будто его #r@растерзали@ #r@и@ #r@разрубили@ гигантские когти.",
      "NL Ритуал сбора душ здесь может дать результат, но создание, убившее этого человека, может скоро вернуться.",
      "Ритуал собирает души с трупа! NL Продолжить проведение?",
      "Заклинание не может вытянуть душу павшего... NL Продолжить проведение?",
      "Ваша магия заставляет тело дёргаться и трястись, и из его карманов выпадает #yреликвия! NL Продолжить проведение?",
      "Ритуал завершён!"
    ],
    "OPTIONS": [
      "[Собрать души] #gНайти #gдобычу. #r",
      "[Уйти]",
      "[Сразиться]",
      "[Продолжить] #gНайти #gдобычу. #r",
      "%: #rмонстр #rвернётся."
    ]
  },
  "downfall:ShiningLight": {
    "NAME": "Сияющий свет",
    "DESCRIPTIONS": [
      "Вы находите мерцающую #yмассу #yсвета, заполняющую центр комнаты. NL NL Его ~тёплое~ ~сияние~ и ~завораживающие~ ~узоры~ вызывают у вас тошноту, но вы знаете, что этот свет несёт огромную силу.",
      "Проходя сквозь свет, вы морщитесь, когда он впитывается в вас. NL Он #r@обжигающе@ #r@горяч!@ Вы не чувствуете боли, и, хотя вы #bприободрены, жуткое воспоминание об этом отвратительном тепле оставит на вас шрам.",
      "Вы обходите его стороной, гадая, что могло бы быть."
    ],
    "OPTIONS": [
      "[Войти] #gУлучшить #g",
      "[Уйти]",
      "[Закрыто] Требуются карты для улучшения.",
      " #gслучайных #gкарт. #rПолучить #rПроклятие #r- #rИзъян."
    ]
  },
  "downfall:WorldOfGoop": {
    "NAME": "Мир слизи",
    "DESCRIPTIONS": [
      "Вы падаете в лужу. NL @ОНА@ @СДЕЛАНА@ #g@ИЗ@ @СЛИЗИ!!@ NL Выбираясь, вы замечаете прилипшее к телу уникальное #yжёлтое слизеобразное существо. Похоже, оно собирало #yДуши с неудачливых авантюристов, упавших в лужу. Как удобно.",
      "Не желая оставлять этот инцидент без награды, вы бьёте #yжёлтое слизеобразное существо. NL NL Оно @мгновенно@ @лопается!@ NL NL Вы не считали это возможным, но теперь вы покрыты слизью ещё больше, чем раньше.",
      "Стряхнув #yжёлтую #yслизь, вы продолжаете путь, хоть и всё ещё частично покрыты ею. Это определённо добавляет вам устрашающего вида."
    ],
    "OPTIONS": [
      "[Полный сбор] #gПолучить #g",
      "[Вытянуть] #gПолучить #g",
      "[Истощить] #gПолучить #g",
      " #gдуш. #rПолучить #rПроклятие #r- #rГадость #rтрижды.",
      " #gдуш. #rПолучить #rПроклятие #r- #rГадость #rдважды.",
      " #gдуш. #rПолучить #rПроклятие #r- #rГадость.",
      "[Уйти]"
    ]
  },
  "downfall:Serpent": {
    "NAME": "З-з-змей",
    "DESCRIPTIONS": [
      "Вы входите в комнату и видите большую дыру в земле. Когда вы приближаетесь, из неё появляется огромный змей. NL NL ~\"Хо-хо-о-о!~ ~Привет-привет!~ ~Кто~ ~это~ ~у~ ~нас~ ~тут?~ Тебе, мой повелитель, я задам простой вопрос. NL Самая полноценная жизнь — это та, в которой ты можешь #r~врезать~ #r~кому~ #r~угодно!~ NL Согласен?\"",
      "~\"Пссссссссссссс..~ ~..ссССс.....~ ~сс...~ ~ссссс....\"~",
      "Змей смотрит на вас с крайним разочарованием.",
      " NL NL Змей задирает голову и издаёт ужасный крик. Когда его тело обмякает и падает в яму, жизненная сила существа становится доступной для сбора. NL NL Это внушает благоговение, но вы не можете не задаться вопросом, говорил ли змей метафорически. Возможно, он хотел побудить вас к насилию над другими, но не над собой...",
      "Когда вы протягиваете руку, змей @отшатывается@, @визжа@ от страха. ~\"Пссссс - Забирающая!\"~ NL NL ~\"Твоя жадность превосходит мою. Пож-жалуйста, отпусти меня...\"~ NL Вы не обращаете на червя внимания. Его дух теперь ваш, вы продолжаете путь."
    ],
    "OPTIONS": [
      "[Согласиться] [Ударить] #gПолучить #g",
      " #gдуш. #rПолучить #rПроклятие #r- #rСомнение.",
      "[Не согласиться]",
      "[Уйти]"
    ]
  },
  "downfall:WingStatue": {
    "NAME": "Статуя крыла",
    "DESCRIPTIONS": [
      "Среди камней и валунов вы замечаете изящную большую голубую статую, напоминающую крыло. NL Вы видите #yсверкающие #yмонеты, сыплющиеся из её трещин, но это не представляет для вас ценности. Однако сама статуя...",
      "Зная, что вы можете встретить культистов Пробуждённого, вы забираете сломанную статую с собой. Возможно, она поможет привлечь членов культа на вашу сторону.",
      "Изо всех сил вы рубите статую. NL Вскоре она @разрушается,@ раскалываясь на острый и смертоносный осколок. Вы берёте осколок и идёте дальше.",
      "Вы проходите мимо и продолжаете путь.",
      "КА...Кар?! Подарок для ПТИЧЬЕГО БОГА?",
      "КА-КАААР!!",
      "Обмен? Справедливое предложение...",
      "Культ будет доволен."
    ],
    "OPTIONS": [
      "[Разрушить] #rПотерять #r",
      " #rОЗ. #gПолучить #gЗаострённый #gосколок.",
      "[Забрать] #rПотерять #r",
      "[Уйти]",
      " #rОЗ. #gПолучить #gСломанную #gстатую #gкрыла."
    ]
  },
  "downfall:GoldenIdol": {
    "NAME": "Золотой идол",
    "DESCRIPTIONS": [
      "Вы находите неприметный пьедестал, на котором мирно покоится #yсияющий #yидол. Он выглядит невероятно ценным. NL NL Блуждающие авантюристы обязательно позарятся на него. Возможно, стоит устроить ловушку.",
      "Вы находите неприметный пьедестал, на котором мирно покоится #yсияющий #yидол. Он выглядит невероятно ценным. NL NL Чуть поодаль в коридоре лежит тело авантюриста, явно раздавленное массивным предметом. Его дух всё ещё здесь.",
      "Используя вес идола как спусковой крючок, вы сооружаете простую ловушку, которая обрушит огромный валун на того, кто попытается забрать #yсияющий артефакт. NL Удовлетворённый конструкцией, вы решаете идти дальше.",
      "Вы направляете душу авантюриста в своё тело, поглощая её энергию.",
      "Вы решаете оставить пьедестал нетронутым. Ставить ловушку ниже вашего достоинства.",
      "Вы решаете оставить душу в покое и идти дальше."
    ],
    "OPTIONS": [
      "[Установить ловушку] #gУдалить #gУдар.",
      "[Собрать] #gПолучить #y",
      " #yдуш.",
      "[Уйти]",
      "[Закрыто] Требуется Удар."
    ]
  },
  "downfall:Cleric": {
    "NAME": "Клирик",
    "DESCRIPTIONS": [
      "Странный синий гуманоид в сверкающем шлеме(?) приближается к вам с широкой улыбкой. Поняв, кто вы, его сияющая улыбка мгновенно сменяется чистым ужасом. NL ~\"М-МОНСТР!!\"~ — кричит фигура и убегает.",
      "Существо падает от одного удара, превращаясь в груду изуродованной синей плоти. Вы поглощаете его #yдушу и продолжаете путь.",
      "\"Клирик помочь! Клирик помочь!\" — говорит существо, когда вы угрожающе приближаетесь. NL Холодное синее пламя окутывает ваше тело и рассеивается. NL Сразу после этого \"Клирик\" убегает."
    ],
    "OPTIONS": [
      "[Ударить] #gПолучить #y",
      "[Запугать] #gУдалить #gкарту #gиз #gколоды.",
      "[Уйти]",
      "Выберите карту для удаления.",
      " #yдуш."
    ]
  },
  "downfall:Ghosts": {
    "NAME": "Совет призраков",
    "DESCRIPTIONS": [
      "Продолжая спуск, вы замечаете, как #p~густой~ #p~чёрный~ #p~дым~ начинает валить из-под земли и стен, собираясь в три фигуры в масках, которые начинают говорить. NL NL ~\"Ещё одна~ ~марионетка~ #r~Сердца,~ ~я~ ~думаю.\"~ NL #r@\"СОГЛАСЕН!@ #r@ОНО@ #r@ВСЕГДА@ #r@ПОСЫЛАЕТ@ #r@СЛАБЕЙШИХ@ #r@ПЕШЕК!\"@ NL NL Вы замечаете невероятно широкую улыбку, когда третья фигура обращается к вам. NL \"Не слушай других... Не хочешь ли попробовать нашей #y~силы?\"~",
      "\"Подношение! Как ~заманчиво...\"~ NL NL Пока призрачная фигура говорит, вы замечаете, что её огромный рот открывается всё шире и шире. Внутри своего тела вы чувствуете, как #b~души~, собранные с мёртвых, с силой вырываются наружу и втягиваются в разверзнутую пасть духа. Вам стоит огромных усилий устоять на ногах и не быть затянутым самому. NL NL Прямо перед тем, как ваши силы иссякают, призрачный вихрь прекращается, и духи исчезают в эфире. NL NL Вы продолжаете путь, чувствуя себя слегка #bопустошённым.",
      "Когда вы приближаетесь, #p~призраки~ начинают хихикать. NL NL #r@\"АХ!@ #r@НАШ@ #r@ДОБРЫЙ@ #r@ДРУГ!@ NL Их #p~газообразные~ #p~формы~ вздымаются, заполняя комнату... NL NL \"Пришёл за ~обычным~, полагаем?\""
    ],
    "OPTIONS": [
      "[Пожертвовать] #rПотерять #r",
      " душ. #gПолучить Призрачность.",
      "[Закрыто] Требуется ",
      " душ."
    ]
  },
  "downfall:CursedTome": {
    "NAME": "Проклятый фолиант",
    "DESCRIPTIONS": [
      "В заброшенном храме вы находите огромную открытую книгу, исписанную #p@таинственными@ #p@письменами.@ NL NL Вам не нужно разбирать замысловатые символы, вы и так знаете силу, что таится внутри, — и #rцену, которую платит её владелец.",
      "Понимая цену, вы решаете забрать фолиант. Когда вы тянетесь к пьедесталу, транс фолианта говорит с вами #rтысячей #rголосов, впиваясь в вашу душу! NL NL С книгой в руках и разумом, испорченным ещё сильнее, вы покидаете храм, чувствуя себя #b~истощённым...~"
    ]
  },
  "downfall:ForgottenAltar": {
    "NAME": "Забытый алтарь",
    "DESCRIPTIONS": [
      "Вы встаёте на алтарь и направляете духовную энергию из своей сущности. NL Когда #bдуши изливаются в качестве подношения богине, руки статуи тянутся к вам и излучают успокаивающую #p~проклятую~ #p~магию.~ NL Всё темнеет. NL Некоторое время спустя вы просыпаетесь, и ваши раны внезапно исцелены.",
      "Недолго любуясь злом, заключённым в статуе, вы уходите, продолжая путь по Городу.",
      "Вы решаете уйти, не сделав подношения статуе, но чувствуете остаточный #pстыд оттого, что вообще не принесли жертву."
    ],
    "OPTIONS": [
      "[Пожертвовать души] #rПотерять #r",
      " #rдуш. #gВосстановить #g",
      " #gОЗ.",
      "[Закрыто] Требуется ",
      " душ.",
      "[Уйти]",
      "[Уйти] #rПотерять #r",
      " #rОЗ."
    ]
  },
  "downfall:Bandits": {
    "NAME": "Бандиты в масках",
    "DESCRIPTIONS": [
      "Вы встречаете группу бандитов в больших #rкрасных #rмасках. NL \"Привет, плати- О, ~монстр.~ Может, тебе пригодятся наши услуги?\"",
      "Спасибо большое, псих! Ты точно не пожалеешь..."
    ],
    "OPTIONS": [
      "[Потерять ",
      "] #gНанять #gбандитов.",
      "[Закрыто] Требуется больше реликвий."
    ]
  },
  "downfall:Nloth": {
    "NAME": "Н'лот",
    "DESCRIPTIONS": [
      "Решив, что этому питающемуся отбросами существу не место в Шпиле, вы наносите быстрый и мощный удар прямо в грудь Н'лота. NL NL Когда существо корчится от боли, его щупальца рефлекторно @хлещут@ @вас,@ оставляя #rболезненный #rукус! NL NL Когда безжизненное тело падает на землю, вы слышите звон амулетов и безделушек. Обыскивая его тело, как когда-то он рылся в мусоре, вы находите мощный магический предмет."
    ],
    "OPTIONS": [
      "[Ударить] #gПолучить #gслучайную #gреликвию. #rПолучить #rПроклятие #r- #rБоль."
    ]
  },
  "downfall:KnowingSkull": {
    "NAME": "Всеведущий череп",
    "DESCRIPTIONS": [
      "Вы оказываетесь в старой, украшенной комнате. В центре на богатом пьедестале покоится большой череп. Когда вы приближаетесь, череп #g@вспыхивает@ #g@пламенем@ и поворачивается к вам. NL NL \"ЧТО ТЫ ИЩЕШЬ? ЧТО ТЫ ПРЕДЛАГАЕШЬ?\" NL В унисон с последними словами дверь позади вас @захлопывается.@",
      "\"Эйэйэйэйрукипрочьотбашки-\" NL NL Игнорируя жалобы черепа, вы хватаете его с пьедестала, на мгновение #rобжигаясь его пламенем. Возможно, он пригодится позже...",
      "\"ПОЗАДИ ТЕБЯ, СМЕРТНЫЙ.\" NL Вы заглядываете за череп. И действительно, там дверь."
    ],
    "OPTIONS": [
      "[Тебя.] #gПолучить #gЧереп. #rПотерять #r",
      "[Уйти]",
      " #rОЗ."
    ]
  },
  "downfall:Vagrant": {
    "NAME": "Умоляющий бродяга",
    "DESCRIPTIONS": [
      "Вы убиваете человека и забираете его душу. Из толпы позади вас раздаются ~вздохи.~ \"Он только что убил Бургунди!\" — говорит фигура, и к вам начинают приближаться другие бродяги, похожие на того, что вы встретили. NL NL Вы убегаете, но не без #rцарапин и #rукусов.",
      "Вы выхватываете драгоценную #yреликвию из его рук и уходите. NL Из-за спины вы слышите: NL \"Стыда у тебя нет? ~СТЫДА~ ~У~ ~ТЕБЯ~ ~НЕТ?!\"~ NL У вас #pабсолютно #pнет #pстыда. Быть ограбленным Повелителем Шпиля — это честь!",
      "Вам плевать на игрушки этого человека — его ~дух~ будет гораздо полезнее. Бедняга скулит, когда вы @протягиваете@ @руку...@"
    ],
    "OPTIONS": [
      "[Ударить] #gПолучить #g85 #gдуш. #rПотерять #r",
      " #rОЗ.",
      "[Ограбить] #gПолучить #gреликвию. #rПолучить #rПроклятие #r- #rГордыня."
    ]
  },
  "downfall:Beggar": {
    "NAME": "Старый попрошайка",
    "DESCRIPTIONS": [
      "Попрошайка снимает плащ, открывая синюю гуманоидную форму в сверкающем шлеме(?). Поняв, кто вы, его сияющая улыбка мгновенно сменяется чистым ужасом. NL ~\"М-МОНСТР!!\"~ — кричит фигура и убегает.",
      "Старый попрошайка оглядывается, кажется, в замешательстве. Сначала он игнорирует вас, осматривая местность, затем смотрит на вас. NL \"Ты не видел здесь молодого синекожего? В странном сверкающем шлеме? Он обычно приходит в Город, тратит свою десятину на еду для нас...\" NL Попрошайка, должно быть, говорит о том, кого зовут #bКлирик, и кого вы отправили на тот свет не так давно.",
      "@«Не@ @бойся,@ @старик.@ @Ты@ @увидишь@ @своего@ @друга@ @раньше,@ @чем@ @думаешь.»@ NL NL Попрошайка пытается защищаться, но вы легко сражаете его. NL Покидая переулок, вы идёте дальше, чрезмерно #yгордясь проделанной сегодня работой.",
      "Этот человек достаточно пострадал из-за ваших прошлых действий. Вы решаете пощадить его и идёте дальше.",
      "Попрошайка снимает плащ, и оказывается, что это #bКлирик! NL @«У@ @тебя@ @ужасная@ @душа.@ @Клирик@ @купил@ @охрану!»@ — кричит он. NL NL Из переулка появляются две массивные фигуры в полных доспехах. Прежде чем вы успеваете среагировать, они обнажают клинки и бросаются в атаку!",
      "Расправившись с телохранителями #bКлирика, вы поворачиваетесь к нему и загоняете в угол переулка. Он в ужасе дрожит.",
      "Существо падает от одного удара, превращаясь в груду изуродованной синей плоти. Вы с радостью поглощаете его #yдушу и идёте дальше. NL NL Уходя, вы замечаете других попрошаек, выглядывающих из-за зданий и переулков. Вы наслаждаетесь их страхом — пусть это будет уроком любому, кто осмелится перечить повелителю Шпиля.",
      "\"Клирик помочь! Клирик помочь!\" — снова говорит существо, едва говоря от страха. NL Холодное синее пламя окутывает ваше тело и рассеивается. NL NL Решив, что его силы ещё могут пригодиться, и что с любыми телохранителями, которых он наймёт, вы легко справитесь, вы позволяете этому \"Клирику\" снова жить."
    ],
    "OPTIONS": [
      " #rПолучить #rПроклятие #r- #rГордыня.",
      "[Сразиться]",
      "[Угрожать] #gУдалить #g2 #gкарты #gиз #gколоды."
    ]
  },
  "downfall:Mausoleum": {
    "NAME": "Мавзолей",
    "DESCRIPTIONS": [
      "Пробираясь через череду гробниц, вы видите большой саркофаг, ~усыпанный~ ~самоцветами~, в центре круглой комнаты. NL Вы не можете разобрать надписи на гробу, но замечаете #p~чёрный~ #p~туман,~ сочащийся из щелей. NL Вы знакомы с этим туманом — верный признак #y~духов.~",
      "Вы впитываете #p~призрачный~ #p~туман~ в себя, собирая их души. Однако, уходя, вы не можете не заметить, как #r@начинаете@ #r@знобить...@"
    ],
    "OPTIONS": [
      "[Пировать] #gПолучить #g200 #gдуш. #rПолучить #rПроклятие #r- #rБеспокойство."
    ]
  },
  "downfall:Nest": {
    "NAME": "Гнездо",
    "DESCRIPTIONS": [
      "Длинная вереница #b~фигур~ #b~в~ #b~балахонах~ входит в #pнеприметный #pсобор. NL Как только вы входите в собор, фигуры поворачиваются к вам! NL NL Ваши уши почти мгновенно наполняются какофонией вздохов, возгласов и карканья. Один из культистов подходит к вам с подношением.",
      "Заметив опасное оружие на алтаре, вы пробиваетесь сквозь строй культистов и просто забираете свой приз. Вас быстро окружают #rКультисты! NL NL #r@\"УБИЙСТВО!!@ #r@УБИЙСТВО@ #r@УБИЙСТВО!!\"@ NL #b~\"КАР~ #b~КАР~ #b~КААААААРРР!\"~ NL NL Культисты быстро обнажают свои кинжалы, #rразя и #rрезая вас, пока вы пробиваетесь к выходу.",
      "Приняв подношение культиста, вы берёте странное зелье из его рук. NL NL Культисты @поют@ и @ликуют@ в вашу честь! NL NL #b~\"КАААР~ #b~КАР~ #b~КААААААРР!!\"~ NL NL Вы тоже поёте. Почему бы и нет? Эти культисты — странная компания, но они хорошо служат одному из ваших собратьев-повелителей.",
      "#r@\"ПТИЧИЙ@ @БОГ!!@ #r@ВОЗВРАЩЕНИЕ!!\"@ NL #b~\"КАР~ #b~КАР~ #b~КААААААРРР!\"~ NL NL Пробираясь сквозь ликующую толпу культистов, вы вскоре оказываетесь лицом к лицу с лидером. Хорошо одетый культист вручает вам #yУкрашенный #yКинжал.",
      "Вы берёте кинжал, не совсем понимая, что сейчас произойдёт. Лидер культистов лезет в свою рясу и предлагает вам #bсинюю #bмаслянистую #bсмесь.",
      "Культисты, окружающие лидера, снабжают его заменой, и вскоре, с собственным кинжалом и зельем в руках, он жестом предлагает вам повторить его действия.",
      "Подражая ритуалу лидера культистов, вы откупориваете зелье и осторожно выливаете небольшое количество на лезвие. Сталь, кажется, светится #b~зловещим~ #b~оттенком~ в свете собора. NL NL Без единого слова или жеста от лидера культа, два культиста выступают вперёд — один к вам, один к нему. NL NL Теперь мучительно ясно, чего они от вас хотят.",
      "#rВы #rвонзаете #rкинжал #rв #rсердце #rкультиста! NL NL #b~\"КАР~ #b~КААААР~ #b~КАААААРРР!\"~ NL NL Ритуал завершён, и выжившие культисты выглядят невероятно счастливыми. Они машут своими посохами в знак празднования и продолжают выкрикивать радостное карканье, когда вы покидаете собор."
    ],
    "OPTIONS": [
      "[Вернуть статую] #rПотерять #rСломанную #rстатую #rкрыла. #gПолучить #gмного #gнаград.",
      "[Закрыто] Требуется Сломанная статуя крыла.",
      "[Принять] #gПолучить #gЗелье #gкультиста.",
      "[Украсть] #gПолучить #gРитуальный #gкинжал. #rПотерять #r",
      " #rОЗ.",
      "[Уйти]",
      "[Продолжить]",
      "[Взять кинжал] #gПолучить #gРитуальный #gкинжал.",
      "[Помазать] #gУлучшить #gРитуальный #gкинжал.",
      "[Принести в жертву] #rУбить #rкультиста #rРитуальным #rкинжалом+.",
      "[Получить похвалу] #gПолучить #gнаграды #gза #gвозвращение #gСломанной #gстатуи #gкрыла."
    ]
  },
  "downfall:Colosseum": {
    "NAME": "Колизей",
    "DESCRIPTIONS": [
      "Продолжая спуск по Шпилю, вы замечаете группу гуманоидов, устроивших засаду у большого амфитеатра. Когда вы приближаетесь, работорговцы вздрагивают, но быстро объясняются. NL NL \"Мы ждём тех, кто нападает на наш Город — тех, кого вы стремитесь уничтожить! У нас есть зрители, ждущие свежую добычу. Люди любят #rбой не на жизнь, а на смерть!\"",
      "Работорговцы не представляют для вас угрозы и могут оказаться полезными, если им удастся замедлить или ранить вашу добычу. NL NL Однако этот кровавый спорт может быть слишком заманчив, чтобы отказаться...",
      "Вы входите на огромный стадион и видите переполненные трибуны из #bРаботорговцев, #pКультистов и других обитателей Города. NL NL ",
      "@«ПРИВЕДИТЕ@ @МНЕ@ @ЛУЧШИХ!»@ — гремите вы в толпу, бросая вызов их чемпионам. NL Два соперника приближаются, предупреждая, что правила арены не позволяют им сдерживаться, несмотря на ваш статус повелителя Шпиля. NL NL Вы и не ожидали иного.",
      "@«СЛЕДУЮЩИЙ@ @МОЙ!»@ — гремите вы в толпу, которая отвечает оглушительными аплодисментами. NL NL Работорговцам не требуется много времени, чтобы притащить свою последнюю добычу. Ничего не подозревающий соперник просыпается, ~шатаясь~ после засады, но готовится к бою. NL NL Это будет весело.",
      "Вы решаете, что, хоть это и заманчиво, бой здесь будет ненужным отвлечением. Ваше путешествие продолжается, и вы оставляете работорговцев продолжать засаду."
    ],
    "OPTIONS": [
      "[Вызов] #rСразиться #rс #rчемпионами #rарены. #gПолучить #gмного #gнаград.",
      "[Участвовать] #rСразиться #rс #rпленённым #rгероем. #gПолучить #gмного #gнаград.",
      "[Уйти]",
      "[БИТЬСЯ!]",
      "[Продолжить]"
    ]
  },
  "downfall:MindBloom": {
    "NAME": "Расцвет разума",
    "DESCRIPTIONS": [
      "Пробираясь сквозь красоты Запределья, вы внезапно чувствуете, как ваши мысли начинают становиться... #p~реальными...~ NL NL Образы #rубитых #rавантюристов и #bсобранных #bдуш начинают проявляться в реальности. NL Это ощущение быстро проходит. Что вы сделаете?",
      "Вы знаете, что уже были здесь. NL NL Охотились на того же авантюриста. NL NL Реально ли хоть что-то из этого? NL NL Сколько раз вас уже убивали?",
      "Теперь всё имеет смысл. NL Единая цель, спуск, #pСердце. NL NL Так было всегда. NL Так будет всегда. NL Скоро всё снова забудется..."
    ],
    "OPTIONS": [
      "[Я — эхо] #rСразиться #rс #rсобой. #gПолучить #gредкую #gреликвию.",
      "[Я пресыщен] #gПолучить #g999 #gдуш. #rПолучить #r2 #rПроклятия #r- #rОбыденность.",
      "[Я завершён] #gУлучшить #gвсе #gкарты. #rВы #rбольше #rне #rможете #rисцеляться.",
      "[Закрыто] Требуются все 3 Благословения Сердца.",
      "[Уйти]",
      "[Я завершён] #gУлучшить #gвсе #gкарты. #rПолучить #rБремя."
    ]
  },
  "downfall:MoaiHead": {
    "NAME": "Голова Моаи",
    "DESCRIPTIONS": [
      "Вы решаете немного отклониться от пути к одному из величайших монументов Запределья — огромной каменной голове, выступающей из стены. NL NL Рот головы широко открыт, и видны большие устрашающие зубы, окрашенные кровью. Поверхность статуи испещрена пиктограммами, изображающими людей, бросающихся в пасть этой головы и пожираемых.",
      "Вы вступаете в пасть статуи, ожидая её активации, зная, что придётся заплатить кровью. Вскоре огромные коренные зубы обрушиваются сверху, раздавливая вас. NL @Тьма.@ NL Некоторое время спустя из темноты вы видите проблеск света и слышите, как вы теперь понимаете, звук медленно поднимающихся каменных зубов. NL NL Вы уходите восстановленным, магия статуи течёт сквозь вас.",
      "Вы вступаете в пасть статуи и позволяете огромному количеству #bдуховной #bэнергии излиться из вашего тела. Глаза статуи загораются #b~пламенем,~ и её огромные коренные зубы обрушиваются на вас. NL #b~Синий~ #b~свет~ #b~повсюду.~ NL NL Когда зубы поднимаются, вы чувствуете себя полностью обновлённым и более могущественным, чем когда-либо.",
      "Вы уходите, гадая, что могло бы быть."
    ],
    "OPTIONS": [
      "[Пожертвовать души] #rПотерять #r",
      " #rдуш. #gПолучить #g",
      " #gМакс. #gОЗ и #gполностью #gисцелиться.",
      "[Закрыто] Требуется ",
      " душ.",
      " #rдуш. #gКаждый #gГремлин #gполучает #g",
      "[Прыгнуть внутрь] #gПолностью #gисцелиться. #rКаждый #rГремлин #rтеряет #r"
    ]
  },
  "downfall:SensoryStone": {
    "NAME": "Камень ощущений",
    "DESCRIPTIONS": [
      "#g~ТЩЕСЛАВИЕ.~ NL NL Жизнь — прекрасная, великолепная вещь... даже для #gслизня. NL NL Вы всегда знали, что вам суждены великие дела. Другие довольствуются монетами и объедками, но не вы. Вы ждёте, как хищник, чего-то особенного. Чего-то уникального. Что-то ~сказочное.~ NL NL Дни... недели... может, годы проходят... трудно сказать в Шпиле. Пока, наконец, вы не замечаете это. Больше вас не будут считать просто одним из многих! У них могут быть #yмонеты и #yбезделушки, но у вас есть кое-что лучше... NL NL @МАЛЕНЬКАЯ@ @ШЛЯПА-КОТЕЛОК!@ Шикарно!",
      "#y~БРЕННОСТЬ.~ NL NL #rКлинок входит в вашу грудь, и рёв #bтолпы наполняет уши... последнее, что вы почувствуете, — удар рукой по лицу, и ваши глаза закрываются. NL NL Вы просыпаетесь в незнакомой комнате, @не@ @в@ @силах@ @пошевелиться.@ Вы пытаетесь говорить, но слова не выходят, а взор застилает #gзелёный #gтуман. Это сон? Это загробная жизнь? Вы пытаетесь вспомнить, но мысли так же разрозненны, как ваши руки и ноги. NL NL Вы слышите голос в разуме — единственную команду. #g\"БАЛАНС #gдолжен #gбыть #gСОХРАНЁН. #gОХРАНЯЙ #gПреддверие.\"",
      "#p~БЕЗНАДЁЖНОСТЬ.~ NL NL #yСмотри. #yПомни. #yЖиви. Такова миссия Наблюдателя. Ваше задание — исследовать Шпиль неизвестного происхождения. Вы входите в шестиугольную комнату, и прежде чем вы успеваете среагировать, дверь @рушится@ @позади@ @вас!@ NL NL Нет выхода. Единственный путь наружу — взять табличку, явно наполненную магией, лежащую на пьедестале. В момент, когда ваша кожа касается артефакта, ваше тело ~растворяется~ ~в~ ~ничто,~ и ваша #pдуша затягивается в #pкамень. NL NL Ваша судьба навеки связана с #pтабличкой, #rпроклят скитаться по Шпилю вечность.",
      "#y~ОТСТРАНЁННОСТЬ.~ NL NL Ты первый. Ты служишь ~Создателю.~ Ты не рождён, с бренностью и слабостью, но создан. Идеален. И по своему образу и подобию ты создашь больше конструктов. #yАвтоматоны из наследия Творца. NL NL Каждый из них безупречен в своём дизайне, и все служат определённой цели. Кроме одного. Тот, кто должен был поддерживать баланс в Городе. NL NL Ты выбрасываешь #yдефектный #yконструкт из самого высокого окна, сбрасывая его на дно Шпиля, и занимаешь его место как защитник Города. NL NL Баланс должен быть сохранён.",
      "#b~ГОРДОСТЬ.~ NL NL Ты стоишь в центре большой арены. Всё, к чему ты стремился, сводится к этому единственному бою. Ты принимаешь #bоборонительную #bстойку, истощая выносливость врага, пока не появляется возможность. Последним усилием ты #rвонзаешь #rклинок в грудь противника. Зрители взрываются @громовыми@ @аплодисментами!@ NL NL Не останавливаясь на простой победе, ты поднимаешь руку и бьёшь врага ~по~ ~лицу,~ нанося самый оскорбительный завершающий удар. NL NL Теперь тебе никто не помеха. Ты новый #b@Чемпион!@",
      "#p~ЖАДНОСТЬ.~ NL NL Немногие могут устоять перед #bсоблазном #bвласти. Но за власть нужно платить, а за великую власть — ещё больше. NL NL Ты сидишь на своём троне над Колизеем, наблюдая, как люди #rбьются #rне #rна #rжизнь, #rа #rнасмерть для твоего развлечения за титул #bЧемпиона. Цена за вход — #g~пламя~ #g~их~ #g~вечной~ #g~души~ в служении тебе. Каждое имя выгравировано на табличке, связывающей их с тобой в загробной жизни. NL NL Толпа ликует, когда один боец повержен завершающим ударом по лицу. Ты идёшь в хранилище, но кто-то здесь уже был. Ловушки сработали, но тела нет... а #p@табличка@ @исчезла!@",
      "#g~СКОРБЬ.~ NL NL Ты стоишь, наконец, на самой высокой вершине Шпиля. Ты потратил годы, неустанно работая, чтобы воплотить в жизнь этот колоссальный архитектурный подвиг, памятник Великому. Каждый #gизгиб доведён до совершенства. Каждый #yугол тщательно выверен. NL NL «Всё готово, любовь моя». Накрывая их безжизненную руку своей, ты включаешь машину. Мягкий гул наполняет комнату, и вскоре ты чувствуешь, как твоя #b~сущность~ втягивается в твоё творение — быстро к ней присоединяется другая. Вы оба будете жить вечно в этом месте, как и планировали. NL NL С резонирующим эхом... #pСердце ~стучит~ в первый раз.",
      "#b~ЯРОСТЬ.~ NL NL Ты бессилен остановить #yукрашенный #yкинжал, входящий в твою грудь. В последний миг ты молишься любому #pбожеству, правящему этим Шпилем, дать тебе силы жить, ~неважно~ ~какой~ ~ценой.~ NL NL Твоё #pсердце издаёт последний сильный удар и замолкает... на мгновение. Твои глаза загораются #b@синим@ #b@огнём,@ когда ты возвращаешься к жизни с силой десятерых, с лёгкостью разрывая оковы и издавая рёв на толпу окружающих тебя #bфигур в рясах! NL NL Когда ты чувствуешь, как твоё тело начинает превращаться в #bчудовищную #bформу, фигуры склоняются перед тобой.",
      "#p~ВЫСОКОМЕРИЕ.~ NL NL Ты бросаешь вызов #pбогоподобному #pСердцу, что контролирует это место, диктуя твою судьбу. Пришло #yвремя действовать. NL NL Запределье — наименее охраняемая часть Шпиля, и ты с лёгкостью проскальзываешь в его #yсокровищницу. Здесь много могущественных артефактов, но один говорит с тобой особенно — #y~светящиеся~ #y~карманные~ #y~часы.~ NL NL С непоколебимой уверенностью ты протягиваешь руку и хватаешь карманны... @...ысчанрак@ @етеатавх@ @и@ @театяропс@ @ыв@ @ынечениву@ @юинежерп@ @С@ NL NL Ты бросаешь вызов #pбогоподобному #pСердцу, что контролирует это... место...?",
      "Поразмыслив, возможно, воспоминания лучше оставить в прошлом."
    ],
    "OPTIONS": [
      "[Вспомнить] #gДобавить #g1 #gкарту #gБосса #gв #gколоду.",
      "[Вспомнить] #gДобавить #g2 #gкарты #gБосса #gв #gколоду. #rПотерять #r",
      "[Вспомнить] #gДобавить #g3 #gкарты #gБосса #gв #gколоду. #rПотерять #r"
    ]
  },
  "downfall:SecretPortal": {
    "NAME": "Тайный портал",
    "DESCRIPTIONS": [
      "Перед вами приятное зрелище — в одной из живых стен Запределья находится каменный вход, заполненный #p~кружащимся~ #p~магическим~ #p~порталом.~ NL NL Этот портал позволяет быстро добраться до повелителя Запределья. Однако, если вы заберёте камень, питающий его, ваше путешествие по Шпилю ускорится.",
      "Портал всегда можно починить позже. Вы вырываете рунный камень, питающий врата, и быстро думаете, куда отправиться дальше. Камень будет полезен лишь недолго."
    ],
    "OPTIONS": [
      "[Взять камень] Переместиться в любую комнату, кроме комнаты с Боссом."
    ]
  },
  "downfall:TombRedMask": {
    "NAME": "Гробница лорда Красной маски",
    "DESCRIPTIONS": [
      "На другой стороне парящего пути видна богато украшенная гробница. NL NL Добравшись до неё, вы замечаете мягкую стену, вероятно, скрывающую тайник. Одного хорошего удара должно хватить, чтобы её проломить.",
      "Вы надеваете #rмаску. Бандиты, согласившиеся помогать вам, кажется, связаны с этим Лордом — возможно, их вдохновит ваше новое украшение.",
      "В гробнице открывается проём, и оттуда выскальзывает маленькая красная маска с прикреплённой запиской. \"Забирай у других, как я забрал у тебя!\"",
      "Решив не тревожить гробницу, вы идёте дальше.",
      "Довольный полученной маской, вы продолжаете путь."
    ],
    "OPTIONS": [
      "[Надеть Красную маску] #gУлучшить #gКонтракт #gбандитов.",
      "[Закрыто] Требуется Красная маска и Контракт бандитов.",
      "[Проломить] #rПотерять ",
      ". #gПолучить #gКрасную #gмаску.",
      "[Закрыто] Требуется Атака.",
      "[Уйти]"
    ]
  },
  "downfall:WindingHalls": {
    "NAME": "Извилистые коридоры",
    "DESCRIPTIONS": [
      "Медленно пробираясь по извилистым путям, вы оказываетесь в печально известных меняющихся коридорах Запределья. Меньшее существо сошло бы с ума, пытаясь пройти здесь, но для они так же знакомы, как старый друг. NL NL Постоянный #p~шёпот~ #p~голосов~ успокаивает ваш разум, пока вы решаете, какой путь выбрать."
    ],
    "OPTIONS": [
      "[Налево] #gИсследовать #gсобытие.",
      "[Направо] #gОбыскать #gсокровищницу #gв #gпоисках #gреликвии.",
      "[Прямо] #gВыследить #gторговца."
    ]
  },
  "downfall:Joust": {
    "NAME": "Турнир",
    "DESCRIPTIONS": [
      "Пробираясь сквозь большие здания, вы выходите на длинный узкий мост и замечаете по обеим сторонам рыцарей, стоящих друг напротив друга. Когда вы приближаетесь, они разбегаются, злобно глядя друг на друга. NL \"Монстр! ТЫ сразись с ним, раз ты такой хороший в убийствах!\" NL \"Нет, ТЫ сразись! Ты знаешь монстров лучше, с этим своим ~демоническим~ котом!\" NL NL Они не перестанут препираться. Вам придётся решать...",
      "Этот рыцарь явно был сильнее другого, и вы старались изо всех сил, но в итоге были избиты. NL \"Хотел бы я посмотреть, как ты справишься с таким зверем!\" — говорит он другому рыцарю, и они уходят, продолжая спорить.",
      "Вы безжалостно уклоняетесь от атак рыцаря и #rубиваете его, с радостью поглощая его #gдуши. Другой рыцарь кричит и убегает. Какой трус...",
      "Трусливый рыцарь наносит вам несколько досадных царапин издалека своим длинным мечом, а затем с криком убегает. Другой рыцарь бежит за ним в гневе. Вы возвращаетесь к своим делам, раздражённый.",
      "Вы ~нависаете~ над рыцарем, и он, даже не пытаясь бежать, просто съёживается. Вы с лёгкостью #rубиваете его и забираете его #gдуши, но когда вы поворачиваетесь к другому рыцарю, он уже убежал."
    ],
    "OPTIONS": [
      "[Левый] #r50%: #rПотерять #r",
      " ОЗ.",
      " #g50%: #gПолучить #g200 #gдуш.",
      "[Правый] #r25%: #rПотерять #r",
      " #g75%: #gПолучить #g100 #gдуш."
    ]
  },
  "downfall:BossTester": {
    "NAME": "Дебаг: Подготовка к Боссу",
    "DESCRIPTIONS": [
      "Выберите Акт, чтобы получить смоделированные награды за этот акт. Если вы хотите протестировать столкновение в Акте 3, запустите это событие 3 раза — один раз за Акт 1, затем за Акт 2, затем за Акт 3.",
      "Награды получены. После похода в магазин запустите это событие снова, если хотите смоделировать награды другого акта. В противном случае отправляйтесь к битве с Боссом. Не забирайте его награды."
    ],
    "OPTIONS": [
      "[Акт 1]",
      "[Акт 2]",
      "[Акт 3]",
      "[Отправиться в магазин]"
    ]
  },
  "downfall:BetterEnding": {
    "NAME": "Сердце Шпиля",
    "DESCRIPTIONS": [
      "@тук-тук@ ... @тук-тук@ ... @тук-тук@ ... NL Успокаивающее сердцебиение ощущается по всей комнате... NL Вы у ~цели~? Ваше предназначение исполнено?",
      "Вы отдаёте #b",
      " душ обратно Сердцу! NL Сердце #b@трепещет@ от радости, стуча ещё сильнее.",
      "Несмотря на все ваши усилия, дверь в комнату Сердца остаётся уязвимой. И вы спрашиваете себя: ~\"Действительно~ ~ли~ ~ты~ ~сделал~ ~достаточно?\"~ NL Вы чувствуете, что отдали в общей сложности #b",
      " душ Сердцу.",
      " NL Всего #b",
      " душ было отдано всеми, кого оно призвало.",
      " NL Сердце пульсирует всё громче и громче, пока ваше #y~сознание~ #y~угасает...~",
      "NL Вы готовите клинок...",
      "NL Вы готовите кинжалы...",
      "NL Вы заряжаете своё ядро на полную...",
      "Вы спрашиваете себя: ~\"Действительно~ ~ли~ ~ты~ ~сделал~ ~достаточно?\"~",
      " NL Сердце пульсирует всё громче и громче, пока ваше #p~сознание~ #p~начинает~ #p~угасать...~",
      " NL Внезапный всплеск #y@энергии@ исходит изнутри вас, #b@вырывая@ вас из забытья.",
      " NL Сердце #gотступает, чувствуя приближающуюся угрозу! Битва ещё не окончена...",
      "NL Вы наполняете свой посох божественной энергией...",
      "Вы чувствуете #pнечто #p@злое@ в самой глубине своей души..."
    ],
    "OPTIONS": [
      "[Продолжить]",
      "[Отдать] #b???",
      "[Спать]",
      "[Подойти к двери]"
    ]
  },
  "downfall:EvilShrines": {
    "NAME": "Алтари зла",
    "DESCRIPTIONS": [
      "Только ты должен обладать этой силой. Ты разбиваешь алтарь на куски. NL Тёмный вой разносится вокруг, и ты чувствуешь, как #p~проклятая~ #p~магия~ алтаря проникает в твои кости."
    ],
    "OPTIONS": [
      "[Осквернить] #gСкопировать #g2 #gкарты. #rПолучить #rПроклятие #r- #rИстощение.",
      "[Осквернить] #gУдалить #g2 #gкарты. #rПотерять #r",
      " #rМакс. #rОЗ.",
      "[Осквернить] #gПреобразовать #g2 #gкарты. #rПотерять #r",
      "[Осквернить] #gУлучшить #g2 #gкарты. #rПолучить #rПроклятие #r- #rБоль.",
      " #rОЗ.",
      "[Закрыто] — Недостаточно карт."
    ]
  }
}