{
  "downfall:ChangingTotem": {
    "MOVES": [
      "Преображающий взгляд"
    ],
    "NAME": "Голова перемен",
    "DIALOG": [
      ""
    ]
  },
  "downfall:ForgetfulTotem": {
    "MOVES": [
      "Забывчивый взгляд"
    ],
    "NAME": "Забывчивая голова",
    "DIALOG": [
      ""
    ]
  },
  "downfall:GrowingTotem": {
    "MOVES": [
      "Луч роста"
    ],
    "NAME": "Голова роста",
    "DIALOG": [
      ""
    ]
  },
  "downfall:FleeingMerchant": {
    "MOVES": [
      "Кража души"
    ],
    "NAME": "Торговец",
    "DIALOG": [
      ""
    ]
  },
  "downfall:LooterAlt": {
    "MOVES": [],
    "NAME": "Мародёр",
    "DIALOG": [
      "~Эй,~ у тебя же нет денег!",
      "@НЕ-Е-Е-Е-Е-Е-Т!@",
      "Сегодня ты умрёшь, лох."
    ]
  },
  "downfall:MuggerAlt": {
    "MOVES": [],
    "NAME": "Грабитель",
    "DIALOG": [
      "Давай-ка проучим их.",
      "Проучим как следует!"
    ]
  },
  "downfall:Fortification": {
    "MOVES": [],
    "NAME": "Укрепление",
    "DIALOG": []
  },
  "downfall:MushroomRed": {
    "MOVES": [],
    "NAME": "Белый гриб",
    "DIALOG": []
  },
  "downfall:MushroomPurple": {
    "MOVES": [],
    "NAME": "Млечник",
    "DIALOG": []
  },
  "downfall:MushroomWhite": {
    "MOVES": [],
    "NAME": "Дождевик",
    "DIALOG": []
  },
  "downfall:DoomedDagger": {
    "MOVES": [],
    "NAME": "Обречённый кинжал",
    "DIALOG": []
  },
  "downfall:VoidCore": {
    "MOVES": [],
    "NAME": "Ядро Бездны",
    "DIALOG": []
  }
}