{
  "downfall:FairyPotion": {
    "NAME": "Фея в бутылке",
    "DESCRIPTIONS": [
      "Вместо смерти исцеляет до #b30% Макс. ОЗ, после чего эффект пропадает.",
      "Ха! Фея в бутылке, придурок!"
    ]
  },
  "downfall:CultistRevivePower": {
    "NAME": "Ложное поклонение",
    "DESCRIPTIONS": [
      "Вместо смерти исцеляет до #b50% Макс. ОЗ, после чего эффект пропадает.",
      "КААААРРРР!"
    ]
  },
  "downfall:SoulSteal": {
    "NAME": "Кража души",
    "DESCRIPTIONS": [
      "Украл #b",
      " ваших душ."
    ]
  },
  "downfall:NeowInvulnerable": {
    "NAME": "Бог жизни",
    "DESCRIPTIONS": [
      "Восстанавливает #b",
      " ОЗ каждый раз, когда вы разыгрываете карту."
    ]
  },
  "downfall:TransformDrawnCardsPower": {
    "NAME": "Преобразование взятых карт",
    "DESCRIPTIONS": [
      "#yПреобразует первые #b",
      " карт, взятые в этом ходу. (",
      " осталось)"
    ]
  },
  "downfall:TotemInvulnerable": {
    "NAME": "Живая стена",
    "DESCRIPTIONS": [
      "Не может умереть, пока у всех других Голов не останется #b1 ОЗ. Умирает, если умирает любая другая Голова."
    ]
  },
  "downfall:ExhaustCardsPower": {
    "NAME": "Забывчивость",
    "DESCRIPTIONS": [
      "В конце вашего хода выберите карту и #yСожгите её."
    ]
  },
  "downfall:SpotWeakness": {
    "NAME": "Поиск слабости",
    "DESCRIPTIONS": [
      "Если вы разыгрываете #yАтаку в этом ходу, враг получит #b",
      " #yСилы.",
      "Вы разыграли #yАтаку в этом ходу. Враг получит #b",
      " #yСилы."
    ]
  },
  "downfall:FearNoEvil": {
    "NAME": "Не убоись зла",
    "DESCRIPTIONS": [
      "Если вы разыгрываете атаку в этом ходу, Созерцательница перейдёт в #yСпокойствие, когда разыграет свою карту #yНе #yубоись #yзла.",
      "Созерцательница перейдёт в #yСпокойствие, когда разыграет свою карту #yНе #yубоись #yзла."
    ]
  },
  "downfall:PoisonResist": {
    "NAME": "Несбавляемый",
    "DESCRIPTIONS": [
      "Каждый раз, нанося неблокируемый урон #yАтакой, снимает #b",
      " #yЯда."
    ]
  },
  "downfall:OnPlayerPoison": {
    "NAME": "Яд",
    "DESCRIPTIONS": [
      "В конце вашего хода получаете #b",
      " урона."
    ]
  },
  "downfall:NeowBuff": {
    "NAME": "Бодрость Ньяу",
    "DESCRIPTIONS": [
      "Получает #b2 #yСилы в конце своего хода."
    ]
  },
  "downfall:WatcherAngryPower": {
    "NAME": "Стабильность",
    "DESCRIPTIONS": [
      "В конце своего хода, если у Созерцательницы #b50% ОЗ или меньше, она входит в #yГнев. NL #yГнев Созерцательницы увеличивает наносимый и получаемый урон на #b50% вместо #b100%.",
      "#yГнев Созерцательницы увеличивает наносимый и получаемый урон на #b50% вместо #b100%."
    ]
  },
  "downfall:NeowUnbridledRage": {
    "NAME": "Необузданный гнев",
    "DESCRIPTIONS": [
      "В конце раунда, если у Ньяу #b50% ОЗ или меньше, она получает #b6 #yСилы. NL Может сработать только один раз за бой."
    ]
  },
  "downfall:WatcherCripplePower": {
    "NAME": "Божественное возмездие",
    "DESCRIPTIONS": [
      "Каждый раз, когда Созерцательница теряет #b",
      " ОЗ, она теряет #b1 #yСилы, до #b3 раз за ход. NL Вы можете #yЗаблокировать урон от #yБолевых #yточек.",
      "Созерцательница уже потеряла #b3 #yСилы в этом ходу."
    ]
  },
  "downfall:WatcherSkillPower": {
    "NAME": "Охота на дисгармонию",
    "DESCRIPTIONS": [
      "Каждый раз, когда вы разыгрываете #yАтаку, Созерцательница получает #b",
      " временной #yЛовкости, #b",
      " временной #yСилы, когда вы разыгрываете #yНавык, и #b",
      " того и другого, когда вы разыгрываете #yТалант.",
      "Если вы разыгрываете более #b",
      " карт за ход, Созерцательница снимает ВСЕ свои ослабления.",
      "Вы разыграли #b",
      " карт в этом ходу."
    ]
  },
  "downfall:WrathNextTurnPower": {
    "NAME": "Гнев в следующий ход",
    "DESCRIPTIONS": [
      "В начале своего хода Созерцательница войдёт в #yГнев."
    ]
  },
  "downfall:NeowBlasphemersDemise": {
    "NAME": "Гибель богохульника",
    "DESCRIPTIONS": [
      "Если Ньяу не потеряет ещё #b",
      " ОЗ, в следующий раз, используя усиление, она получит #b10 дополнительной #yСилы.",
      "Ньяу искалечена и не получит дополнительную #yСилу во время следующего усиления."
    ]
  },
  "downfall:WatcherDivinityPower": {
    "NAME": "Мимолётная вера",
    "DESCRIPTIONS": [
      "Созерцательница получает #b1 #yМантры каждый раз, когда вы разыгрываете карту. NL Входя в #yБожественность, она получает #b3 #yСилы. NL Созерцательница теряет #b5 #yМантры в начале своего хода. NL Созерцательница не выходит из #yБожественности в конце своего хода."
    ]
  },
  "downfall:SimpleWatcherDivinityPower": {
    "NAME": "Мимолётная вера",
    "DESCRIPTIONS": [
      "Созерцательница получает #b1 #yМантры и #b1 #yНеуязвимость после того, как вы разыгрываете #b6 карт за один ход.",
      " NL Вы разыграли #b",
      " карт в этом ходу.",
      " NL (Уже сработало в этом ходу)",
      " NL NL Когда Созерцательница входит в Божественность, она никогда её не покинет, но Божественность увеличивает урон только на 200%."
    ]
  },
  "downfall:NeowFleetingFaith": {
    "NAME": "Мимолётная вера",
    "DESCRIPTIONS": [
      "Каждый раз, когда вы разыгрываете карту, Ньяу получает #b1 #yМантры. Ньяу теряет #b5 #yМантры в начале своего хода."
    ]
  },
  "downfall:SilentShivTimeEaterPower": {
    "NAME": "Мешок с ножами",
    "DESCRIPTIONS": [
      "Первый раз, когда вы разыгрываете карту стоимостью #b2 или более в ход, Безмолвная получает 2 #yЗаточки."
    ]
  },
  "downfall:SilentDelayedWraithPower": {
    "NAME": "Роковое обладание",
    "DESCRIPTIONS": [
      "Первый раз, когда у Безмолвной становится 0 ОЗ, она активирует #yПризрачную #yформу",
      " и восстанавливает #b",
      " ОЗ."
    ]
  },
  "downfall:NeowBagOfKnives": {
    "NAME": "Мешок с ножами",
    "DESCRIPTIONS": [
      "Первый раз, когда вы разыгрываете карту стоимостью #b2 или более в ход, получает #b4 урона дважды."
    ]
  },
  "downfall:SilentMirrorImagePower": {
    "NAME": "Двойное зрение",
    "DESCRIPTIONS": [
      "В начале каждого хода зеркальный образ Безмолвной скрывает её настоящее местоположение. Атака по Безмолвной или образу убирает его из боя до конца хода."
    ]
  },
  "downfall:NeowSeeingDouble": {
    "NAME": "Двойное зрение",
    "DESCRIPTIONS": [
      "Первая #yАтака, использованная против Ньяу в ход, наносит #b0 урона."
    ]
  },
  "downfall:SilentPoisonPower": {
    "NAME": "Новые токсины",
    "DESCRIPTIONS": [
      "#yЯд можно заблокировать, и он наносит урон в конце хода.",
      "#yЯд можно заблокировать, он не рассеивается и наносит урон в конце хода."
    ]
  },
  "downfall:NeowHighlyToxic": {
    "NAME": "Внимание: Высокая токсичность",
    "DESCRIPTIONS": [
      "Ньяу накладывает #b5 #yЯда на вас за ход. Яд можно заблокировать, и он наносит урон в конце хода. NL В начале боя замешивает 2 #yПротивоядия в вашу стопку добора."
    ]
  },
  "downfall:DefectVoidPower": {
    "NAME": "Похититель энергии",
    "DESCRIPTIONS": [
      "Каждый раз, когда Дефект создаёт #yБездну, она попадает в ВАШУ стопку сброса."
    ]
  },
  "downfall:NeowEnergyThief": {
    "NAME": "Похититель энергии",
    "DESCRIPTIONS": [
      "Когда Ньяу добавляет #rПроклятия в вашу стопку добора, она также добавляет туда 1 #yБездну."
    ]
  },
  "downfall:DefectAncientConstructPower": {
    "NAME": "Древний конструкт",
    "DESCRIPTIONS": [
      "Начинает бой с 2 миньонами #yБронзовых #yсфер. NL #yЯдерные #yвыбросы Дефекта не #yСжигаются."
    ]
  },
  "downfall:NeowAncientConstruct": {
    "NAME": "Древний конструкт",
    "DESCRIPTIONS": [
      "Ньяу получает #b2 #yАртефакта в конце своего хода, если у неё нет #yАртефакта."
    ]
  },
  "downfall:DefectCuriosity": {
    "NAME": "Непредвзятое познание",
    "DESCRIPTIONS": [
      "Каждый раз, когда вы разыгрываете #yТалант, Дефект получает #b",
      " #yФокуса.",
      " Изменения #yСилы Дефекта также влияют на его #yФокус."
    ]
  },
  "downfall:DefectBiasCuriosity": {
    "NAME": "Предвзятость",
    "DESCRIPTIONS": [
      "Дефект начинает бой с #b4 #yФокуса и получает ещё #b1 каждый раз, когда вы разыгрываете #yТалант, но также теряет #b1 #yФокус в начале своего хода.",
      "Дефект теряет #b",
      " #yФокуса",
      " в конце своего хода."
    ]
  },
  "downfall:DefectCuriosityLighning": {
    "NAME": "Непредвзятое познание",
    "DESCRIPTIONS": [
      "Каждый раз, когда вы разыгрываете #yТалант, Дефект заряжает #b",
      " #yСферу #yмолнии."
    ]
  },
  "downfall:NeowUnbiasedCognition": {
    "NAME": "Непредвзятое познание",
    "DESCRIPTIONS": [
      "Каждый раз, когда вы разыгрываете #yТалант, Ньяу получает #b2 #yСилы."
    ]
  },
  "downfall:IroncladStatusPower": {
    "NAME": "Синхронизация",
    "DESCRIPTIONS": [
      "Каждый раз, когда Железнорождённый создаёт #yСтатус, его копия добавляется в вашу стопку сброса.",
      "Каждый раз, когда Железнорождённый создаёт #yСтатус, он попадает в вашу стопку сброса. NL Потеряв ещё #b",
      " ОЗ, вы получаете #yЧистоту с #yСохранением.",
      "Каждый раз, когда Железнорождённый создаёт #yСтатус, он попадает в вашу стопку добора. NL Потеряв ещё #b"
    ]
  },
  "downfall:NeowSyncronize": {
    "NAME": "Синхронизация",
    "DESCRIPTIONS": [
      "Ньяу каждый ход добавляет случайный #yСтатус в вашу стопку сброса."
    ]
  },
  "downfall:IroncladMushroomPower": {
    "NAME": "Кормовое безумие",
    "DESCRIPTIONS": [
      "#yЖнец Железнорождённого не #yСжигается и целится во ВСЕ Грибы. NL Когда Железнорождённый убивает Гриб, он получает #b1 #yСилы.",
      "#yЖнец Железнорождённого целится во ВСЕ Грибы. NL Когда Железнорождённый убивает Гриб, он получает #b",
      " #yСилы."
    ]
  },
  "downfall:NeowFeedingFrenzy": {
    "NAME": "Кормовое безумие",
    "DESCRIPTIONS": [
      "Ньяу восстанавливает ОЗ каждый раз, когда наносит любой неблокируемый урон."
    ]
  },
  "downfall:IroncladFortificationPower": {
    "NAME": "Бастион",
    "DESCRIPTIONS": [
      "Железнорождённый начинает бой с #yУкреплением, которое даёт ему #b",
      " #yЗащиты каждый ход. NL Когда #yУкрепление уничтожено, Железнорождённый теряет #yБаррикаду, но получает #b5 #yСилы в начале каждого хода.",
      "Будучи уничтоженным, Железнорождённый теряет #yБаррикаду, но получает #b5 #yСилы в начале каждого хода."
    ]
  },
  "downfall:NeowBastion": {
    "NAME": "Бастион",
    "DESCRIPTIONS": [
      "Ньяу имеет #yБаррикаду и получает #b10 #yЗащиты в начале каждого хода."
    ]
  },
  "downfall:MerchantStrengthPower": {
    "NAME": "Похититель душ",
    "DESCRIPTIONS": [
      "Торговец имеет удвоенную #yСилу, полученную от Кражи души в этом забеге, и получает равное количество #yЛовкости."
    ]
  },
  "downfall:NeowMantra": {
    "NAME": "Мантра",
    "DESCRIPTIONS": [
      "Когда у Ньяу накапливается #b10 #yМантры, она входит в Божественность, нанося тройной урон в следующий ход."
    ]
  },
  "downfall:NeowSeeingDoubleProduct": {
    "NAME": "???",
    "DESCRIPTIONS": [
      "Ваша следующая #yАтака против Ньяу в этом ходу наносит #b0 урона."
    ]
  },
  "downfall:CrowbotRitualPower": {
    "NAME": "Перепрограммирование: Ритуал",
    "DESCRIPTIONS": [
      "Когда у #yВоронобота #b50% ОЗ или меньше, он теряет #b3 ОЗ и получает #b",
      " #yСилы в конце своего хода."
    ]
  },
  "downfall:DamageMultiplier": {
    "NAME": "Множитель урона",
    "DESCRIPTIONS": [
      "#yАтаки наносят в #b",
      " раз больше урона."
    ]
  },
  "downfall:CompressionMold": {
    "NAME": "Пресс-форма",
    "DESCRIPTIONS": [
      "#yВыпущенные #yпатроны после этого улучшаются."
    ]
  },
  "downfall:OnDeathEveryoneStr": {
    "NAME": "Последний вздох: Воспламенение+",
    "DESCRIPTIONS": [
      "Когда этот персонаж умирает, ВСЕ персонажи (включая вас) получают #b",
      " #yСилы."
    ]
  },
  "downfall:OnDeathEveryoneThorns": {
    "NAME": "Последний вздох: Шипы+",
    "DESCRIPTIONS": [
      "Когда этот персонаж умирает, ВСЕ персонажи (включая вас) получают #b",
      " #yШипов."
    ]
  },
  "downfall:OnDeathEveryoneBuffer": {
    "NAME": "Последний вздох: Буфер+",
    "DESCRIPTIONS": [
      "Когда этот персонаж умирает, ВСЕ персонажи (включая вас) получают #b",
      " #yБуфера. (Буфер: предотвращает следующую потерю ОЗ)"
    ]
  },
  "downfall:OnDeathEveryoneVigor": {
    "NAME": "Последний вздох: Венец пламени+",
    "DESCRIPTIONS": [
      "Когда этот персонаж умирает, ВСЕ персонажи (включая вас) получают #b",
      " #yБодрости. (Бодрость: увеличивает урон одной Атаки)"
    ]
  },
  "downfall:OnDeathEveryoneRuggedVuln": {
    "NAME": "Последний вздох: Гештальт",
    "DESCRIPTIONS": [
      "Когда этот персонаж умирает, ВСЕ персонажи (включая вас) получают #b",
      " #yСтойкости и #b",
      " #yУязвимости. (Стойкость: уменьшает получаемый неблокируемый урон до #b2)"
    ]
  },
  "downfall:MonsterVigor": {
    "NAME": "Бодрость",
    "DESCRIPTIONS": [
      "Следующая атака этого персонажа наносит на #b",
      " урона больше."
    ]
  },
  "downfall:HermitConcentrateAdder": {
    "NAME": "Смертоносная концентрация",
    "DESCRIPTIONS": [
      "Карты Отшельника получают бонусные эффекты #yВ #yяблочко, пока он #yСосредоточен. После получения #b10 урона #yКонцентрация нарушается до конца хода."
    ]
  },
  "downfall:HermitConcentrationPower": {
    "NAME": "Сосредоточенность",
    "DESCRIPTIONS": [
      "Карты Отшельника получают бонусные эффекты #yВ #yяблочко, пока он сосредоточен. Получив ещё #b",
      " урона, #yКонцентрация Отшельника нарушается до конца этого хода.",
      "#yКонцентрация Отшельника нарушена, и эффекты #yВ #yяблочко не срабатывают в этом ходу."
    ]
  },
  "downfall:TangerinePower": {
    "NAME": "Помощник",
    "DESCRIPTIONS": [
      "Когда Танжерин умирает, #yКонцентрация Отшельника нарушается, и он получает #b",
      " #yСилы.",
      "Когда Танжерин умирает, #yКонцентрация Отшельника нарушается."
    ]
  },
  "downfall:HermitWheelOfFortune": {
    "NAME": "Колесо судьбы",
    "DESCRIPTIONS": [
      "После того, как вы разыгрываете #yАтаку, Отшельник #yЗацикливает свою первую карту. Стоимость карт Отшельника не может меняться. Каждый раз, когда Отшельник берёт #rНекрономикон, он получает #b2 #yСилы.",
      "После того, как вы разыгрываете #yАтаку, Отшельник #yЗацикливает свою первую карту."
    ]
  },
  "downfall:HermitDoomsday": {
    "NAME": "Судный день",
    "DESCRIPTIONS": [
      "Отшельник начинает с #b1 #yРитуала. Каждый раз, когда Отшельник разыгрывает #yЧистилище, он призывает #rСудный #rкинжал."
    ]
  },
  "downfall:NeowEclipse": {
    "NAME": "Затмение",
    "DESCRIPTIONS": [
      "Ньяу каждый ход добавляет в вашу руку #yЭфирную #yГрядущую #yГибель."
    ]
  },
  "downfall:NeowWheelOfDeath": {
    "NAME": "Колесо смерти",
    "DESCRIPTIONS": [
      "Каждые #b",
      " сыгранных вами карт Ньяу получает #b",
      " #yСилы."
    ]
  },
  "downfall:NeowDistracting": {
    "NAME": "Отвлечение",
    "DESCRIPTIONS": [
      "Первый раз, когда вы наносите урон #yАтакой по Ньяу в ход, в следующий ход вы получаете на #b1 [E] меньше."
    ]
  },
  "downfall:NextTurnPowerPower": {
    "NAME": "Следующий ход ",
    "DESCRIPTIONS": [
      "ОШИБКА! Вы не должны это видеть",
      "В следующем ходу получает #b",
      " #y",
      ".",
      "ПРИМЕЧАНИЕ ДЛЯ ЛОКАЛИЗАТОРОВ: Пожалуйста, сохраните пробел после 'Next Turn' в поле NAME.",
      "Итоговый текст должен выглядеть так: В следующем ходу получает #b7 #yБодрости."
    ]
  },
  "downfall:NeowStayAt1Hp": {
    "NAME": "Неубиваемый",
    "DESCRIPTIONS": [
      "Урон не может снизить ОЗ Ньяу ниже #b1. Вместо этого Ньяу исцелится до полного и войдёт в новую фазу."
    ]
  },
  "downfall:NeowDivinity": {
    "NAME": "Божественность",
    "DESCRIPTIONS": [
      "Ньяу наносит тройной урон в этом ходу."
    ]
  },
  "downfall:NeowSpirit": {
    "NAME": "Дух героя",
    "DESCRIPTIONS": [
      "Когда Ньяу использует намерение усиления, она получает #b6 #yСилы и... ",
      " NL Получает #b1 Облик демона. #y(Железнорождённый)",
      " NL Получает #b2 Шипов. #y(Безмолвная)",
      " NL Получает #b2 Буфера. #y(Дефект)",
      " NL Получает #b5 Мантры. #y(Созерцательница)",
      " NL Добавляет #yГниение в вашу стопку добора. #y(Отшельник)"
    ]
  },
  "downfall:HeartsFavorPower": {
    "NAME": "Благосклонность Сердца",
    "DESCRIPTIONS": [
      "Каждый раз, когда #yНеуязвимый Ньяу достигает #b0, уменьшайте её #yБога #yжизни на #b",
      "."
    ]
  },
  "downfall:DefectAttackVoidPower": {
    "NAME": "Похититель энергии",
    "DESCRIPTIONS": [
      "Каждый раз, когда вы наносите неблокируемый урон атакой, добавляйте Бездну в стопку сброса противника."
    ]
  },
  "downfall:WatcherTrackerAttacksPower": {
    "NAME": "Глаз для атак",
    "DESCRIPTIONS": [
      "Вы разыграли #b",
      " Атак. Пока это число превышает количество не-Атак, Созерцательница в состоянии #yГнева."
    ]
  },
  "downfall:WatcherTrackerSkillsPower": {
    "NAME": "Глаз для навыков",
    "DESCRIPTIONS": [
      "Вы разыграли #b",
      " не-Атак. Пока это число равно или превышает количество Атак, Созерцательница в состоянии #yСпокойствия."
    ]
  },
  "downfall:VoidOrbPower": {
    "NAME": "Ядро Бездны",
    "DESCRIPTIONS": [
      "При смерти Ядро Бездны восстанавливает всё ОЗ и удаляет одну #yСферу #yТьмы у Дефекта.",
      "Каждый раз получает 5 Макс. ОЗ."
    ]
  }
}