{
  "downfall:NeowBlessing": {
    "NAME": "Благословение Ньяу",
    "FLAVOR": "Умерь свою ярость. Будь таким же крепким и непреклонным, как сам Шпиль.",
    "DESCRIPTIONS": [
      "У Босса увеличены Макс. ОЗ, нет стартовой реликвии, он берёт на #b2 карты меньше и имеет на 1 меньше ",
      " . NL В начале боя Босс получает уникальный усиливающий эффект. Не может быть #yОглушён."
    ]
  },
  "downfall:NeowBlessing_Player": {
    "NAME": "Благословение Ньяу",
    "FLAVOR": "Умерь свою ярость. Будь таким же крепким и непреклонным, как сам Шпиль.",
    "DESCRIPTIONS": [
      "При получении увеличивает Макс. ОЗ на #b100. NL Увеличивает Макс. ОЗ на #b100 в начале каждого Акта. NL Вы теряете все слоты для зелий. NL Вы берёте на #b1 карту меньше и теряете [E] в начале своего хода."
    ]
  },
  "downfall:CoffeeDripper": {
    "DESCRIPTIONS": [
      " NL Не имея возможности отдыхать, Босс начал бой с неполным здоровьем."
    ]
  },
  "downfall:BustedCrown": {
    "DESCRIPTIONS": [
      " NL Не имея возможности выбирать оптимальные карты, у Босса меньше синергичных карт, чем обычно."
    ]
  },
  "downfall:Girya": {
    "DESCRIPTIONS": [
      " NL Предпочтя тренировки отдыху, Босс начал бой с неполным здоровьем."
    ]
  },
  "downfall:Matroyshka": {
    "DESCRIPTIONS": [
      " NL Босс получил ",
      " дополнительных реликвий."
    ]
  },
  "downfall:Ectoplasm": {
    "DESCRIPTIONS": [
      " NL Не имея возможности получать золото, Босс удалил на ",
      " карт меньше, чем обычно."
    ]
  },
  "downfall:BlackStar": {
    "DESCRIPTIONS": [
      " NL Босс получил ",
      " дополнительных реликвий, но начал бой с неполным здоровьем."
    ]
  },
  "downfall:MoltenEgg": {
    "DESCRIPTIONS": [
      " NL Босс улучшил ",
      " #yАтак с помощью этой реликвии."
    ]
  },
  "downfall:ToxicEgg": {
    "DESCRIPTIONS": [
      " NL Босс улучшил ",
      " #yНавыков с помощью этой реликвии."
    ]
  },
  "downfall:FrozenEgg": {
    "DESCRIPTIONS": [
      "У Босса много улучшенных #yТалантов."
    ]
  },
  "downfall:Shovel": {
    "DESCRIPTIONS": [
      " NL Босс получил ",
      " дополнительных реликвий, но начал бой с неполным здоровьем из-за отсутствия отдыха."
    ]
  },
  "downfall:CBRSerpentHead": {
    "DESCRIPTIONS": [
      " NL Босс использовал это золото, чтобы удалить 2 карты из колоды."
    ]
  },
  "downfall:CursedKey": {
    "DESCRIPTIONS": [
      " NL Босс получил ",
      " #rПроклятий от этой реликвии."
    ]
  },
  "downfall:DreamCatcher": {
    "DESCRIPTIONS": [
      " NL Босс получал дополнительные карты во время отдыха."
    ]
  },
  "downfall:PrayerWheel": {
    "DESCRIPTIONS": [
      " NL Босс получил ",
      " дополнительных карт от этой реликвии."
    ]
  },
  "downfall:PeacePipe": {
    "DESCRIPTIONS": [
      " NL Босс удалил ",
      " дополнительных карт, но начал бой с неполным здоровьем."
    ]
  },
  "downfall:RunicDome": {
    "DESCRIPTIONS": [
      " NL Босс может выбирать неблагоприятный порядок карт."
    ]
  },
  "downfall:CentennialPuzzle": {
    "DESCRIPTIONS": [
      " NL Не может сработать в ход Босса."
    ]
  },
  "downfall:CBRFaceOfCleric": {
    "DESCRIPTIONS": [
      " Макс. ОЗ были получены с помощью этой реликвии."
    ]
  },
  "downfall:Omamori": {
    "DESCRIPTIONS": [
      " NL Помешало Боссу получить "
    ]
  },
  "downfall:DollysMirror": {
    "DESCRIPTIONS": [
      " NL Зеркало скопировало "
    ]
  },
  "downfall:Vampires": {
    "NAME": "Событие: Вампиры",
    "FLAVOR": "Кровь повелителя... кровь повелителя! КРОВЬ ПОВЕЛИТЕЛЯ!",
    "DESCRIPTIONS": [
      "Удары были заменены на Укусы. NL -",
      " Макс. ОЗ."
    ]
  },
  "downfall:BonfireSpirits": {
    "NAME": "Событие: Духи костра",
    "FLAVOR": "Духи бросают мелкие кости и обломки в огонь, и тот каждый раз ярко вспыхивает...",
    "DESCRIPTIONS": [
      "Босс удалил карту из колоды, чтобы получить 10 Макс. ОЗ."
    ]
  },
  "downfall:DesignerInSpire": {
    "NAME": "Событие: Дизайнер Вдох-Шпиль",
    "FLAVOR": "Так не пойдёт, нет-нет. Что это за стиль? Отвратительно! У тебя кровь? Фу-у-у.",
    "DESCRIPTIONS": [
      "Одна карта была удалена из колоды, другая — улучшена."
    ]
  },
  "downfall:DivineFountain": {
    "NAME": "Событие: Божественный фонтан",
    "FLAVOR": "Вы находите струящуюся воду, бесконечно льющуюся из фонтана в стене.",
    "DESCRIPTIONS": [
      " Проклятия были удалены из колоды."
    ]
  },
  "downfall:Duplicator": {
    "NAME": "Событие: Дубликатор",
    "FLAVOR": "Перед вами украшенный алтарь, посвящённый некоему древнему существу.",
    "DESCRIPTIONS": [
      "Босс скопировал мощную карту."
    ]
  },
  "downfall:BigFish": {
    "NAME": "Событие: Большая рыба",
    "FLAVOR": "Спускаясь по длинному коридору, вы видите парящие банан, пончик и коробку.",
    "DESCRIPTIONS": [
      "Был выбран Пончик. NL +5 Макс. ОЗ.",
      "Была выбрана Коробка. NL Добавлены проклятие Сожаление и реликвия."
    ]
  },
  "downfall:LivingWall": {
    "NAME": "Событие: Живая стена",
    "FLAVOR": "Забудь, что знаешь, и я отпущу тебя.",
    "DESCRIPTIONS": [
      "Босс удалил ",
      "Босс улучшил ",
      "Босс преобразовал ",
      " в "
    ]
  },
  "downfall:WheelOfChange": {
    "NAME": "Событие: Колесо перемен",
    "FLAVOR": "Время крутить колесо! ТЫ ГОТОВ? Конечно готов!",
    "DESCRIPTIONS": [
      "Колесо дало Боссу ",
      "Босс исцелился до максимума.",
      "Колесо удалило ",
      " из колоды Босса.",
      "Колесо нанесло урон Боссу."
    ]
  },
  "downfall:Falling": {
    "NAME": "Событие: Падение",
    "FLAVOR": "В свободном падении вы обдумываете варианты...",
    "DESCRIPTIONS": [
      "Удар был удалён из колоды."
    ]
  },
  "downfall:Augmenter": {
    "NAME": "Событие: Усилитель",
    "FLAVOR": "Эй, там, незнакомец. Интересно поспособствовать науке?",
    "DESCRIPTIONS": [
      "Босс преобразовал 2 карты",
      "Босс получил К.А.Ч.",
      "Босс получил Мутагенную силу."
    ]
  },
  "downfall:AncientWriting": {
    "NAME": "Событие: Древние письмена",
    "FLAVOR": "Внезапно послание становится ясным...",
    "DESCRIPTIONS": [
      "Босс улучшил все Удары и Обороны."
    ]
  },
  "downfall:Bandits": {
    "NAME": "Событие: Бандиты Красной маски",
    "FLAVOR": "Взять его, Медведь!",
    "DESCRIPTIONS": [
      "Босс победил бандитов, получив Красную маску, но начал бой с неполным здоровьем."
    ]
  },
  "downfall:WingStatue": {
    "NAME": "Событие: Статуя крыла",
    "FLAVOR": "Среди камней и валунов вы замечаете изящную большую голубую статую, напоминающую крыло.",
    "DESCRIPTIONS": [
      " была удалена из колоды."
    ]
  },
  "downfall:Serpent": {
    "NAME": "Событие: З-з-змей",
    "FLAVOR": "Самая полноценная жизнь — это та, в которой ты можешь купить всё! Согласен?",
    "DESCRIPTIONS": [
      "Босс получил проклятие Сомнение и золото, которое было использовано для покупки реликвии."
    ]
  },
  "downfall:Cleric": {
    "NAME": "Событие: Клирик",
    "FLAVOR": "Привет, друг! Я — Клирик! Тебя интересуют мои услуги?!",
    "DESCRIPTIONS": [
      "Босс удалил карту из колоды."
    ]
  },
  "downfall:OldBeggar": {
    "NAME": "Событие: Старый попрошайка",
    "FLAVOR": "Не подашь монетку, дитя?",
    "DESCRIPTIONS": [
      "Карта была удалена из колоды."
    ]
  },
  "downfall:Library": {
    "NAME": "Событие: Библиотека",
    "FLAVOR": "Вы находите богато украшенное здание, которое кажется заброшенным.",
    "DESCRIPTIONS": [
      "Босс получил дополнительную синергичную карту."
    ]
  },
  "downfall:Mausoleum": {
    "NAME": "Событие: Мавзолей",
    "FLAVOR": "Вы не можете разобрать надписи на гробу, но замечаете чёрный туман, сочащийся из щелей.",
    "DESCRIPTIONS": [
      "Босс получил проклятие Мука и дополнительную реликвию."
    ]
  },
  "downfall:Nest": {
    "NAME": "Событие: Гнездо",
    "FLAVOR": "КАР КАР КААААРРР!",
    "DESCRIPTIONS": [
      "Босс получил Ритуальный кинжал."
    ]
  },
  "downfall:Colosseum": {
    "NAME": "Событие: Колизей",
    "FLAVOR": "МЫ НАЧИНАЕМ БИТВУ!!!!",
    "DESCRIPTIONS": [
      "Босс завершил событие в Колизее, получив две дополнительные реликвии."
    ]
  },
  "downfall:PleadingVagrant": {
    "NAME": "Событие: Умоляющий бродяга",
    "FLAVOR": "Есть что-нибудь для меня, друг? Пожалуйста... может, #yмонетку?",
    "DESCRIPTIONS": [
      "Босс ограбил бродяг, получив проклятие Стыд и "
    ]
  },
  "downfall:Mushroom": {
    "NAME": "Событие: Грибы",
    "FLAVOR": "Вы входите в коридор, полный гипнотизирующих цветных грибов.",
    "DESCRIPTIONS": [
      "Босс исцелился до максимума и получил проклятие Паразит.",
      "Босс получил реликвию Странный гриб, но начал бой с неполным здоровьем."
    ]
  },
  "downfall:ShiningLight": {
    "NAME": "Событие: Сияющий свет",
    "FLAVOR": "Вы находите мерцающую массу света, заполняющую центр комнаты.",
    "DESCRIPTIONS": [
      "Босс улучшил ",
      " и ",
      ", но начал бой с неполным здоровьем."
    ]
  },
  "downfall:ScrapOoze": {
    "NAME": "Событие: Слизень-мусорщик",
    "FLAVOR": "Перед вами слизеподобное существо, съевшее слишком много мусора.",
    "DESCRIPTIONS": [
      "Босс получил дополнительную реликвию."
    ]
  },
  "downfall:GoldenIdolEvent": {
    "NAME": "Событие: Золотой идол",
    "FLAVOR": "На вершине алтаря стоит искусная женская статуя с распростёртыми руками. NL Она взывает к тебе, требуя жертвы.",
    "DESCRIPTIONS": [
      "Босс взял Золотого идола, получил проклятие Травма и использовал дополнительное золото для покупки "
    ]
  },
  "downfall:FaceTrader": {
    "NAME": "Событие: Торговец лицами",
    "FLAVOR": "Лицо. Дай потрогать? Может, обменяемся?",
    "DESCRIPTIONS": [
      "Босс получил случайную лицевую реликвию."
    ]
  },
  "downfall:OminousForge": {
    "NAME": "Событие: Зловещая кузница",
    "FLAVOR": "ДЗЫНЬ! ДЗЫ-Ы-ЫНЬ! ДЗЫНЬ!",
    "DESCRIPTIONS": [
      "Босс получил Кривые щипцы и проклятие Боль."
    ]
  },
  "downfall:Purifier": {
    "NAME": "Событие: Очиститель",
    "FLAVOR": "Перед вами искусно сделанный алтарь, посвящённый забытому духу.",
    "DESCRIPTIONS": [
      " была удалена из колоды."
    ]
  },
  "downfall:MatchAndKeep": {
    "NAME": "Событие: Найди пару и забери",
    "FLAVOR": "Двенадцать карт! Найди пары и забери их! Пять попыток, без переигровок. Готов? Начнём!",
    "DESCRIPTIONS": [
      "Босс успешно нашёл пару и получил мощную карту."
    ]
  },
  "downfall:Transmogrifier": {
    "NAME": "Событие: Преобразователь",
    "FLAVOR": "Перед вами искусно сделанный алтарь, посвящённый забытому духу.",
    "DESCRIPTIONS": [
      "Босс преобразовал стартовую карту в новую."
    ]
  },
  "downfall:TombRedMask": {
    "NAME": "Событие: Гробница лорда Красной маски",
    "FLAVOR": "На другой стороне парящего пути видна богато украшенная гробница.",
    "DESCRIPTIONS": [
      "Босс получил реликвию Красная маска."
    ]
  },
  "downfall:UpgradeShrine": {
    "NAME": "Событие: Алтарь улучшения",
    "FLAVOR": "Перед вами искусно сделанный алтарь, посвящённый забытому духу.",
    "DESCRIPTIONS": [
      "Босс #yулучшил карту в Алтаре улучшения."
    ]
  },
  "downfall:WeMeetAgain": {
    "NAME": "Событие: Снова встретились",
    "FLAVOR": "Это я, #yРанвид! Есть сегодня что-нибудь для меня? Как обычно? Такой парень, как я, не может справиться в одиночку, понимаешь?",
    "DESCRIPTIONS": [
      "Золото было обменяно Ранвиду на дополнительную реликвию."
    ]
  },
  "downfall:GoldenShrine": {
    "NAME": "Событие: Золотое святилище",
    "FLAVOR": "Перед вами искусно сделанный алтарь, посвящённый древнему духу.",
    "DESCRIPTIONS": [
      "Босс получил проклятие Сожаление в обмен на золото и использовал это золото для покупки "
    ]
  },
  "downfall:GremlinSack": {
    "NAME": "Мешок гремлина",
    "FLAVOR": "Гремлин и его телохранитель были тебе не ровня.",
    "DESCRIPTIONS": [
      "При получении добавляет следующие карты в колоду: NL ",
      "При получении добавляет #b6 карт в колоду из игры на совпадение.",
      "#g(Стартовая) ",
      "#g(Обычная) ",
      "#b(Необычная) ",
      "#y(Редкая) ",
      "#b(Бесцветная) ",
      "#r(Проклятие) "
    ]
  },
  "downfall:GremlinWheel": {
    "NAME": "Колесо перемен",
    "FLAVOR": "Никто не получает второго шанса, — говорит он.",
    "DESCRIPTIONS": [
      "На каждой стоянке вы можете один раз крутить колесо. Решение забрать награду расходует эту реликвию.",
      "Эта реликвия использована."
    ]
  },
  "downfall:CloakOfManyFaces": {
    "NAME": "Плащ многих лиц",
    "FLAVOR": "Это были Стив, и Билл, и Ян, и Фред, и Джон...",
    "DESCRIPTIONS": [
      "При получении даёт Головной убор культиста, Лицо клирика, Голодное лицо Н'лота, Лик гремлина и Голову з-з-змея."
    ]
  },
  "downfall:BrokenWingStatue": {
    "NAME": "Сломанная статуя крыла",
    "FLAVOR": "Сломанный кусок некогда великолепной статуи.",
    "DESCRIPTIONS": [
      "Культисты, поклоняющиеся Пробуждённому, заинтересуются этим...",
      "В начале каждого боя, если враги из группы Культистов, они заберут эту реликвию и сбегут из боя."
    ]
  },
  "downfall:ShatteredFragment": {
    "NAME": "Заострённый осколок",
    "FLAVOR": "Когда-то часть разбитой статуи — теперь импровизированное оружие.",
    "DESCRIPTIONS": [
      "В боях с Элитой и Боссами, каждый раз, когда вы разыгрываете #yТалант, получаете #b",
      " #yСилы."
    ]
  },
  "downfall:RedIOU": {
    "NAME": "Контракт бандитов",
    "FLAVOR": "Соглашение с тремя бандитами — частично в обмен на безделушку, но в основном в обмен на их жизни.",
    "DESCRIPTIONS": [
      "В начале #b3-го боя с Боссом вам помогут Бандиты Красной маски.",
      "За работу, парни!",
      "Взять его, Медведь!",
      "Уговор есть уговор. NL Мы закончили.",
      "Да здравствует новый NL ~Лорд~ ~Красной~ ~маски!~",
      "Удачи, босс!"
    ]
  },
  "downfall:RedIOUUpgrade": {
    "NAME": "Контракт бандитов+",
    "FLAVOR": "Соглашение с тремя бандитами — частично в обмен на безделушку, но в основном в обмен на их жизни.",
    "DESCRIPTIONS": [
      "В начале #b3-го боя с Боссом вам помогут Бандиты Красной маски."
    ]
  },
  "downfall:KnowingSkull": {
    "NAME": "Всеведущий череп",
    "FLAVOR": "Поставь меня на место!",
    "DESCRIPTIONS": [
      "В начале каждого боя вы можете пожелать Души, Зелья или Бесцветную карту ценой ОЗ."
    ]
  },
  "downfall:HeartBlessingRed": {
    "NAME": "Рубиновое благословение Сердца",
    "FLAVOR": "Сердце сильно.",
    "DESCRIPTIONS": [
      "Начинайте бои с Боссами с #b1 #yСилы."
    ]
  },
  "downfall:HeartBlessingBlue": {
    "NAME": "Сапфировое благословение Сердца",
    "FLAVOR": "Сердце довольно.",
    "DESCRIPTIONS": [
      "В начале боёв с Боссами восстанавливаете #b10 ОЗ."
    ]
  },
  "downfall:HeartBlessingGreen": {
    "NAME": "Изумрудное благословение Сердца",
    "FLAVOR": "Сердце — это всё.",
    "DESCRIPTIONS": [
      "Начинайте бои с Боссами с #b1 #yЛовкости."
    ]
  },
  "downfall:BurdenOfKnowledge": {
    "NAME": "Бремя знания",
    "FLAVOR": "Правда ранит.",
    "DESCRIPTIONS": [
      "При получении #rтеряете #rВСЕ #rБлагословения #rСердца и #b20 Макс. ОЗ. Навсегда #yУлучшаете #rВСЕ #rкарты #rВЕЗДЕ. Начинаете бои с #b2 меньшей #yСилой и #yЛовкостью."
    ]
  },
  "downfall:TeleportStone": {
    "NAME": "Камень телепортации",
    "FLAVOR": "Никогда не выходи из дома без него.",
    "DESCRIPTIONS": [
      "Вы можете пропустить любое количество комнат при следующем перемещении, но не можете войти в комнату с Боссом.",
      "",
      "Эта реликвия использована."
    ]
  },
  "downfall:HeartsMalice": {
    "NAME": "Злоба Сердца",
    "FLAVOR": "Злоба порчи, дарованная Сердцем.",
    "DESCRIPTIONS": [
      "Враги в первых #b3 боях сбегут в ужасе.",
      "Эта реликвия использована."
    ]
  },
  "downfall:Hecktoplasm": {
    "NAME": "Гектоплазма",
    "FLAVOR": "Этот сгусток слизи, кажется, пульсирует энергией сотен душ. Неудивительно, что никто его не хотел.",
    "DESCRIPTIONS": [
      "Получайте [E] в начале хода. Вы больше не можете получать #yДуши. Создание Ключей не требует #yДуш.",
      "Гектоплазма"
    ]
  },
  "downfall:BlackCandle": {
    "NAME": "Чёрная свеча",
    "FLAVOR": "Пламя горит ещё ярче во тьме.",
    "DESCRIPTIONS": [
      "#yНеиграбельные #rПроклятия теперь можно разыгрывать, а играбельные #rПроклятия стоят #b0. Каждый раз, разыгрывая #yНеиграбельное или #rПроклятие со скидкой, #yСжигайте его и теряйте #b1 ОЗ.",
      "Чёрная свеча"
    ]
  },
  "downfall:replacements": {
    "NAME": "",
    "FLAVOR": "",
    "DESCRIPTIONS": [
      "В боях с Торговцем, Боссами и Элитой получайте [E] в начале хода.",
      "Проклятая монета",
      "Немногие из ныне живущих знают истинную цену этой старой монеты...",
      "Карта СЦБ",
      "Воистину, ты для Сердца СЦБ: Самый Ценный Босс.",
      "Порча Сердца не знает границ — даже для любимых питомцев.",
      "Испорченный курьер",
      "Сердце пополняет карты, реликвии и зелья. Все цены снижены на #b20%.",
      "Экраны наград теперь содержат Бесцветные карты и карты цветов Героев.",
      "Получайте [E] в начале хода. Вы больше не можете получать #yДуши. Создание Ключей не требует #yДуш."
    ]
  },
  "downfall:LizardTail": {
    "NAME": "Супер-хвост ящерицы",
    "FLAVOR": "Фальшивый хвост, чтобы обманывать врагов в бою.",
    "DESCRIPTIONS": [
      "Если вы должны умереть, вместо этого исцелитесь до #b100% Макс. ОЗ (срабатывает один раз)."
    ]
  },
  "downfall:TestRelic": {
    "NAME": "Тестер VFX",
    "FLAVOR": "Когда индекс выходит за пределы, ты сделал это.",
    "DESCRIPTIONS": [
      "#pПравый #pклик: Разыграть следующую карту."
    ]
  },
  "downfall:ExtraCursedKey": {
    "NAME": "Особый проклятый ключ",
    "FLAVOR": "Заперто не просто так.",
    "DESCRIPTIONS": [
      "Получайте [E] первый раз, когда вы берёте #rПроклятие в ход. NL Всякий раз, открывая сундук (не Босса), получайте #rТравму."
    ]
  },
  "downfall:ExtraCursedBell": {
    "NAME": "Особый проклятый колокол",
    "FLAVOR": "Кажется, вы слышите эхо, но никогда не можете быть уверены.",
    "DESCRIPTIONS": [
      "При получении даёт уникальное #rПроклятие и #b3 обычные реликвии.",
      "Колокол звонит дважды...",
      "Пропустить награды",
      "Закрыть"
    ]
  },
  "downfall:BustedCrownGagText": {
    "NAME": "Сломанная корона",
    "FLAVOR": "Подражание — самая искренняя форма лести... или нет? Она даже не особо похожа на твою корону. На самом деле это очень оскорбительно.",
    "DESCRIPTIONS": [
      "Получайте [E] в начале хода. В будущих наградах за карты будет на 2 карты меньше для выбора."
    ]
  }
}