{
  "downfall:WorldOfGoo": {
    "NAME": "Мир слизи",
    "DESCRIPTION": "Каждый раз, когда вы получаете неблокируемый урон, добавляет карту «В слизи» в вашу стопку сброса."
  },
  "downfall:Hexed": {
    "NAME": "Проклятый",
    "DESCRIPTION": "Начинаете с «Бархатным ошейником». Когда вы берёте карту, она становится Эфирной."
  },
  "downfall:Improvised": {
    "NAME": "Импровизация",
    "DESCRIPTION": "Начинаете с 10 Неизвестными картами."
  },
  "downfall:Jewelcrafting": {
    "NAME": "Ювелирное дело",
    "DESCRIPTION": "Начинаете с двумя копиями «Использовать самоцвет» и «Киркой рапсодии»."
  },
  "downfall:EvilRun": {
    "NAME": "Злой забег",
    "DESCRIPTION": "Включает контент Evil Run."
  },
  "downfall:ExchangeController": {
    "NAME": "Благословенно",
    "DESCRIPTION": "Начинаете с «Благословением Ньяу»."
  },
  "downfall:Lament": {
    "NAME": "Скорбь",
    "DESCRIPTION": "Начинаете со «Скорбью Ньяу»."
  },
  "downfall:ChampStances": {
    "NAME": "Новый претендент",
    "DESCRIPTION": "Начинаете каждый бой в случайной стойке Чемпиона и получаете «Добивающий удар». Все стартовые карты получают Технику."
  },
  "downfall:Enraging": {
    "NAME": "Последний рубеж",
    "DESCRIPTION": "Когда у врага остаётся 50% ОЗ, в свой следующий ход он получает Силу и снимает ослабления."
  },
  "downfall:Analytical": {
    "NAME": "Аналитический",
    "DESCRIPTION": "В начале каждого хода получаете случайную карту с Кодированием и даёте ей Эфирность. Базовые Удары и Обороны получают Кодирование."
  },
  "downfall:StatusAbuse": {
    "NAME": "Заражённый",
    "DESCRIPTION": "Начинаете с «Самодельной батареей», «Шайбами Дону», «Шайбами Деки», «Аптечкой» и «Бронзовым идолом». Все остальные реликвии заменяются на «Обручи»."
  },
  "downfall:TooManyShivs": {
    "NAME": "Слишком много заточек",
    "DESCRIPTION": "Начинаете с «Бархатным ошейником», «Эссенцией Бездны» и 10 «Заточками»."
  },
  "downfall:Wizzardry": {
    "NAME": "Волшебство",
    "DESCRIPTION": "Начинаете с «Шляпой волшебника», «Посохом волшебника» и улучшенной копией «Волшебства»."
  },
  "downfall:TransformRewards": {
    "NAME": "Преобразованный",
    "DESCRIPTION": "Все награды за карты заменяются на «Преобразовать карту»."
  }
}