{
  "downfall:EvilMenuPanel": {
    "TEXT": [
      "Downfall",
      "Защищайте Сердце от искателей приключений, намеревающихся уничтожить Шпиль.",
      "Выберите злодея",
      "Кампания"
    ]
  },
  "downfall:SoulToGoldChanges": {
    "TEXT": [
      "Души",
      "Показывает, сколько душ вы несёте. Души можно отдавать Сердцу в обмен на награды.",
      "Статус торговца",
      "ОЗ",
      "Мёртв!",
      "Сила",
      "Душ украдено",
      "Гибель"
    ]
  },
  "downfall:BustKeyButton": {
    "TEXT": [
      "Разбить Рубин",
      "Разбить Сапфир",
      "Разбить Изумруд",
      "(Бесплатное действие) Потратить ",
      " обычных карт, чтобы получить.",
      " необычных карт, чтобы получить.",
      " редких карт, чтобы получить.",
      "Ключ разбит!",
      "Требуется ",
      " душ.",
      "(Бесплатное действие) Уничтожить ключ, чтобы ",
      " душ: Выберите до ",
      " из ",
      " Улучшить будущие разбития ключей."
    ]
  },
  "downfall:BustKeyButtonBackupForTranslators": {
    "TEXT": [
      "Разбить Рубиновый ключ",
      "Разбить Сапфировый ключ",
      "Разбить Изумрудный ключ",
      "(Бесплатное действие) Потратьте 50 душ: Разбейте ключ и ",
      "получите #b1 #yСилы в начале боёв с Боссами.",
      "получите #b10 #yВременного #yОЗ в начале боёв с Боссами.",
      "получите #b1 #yЛовкости в начале боёв с Боссами.",
      "Ключ уже разбит!",
      "Требуется ",
      " душ.",
      "(Бесплатное действие) Уничтожьте ключ, чтобы ",
      "Душ: Уничтожить ключ, чтобы "
    ]
  },
  "downfall:WheelSpinButton": {
    "TEXT": [
      "Крутить колесо",
      "(Бесплатное действие) Крутить колесо.",
      "Нельзя крутить снова."
    ]
  },
  "downfall:AscensionText": {
    "TEXT": [
      "19. У боссов на одну реликвию больше.",
      "20. У босса Акта 3 есть Хвост ящерицы, который восстанавливает всё ОЗ.",
      "Получите Рубиновый ключ. Разбейте его позже.",
      "4. У боссов есть одна дополнительная улучшенная карта."
    ]
  },
  "downfall:ConfigMenuText": {
    "TEXT": [
      "Разрешить появление общих реликвий из персонажей Downfall в стандартных забегах.",
      "Разрешить появление общих зелий из Downfall в стандартных забегах.",
      "Разрешить появление общих событий из Downfall в стандартных забегах.",
      "Разрешить появление карт Боссов из Downfall в стандартных забегах.",
      "Разрешить стандартным персонажам проходить забеги Downfall, а злодеям — стандартные забеги.",
      "Разрешить модифицированным персонажам проходить забеги Downfall.",
      "Разрешить появление карт Проклятий из Downfall в стандартных забегах.",
      "В забегах Downfall используется традиционная карта — лагерь перед боссом, а не в начале.",
      "Разблокировать все закрытые карты и реликвии для персонажей Downfall (требуется перезапуск игры)",
      "Отключить помощника по стойкам Чемпиона — для опытных Чемпионов",
      "Запретить Snecko использовать карты из других модов.",
      "Отключить замену музыки (требуется перезапуск игры)",
      "Разблокировать все закрытые альтернативные скины для персонажей Downfall",
      "Использовать значки вместо добавления текста к картам для применяемых свойств.",
      "Книга заклинаний подсвечивает следующую карту, которую вытянет Призыв.",
      "Без изменений Downfall для оригинальных карт и реликвий (требуется перезапуск игры)",
      "Использовать старых боссов Downfall (до версии 6.0)"
    ]
  },
  "downfall:EnergyPanelTip": {
    "TEXT": [
      "Текущее количество энергии врага. Карты требуют энергию для разыгрывания."
    ],
    "EXTRA_TEXT": [
      "Энергия"
    ]
  },
  "downfall:RemoveCardReward": {
    "TEXT": [
      "Удалить карту из колоды",
      "Выберите карту для удаления"
    ]
  },
  "downfall:TransformCardReward": {
    "TEXT": [
      "Преобразовать карту в колоде",
      "Выберите карту для преобразования"
    ]
  },
  "downfall:UpgradeCardReward": {
    "TEXT": [
      "Улучшить карту в колоде",
      "Выберите карту для улучшения"
    ]
  },
  "downfall:BossRelicReward": {
    "TEXT": [
      "Выберите 1 из 3 реликвий Босса, чтобы получить.",
      "Получить ",
      ".",
      "Выберите реликвию... вроде как"
    ]
  },
  "downfall:EtherealMod": {
    "TEXT": [
      "Эфирная. NL "
    ]
  },
  "downfall:JaxReward": {
    "TEXT": [
      "Найден К.А.Ч.!"
    ]
  },
  "downfall:RareCardReward": {
    "TEXT": [
      "Добавить Редкую карту в колоду."
    ]
  },
  "downfall:OctoChoiceAction": {
    "TEXT": [
      "Выберите вариант.",
      "Вы не должны этого видеть. Упс"
    ]
  },
  "downfall:BossCardReward": {
    "TEXT": [
      "Добавить карту Босса в колоду",
      "Выберите карту."
    ]
  },
  "downfall:ColorfulCardReward": {
    "TEXT": [
      "Добавить ",
      " карту в колоду",
      "Выберите карту."
    ]
  },
  "downfall:ColorfulUncommonCardReward": {
    "TEXT": [
      "Добавить ",
      " карту в колоду",
      "Выберите карту."
    ]
  },
  "downfall:ColorfulRareCardReward": {
    "TEXT": [
      "Добавить ",
      " карту в колоду",
      "Выберите карту."
    ]
  },
  "downfall:DiceRollPotionReward": {
    "TEXT": [
      "Добавить улучшенную карту ",
      "в колоду.",
      "Выберите карту."
    ]
  },
  "downfall:ColorfulPowersCardReward": {
    "TEXT": [
      "Добавить улучшенный Талант ",
      "в колоду.",
      "Выберите карту."
    ]
  },
  "downfall:RunHistoryMonsterNames": {
    "TEXT": [
      "Головы Живой стены",
      "Железнорождённый",
      "Безмолвная",
      "Дефект",
      "Созерцательница",
      "Торговец",
      "Отшельник"
    ]
  },
  "downfall:WhaleHunter": {
    "TEXT": [
      "Охотник на кита",
      "Цикл завершён."
    ]
  },
  "downfall:Unfettered": {
    "TEXT": [
      "Освобождённый",
      "Получена Сломанная печать."
    ]
  },
  "downfall:SingleCardViewPopup": {
    "TEXT": [
      "Боезапас"
    ]
  },
  "downfall:MainMenuAd": {
    "TEXT": [
      "Хотите больше?",
      "Множество других модов, включая",
      "Downfall, доступны для оригинальной",
      "Slay the Spire в",
      "Мастерской Steam.",
      "Нажмите сюда, чтобы узнать как!"
    ]
  },
  "downfall:CantEscapeGauntlet": {
    "TEXT": [
      "Я в смятении."
    ],
    "Translator note": "Это появляется, когда вы пытаетесь сбежать из боя с испытанием, где всё ещё живы более 1 героя, так что вы в меньшинстве и не можете сбежать."
  }
}