[
  {
    "PROPER_NAME": "Активный",
    "NAMES": [
      "активный",
	  "активен",
	  "активного",
	  "текущий"
    ],
    "DESCRIPTION": "Текущий (активный) Огонёк может быть #yЗажжён, при выполнении указанных условий."
  },
  {
    "PROPER_NAME": "Продвижение",
    "NAMES": [
      "продвижение",
	  "продвижении",
	  "продвигает",
      "продвигаете",
	  "продвигается",
      "продвигаетесь"
    ],
    "DESCRIPTION": "Вы переходите к след. Огоньку и #yТушите его, если был #yЗажжён, или в конце вашего хода. Вы также переходите к след. Огоньку в конце вашего хода."
  },
  {
    "PROPER_NAME": "Откат",
    "NAMES": [
      "откат",
	  "откате",
	  "отката",
      "откатываете"
    ],
    "DESCRIPTION": "Вы переходите к предыдущему Огоньку и #yТушите его, если был #yЗажжён."
  },
  {
    "PROPER_NAME": "Интенсивность",
    "NAMES": [
      "интенсивность",
	  "интенсивности"
    ],
    "DESCRIPTION": "Интенсивность увеличивает кол-во урона, #yОжога #yдуши и #yЗащиты, накладываемых Огоньками при #yЗажигании."
  },
  {
    "PROPER_NAME": "Ожог души",
    "NAMES": [
	  "soulburn",
	  "soulburned",
	  "ожог_души",
	  "ожог",
	  "ожога",
	  "ожога_души"
    ],
    "DESCRIPTION": "Через #b3 хода, враг теряет ОЗ равное кол-ву, наложенного на него, #yОжога #yдуши, снимая этот эффект."
  },
  {
    "PROPER_NAME": "Тушение",
    "NAMES": [
      "тушит",
	  "тушите",
	  "потушите",
      "тушится" 
    ],
    "DESCRIPTION": "Даёт возможность #yЗажечь Огонёк ещё раз, сбраcывая условия для его #yЗажжения."
  },
  {
    "PROPER_NAME": "Зажигание",
    "NAMES": [
	  "ignite",
	  "force-ignite",
      "зажигает",
	  "зажигаете",
      "зажигается",
	  "зажгите",
	  "зажжёте",
      "зажжёный",
      "зажжён",
	  "зажжётся",
      "зажигаются", 
      "зажжение" 
    ],
    "DESCRIPTION": "Срабатывает эффект Зажжения (описанный при наводе на Огонёк)."
  },
  {
    "PROPER_NAME": "Печать",
    "NAMES": [
      "печать"
    ],
    "DESCRIPTION": "Если все #b6 различных Печатей были сыграны в этом бою, вы получаете #pСломанную #pПечать и удаляете из колоды все остальные #yПечати."
  },
  {
    "PROPER_NAME": "Посмертие",
    "NAMES": [
      "посмертие",
	  "посмертием"
    ],
    "DESCRIPTION": "Если эта карта #yСжигается, её эффект срабатывает."
  },
  {
    "PROPER_NAME": "Сокрушающий",
    "NAMES": [
      "сокрушающий"
    ],
    "DESCRIPTION": "#yОгонёк. #yЗажигается, когда #b2 #yНавыка были сыграны, пока #yОгонёк #yАктивен. #yЗажигание: наносит #b3 урона случ. врагу дважды."
  },
  {
    "PROPER_NAME": "Укрепляющий",
    "NAMES": [
      "укрепляющий", 
      "укрепляющего" 
    ],
    "DESCRIPTION": "#yОгонёк. #yЗажигается, когда #yТалант был сыгран, пока #yОгонёк #yАктивенй. #yЗажигание: даёт #b4 #yЗащиты и #b1 #yСилы."
  },
  {
    "PROPER_NAME": "Обжигающий",
    "NAMES": [
      "обжигающий", 
      "обжигающего" 
    ],
    "DESCRIPTION": "#yОгонёк. #yЗажигается, когда #b2 #yАтаки были сыграны, пока #yОгонёк #yАктивен. #yЗажигание: накладывает #b4 #yОжога #yдуши на случ. врага."
  }
]
