{
  "bronze:ShapeFactory": {
    "NAME": "Фабрика дронов",
    "DESCRIPTIONS": [
      "Вы натыкаетесь на одну из неработающих фабрик Преддверия по производству дронов. Удивительно, но панель управления всё ещё в рабочем состоянии. Запустив и разобрав некоторых из этих машиноподобных существ, вы сможете унаследовать часть их оружия.",
      "Ни один из этих дронов не имеет того, что могло бы вам пригодиться."
    ],
    "OPTIONS": [
      "[Сразиться с Шипастым] #gПолучить карту #g«Шип».",
      "[Сразиться с Оглушителем] #gПолучить карту #g«Оглушающий #gимпульс».",
      "[Сразиться с Взрывателем] #gПолучить карту #g«Взорвать».",
      "[Уйти]",
      "[Начать бой]",
      "[Также сразиться с Шипастым] #gПолучить карту #g«Шип».",
      "[Также сразиться с Оглушителем] #gПолучить карту #g«Оглушающий #gимпульс».",
      "[Также сразиться с Взрывателем] #gПолучить карту #g«Взорвать»."
    ]
  },
  "bronze:AncientFactory": {
    "NAME": "Древняя фабрика",
    "DESCRIPTIONS": [
      "Продолжая неутомимый спуск, вы натыкаетесь на место своего ~создания.~ Вы помните, как вас собирали здесь по частям, как вы впервые встретили своего ~творца.~ NL Каждая созданная ими древняя конструкция была такой же #yидеальной, как и вы. Детали со старых прототипов могут быть полезны, но для их использования потребуется активация прототипов.",
      "Даже будучи незавершёнными прототипами, они всё ещё могут быть опасны — не стоит рисковать лишний раз."
    ],
    "OPTIONS": [
      "[Сразиться с прототипом Дону] #gПолучить карту #g«Прото-луч».",
      "[Сразиться с прототипом Деки] #gПолучить карту #g«Прото-щит».",
      "[Сразиться с обоими] #gПолучить #gобе #gкарты.",
      "[Уйти]"
    ]
  },
  "bronze:BackToBasics": {
    "NAME": "Возвращение к основам",
    "DESCRIPTIONS": [
      "Нет силы без единства."
    ],
    "OPTIONS": [
      "[Единство] Добавить #gЗапись всем картам #g«Удар» и #g«Оборона».",
      "[Закрыто] Требуется Удар или Оборона."
    ]
  },
  "bronze:AccursedBlacksmith": {
    "NAME": "Проклятая кузница",
    "DESCRIPTIONS": [
      "Вы решаете воспользоваться кузницей и... NL #y@ДЗЫНЬ@ #y@ДЗЫ-Ы-ЫНЬ@ #y@ДЗЫНЬ!@ NL ...усиливаете свой арсенал новыми улучшениями и сервоприводами."
    ],
    "OPTIONS": [
      "[Подправить] #gУлучшить #g3 #gслучайные #gкарты #gс #gЗаписью.",
      "[Закрыто] Требуются улучшаемые карты с Записью."
    ]
  },
  "bronze:CrystalForge": {
    "NAME": "Хрустальная кузница",
    "DESCRIPTIONS": [
      "По тайным путям, известным лишь Конструктам Шпиля, вы входите в отсек обслуживания и ремонта моделей Автоматонов. Инструменты здесь явно могут быть вам полезны.",
      "С помощью волшебных щипцов вы осторожно внедряете орудие прямо в своё ядро. #y@Бзззы!@ Всё-таки программировать самого себя не так просто, как казалось.",
      "Используя зачарованную наковальню, вы разбиваете вдребезги драгоценное оборудование, чтобы перековать его в сгусток чистой энергии. Оно... ~сливается~ ~с~ ~вашей~ ~формой,~ наполняя вас теплом и силой.",
      "Способность кузницы к преобразованию срабатывает сразу же, как только вы жертвуете ненужную часть экипировки. Спустя мгновение вещь растворяется и превращается в новое усиление для ваших доспехов.",
      "Вы уходите тем же тайным путём, оставляя Хрустальную кузницу позади. Ваше путешествие продолжается — к Рассвету, ожидающему на вершине Шпиля.",
      "Выберите карту для удаления."
    ],
    "OPTIONS": [
      "[Смастерить] #gПолучить #gЗапечатанный #gкод. #rПотерять #r10 #rМакс. #rОЗ.",
      "[Преобразовать] #rУдалить #rкарту. #gПолучить #gслучайную #gкарту #gс #gЗаписью.",
      "[Перековать] #rУдалить #yРедкую #rкарту. #gПолучить #g10 #gМакс. #gОЗ #gи #gполностью #gисцелиться.",
      "[Закрыто] Уже использовано.",
      "[Уйти]",
      "[Закрыто] Требуется карта с Записью.",
      "[Закрыто] Требуется Редкая карта.",
      "Выберите карту для удаления."
    ]
  }
}