[
  {
    "PROPER_NAME": "Запись",
    "NAMES": [
      "запись",
      "записывает",
      "записывается",
      "записываете",
      "записываемая",
      "записываемый",
      "записываемые",
      "записанные",
      "записанных",
      "записана",
      "записаны",
      "записи",
      "записью",
      "encode",
      "encoded"
    ],
    "DESCRIPTION": "Записывает карту. NL Когда #b3 карты записаны, их эффекты (кроме Записи) объединяются в #yФункцию стоимостью #b1."
  },
  {
    "PROPER_NAME": "Компиляция",
    "NAMES": [
      "компиляция",
      "компиляции",
      "компиляцию",
      "компиляций",
      "скомпилируется",
      "скомпилированные",
      "compile",
      "compiled"
    ],
    "DESCRIPTION": "Эффект, срабатывающий, когда эта карта объединяется в #yФункцию. NL Может быть отрицательным эффектом — в таком случае это называется #yОшибкой."
  },
  {
    "PROPER_NAME": "Ошибка",
    "NAMES": [
      "ошибка",
      "ошибки",
      "ошибку",
      "ошибкой",
      "баг",
      "бага",
      "баги",
      "багом",
      "error"
    ],
    "DESCRIPTION": "Отрицательный эффект #yКомпиляции, срабатывающий, когда эта карта находится в #yКоде."
  },
  {
    "PROPER_NAME": "Функция",
    "NAMES": [
      "функция",
      "функции",
      "функцию",
      "функций",
      "функцией",
      "function"
    ],
    "DESCRIPTION": "Карта, объединяющая эффекты 3 карт из #yКода. Добавляется в руку после #yКомпиляции со стоимостью #b1."
  },
  {
    "PROPER_NAME": "Код",
    "NAMES": [
      "код",
      "кода",
      "коде",
      "коду"
    ],
    "DESCRIPTION": "Особая зона, где хранятся #yЗаписанные карты до объединения в #yФункцию."
  },
  {
    "PROPER_NAME": "Неуловимость",
    "NAMES": [
      "неуловимость",
      "неуловимости",
      "blur"
    ],
    "DESCRIPTION": "Защита не снимается в конце хода."
  },
  {
    "PROPER_NAME": "Вставка",
    "NAMES": [
      "вставка",
      "вставляет",
      "вставляете",
      "insert"
    ],
    "DESCRIPTION": "Замешивает карту в стопку добора."
  },
  {
    "PROPER_NAME": "Зацикливание",
    "NAMES": [
      "цикл",
      "цикла",
      "цикле",
      "зацикливаете",
      "зацикливает",
      "зациклить",
      "cycle"
    ],
    "DESCRIPTION": "Сбрасывает карту и берёт новую взамен."
  },
  {
    "PROPER_NAME": "Извлечение",
    "NAMES": [
      "извлечение",
      "извлекает",
      "извлекаете",
      "извлеките"
    ],
    "DESCRIPTION": "Выберите карту из стопки добора или сброса и положите её в руку."
  }
]