{
  "bronze:FreeFunctionsPotion": {
    "NAME": "Машинное масло",
    "DESCRIPTIONS": [
      "Увеличивает все числа на #yЗаписанных картах на #b",
      ", кроме стоимости."
    ]
  },
  "bronze:CleanCodePotion": {
    "NAME": "Алхимический эликсир",
    "DESCRIPTIONS": [
      "Удаляет все эффекты #yКомпиляции #yОшибки из следующей созданной #yФункции. Она стоит #b0, пока не разыграна.",
      "Удаляет все эффекты #yКомпиляции #yОшибки из следующих #b",
      " созданных #yФункций. Они стоят #b0, пока не разыграны."
    ]
  },
  "bronze:BurnAndBuffPotion": {
    "NAME": "Дразнящий напиток",
    "DESCRIPTIONS": [
      "Даёт #b",
      " #yСилы и #b",
      " #yЛовкости. NL Добавляет два *Ожога+ в стопку сброса."
    ]
  },
  "bronze:BuildAFunctionPotion": {
    "NAME": "Хитроумное варево Кио",
    "DESCRIPTIONS": [
      "Выберите #b1 из #b3 случайных карт для #yЗаписи. Повторяйте, пока не создадите #yФункцию.",
      "Выберите #b1 из #b3 случайных карт для #yЗаписи. Повторяйте, пока не создадите #yФункцию, и получите #b",
      " её копию.",
      " её копии."
    ]
  }
}