{
  "bronze:Cloning": {
    "NAME": "Слияние",
    "DESCRIPTIONS": [
      "В следующий раз, когда вы #yЗаписываете карту, #yЗапишите её дополнительную копию.",
      "В следующий раз, когда вы #yЗаписываете карту, #yЗапишите #b",
      " её дополнительных копий."
    ]
  },
  "bronze:Default": {
    "NAME": "Базовый класс",
    "DESCRIPTIONS": [
      "При создании следующей Функции #yЗаписывает копию текущей карты в первый слот.",
      "При создании следующих #b",
      " Функций #yЗаписывает копию текущей карты в первый слот."
    ]
  },
  "bronze:Feature": {
    "NAME": "Не баг, а фича",
    "DESCRIPTIONS": [
      "Каждый раз, когда вы берёте или #yСжигаете #yСтатус, получайте #b",
      " #yЗащиты."
    ]
  },
  "bronze:InfiniteBeams": {
    "NAME": "Нескончаемые лучи",
    "DESCRIPTIONS": [
      "В начале вашего хода получайте #b1 #yМалый #yлуч.",
      "В начале вашего хода получайте #b1 #yМалый #yлуч+.",
      "В начале вашего хода получайте #b",
      " #yМалых #yлуча.",
      "В начале вашего хода получайте #b",
      " #yМалых #yлуча+."
    ]
  },
  "bronze:Optimize": {
    "NAME": "Оптимизация",
    "DESCRIPTIONS": [
      "#yУлучшает следующую #yЗаписываемую карту.",
      "#yУлучшает следующие #b",
      " #yЗаписываемые карты."
    ]
  },
  "bronze:MaxOutput": {
    "NAME": "Разогнанный",
    "DESCRIPTIONS": [
      "Каждый ход берите на #b1 карту больше и добавляйте #b1 #yГоловокружение в стопку добора.",
      "Каждый ход берите на #b",
      " карт больше и добавляйте #b",
      " #yГоловокружений в стопку добора."
    ]
  },
  "bronze:Return": {
    "NAME": "Возвращение",
    "DESCRIPTIONS": [
      "В начале вашего следующего хода получайте [E] и берите #b1 карту.",
      "В начале ваших следующих #b",
      " ходов получайте [E] и берите #b1 карту."
    ]
  },
  "bronze:Library": {
    "NAME": "Библиотека",
    "DESCRIPTIONS": [
      "В начале вашего хода получайте случайную карту с #yЗаписью. Она стоит #b0, пока не разыграна.",
      "В начале вашего хода получайте #b",
      " случайных карт с #yЗаписью. Они стоят #b0, пока не разыграны."
    ]
  },
  "bronze:LibraryMod": {
    "NAME": "Внешняя библиотека",
    "DESCRIPTIONS": [
      "В начале вашего хода получайте случайную карту с #yЗаписью и дайте ей #yЭфирность."
    ]
  },
  "bronze:BronzeHeatsink": {
    "NAME": "Бронзовый радиатор",
    "DESCRIPTIONS": [
      "Каждый раз, когда вы разыгрываете #yФункцию, берите #b1 карту.",
      "Каждый раз, когда вы разыгрываете #yФункцию, берите #b",
      " карты."
    ]
  },
  "bronze:HardenedForm": {
    "NAME": "Призыв сферы",
    "DESCRIPTIONS": [
      "Каждый раз, когда вы создаёте или разыгрываете Функцию, получайте #b",
      " #yЗащиты и наносите #b",
      " урона случайному врагу."
    ]
  },
  "bronze:Hardcode": {
    "NAME": "Хард-код",
    "DESCRIPTIONS": [
      "В следующий раз, когда вы создадите Функцию, она попадёт в колоду вместо руки, удаляя все использованные карты.",
      "В следующие #b",
      " раз, когда вы создадите Функцию, она попадёт в колоду вместо руки, удаляя все использованные карты."
    ]
  },
  "bronze:Verify": {
    "NAME": "Облик сознания",
    "DESCRIPTIONS": [
      "Каждый раз, когда вы берёте Функцию, увеличивайте все её числа на #b1.",
      "Каждый раз, когда вы берёте Функцию, увеличивайте все её числа на #b",
      ", кроме стоимости."
    ]
  },
  "bronze:FreeFunction": {
    "NAME": "Бесплатная функция",
    "DESCRIPTIONS": [
      "Следующая созданная Функция стоит #b0.",
      "Следующие #b",
      " созданные Функции стоят #b0."
    ]
  },
  "bronze:CleanCode": {
    "NAME": "Чистый код",
    "DESCRIPTIONS": [
      "Удаляет все эффекты #yКомпиляции #yОшибки из #yЗаписанных карт. Действует ещё #b1 ход после создания Функции.",
      "Удаляет все эффекты #yКомпиляции #yОшибки из #yЗаписанных карт. Действует ещё #b",
      " хода после создания Функции."
    ]
  },
  "bronze:CopyPaste": {
    "NAME": "Копировать-вставить",
    "DESCRIPTIONS": [
      "Ваша следующая Функция в этом ходу разыгрывается дважды.",
      "Ваши следующие #b",
      " Функции в этом ходу разыгрываются дважды."
    ]
  },
  "bronze:FullRelease": {
    "NAME": "Релиз",
    "DESCRIPTIONS": [
      "В начале вашего хода: NL "
    ]
  },
  "bronze:RemoveNextError": {
    "NAME": "Удаление ошибок",
    "DESCRIPTIONS": [
      "Удаляет следующую #yЗаписанную #yОшибку #yКомпиляции.",
      "Удаляет следующие #b",
      " #yЗаписанные #yОшибки #yКомпиляции."
    ]
  }
}