{
  "bronze:BronzeCore": {
    "NAME": "Бронзовое ядро",
    "FLAVOR": "Заменять каждые 50 000 лет.",
    "DESCRIPTIONS": [
      "Первый раз, когда вы создаёте Функцию в бою, получайте [E]."
    ]
  },
  "bronze:ProtectiveGoggles": {
    "NAME": "Защитные очки",
    "FLAVOR": "Присмотритесь.",
    "DESCRIPTIONS": [
      "Если вы заканчиваете ход без #yЗаписанных карт, получайте #b",
      " #yЗащиты."
    ]
  },
  "bronze:DecasWashers": {
    "NAME": "Шайбы Деки",
    "FLAVOR": "Непонятно, зачем Дека их коллекционирует.",
    "DESCRIPTIONS": [
      "В начале первых #b",
      " ходов каждого боя берите дополнительную карту."
    ]
  },
  "bronze:Timepiece": {
    "NAME": "Морозная грунтовка",
    "FLAVOR": "22 унции химического соединения Ar22, срок годности: 22 года. Лучше хранить в холодильнике из красного дерева.",
    "DESCRIPTIONS": [
      "Все создаваемые вами Функции получают #yСохранение."
    ]
  },
  "bronze:Mallet": {
    "NAME": "Молоток",
    "FLAVOR": "Всё! Я беру свой молоток!",
    "DESCRIPTIONS": [
      "В начале каждого боя добавляет в руку #b2 копии #yТонкой #yнастройки+."
    ]
  },
  "bronze:SilverBullet": {
    "NAME": "Серебряная пуля",
    "FLAVOR": "Шпилеволки давно исчезли.",
    "DESCRIPTIONS": [
      "В начале каждого боя добавляет в руку копию #yПронзающей #yпули. Она стоит #b0."
    ]
  },
  "bronze:MakeshiftBattery": {
    "NAME": "Самодельная батарея",
    "FLAVOR": "Она выдаёт 8,9 вольт.",
    "DESCRIPTIONS": [
      "В начале вашего хода получайте [E] и добавляйте *В *слизи в стопку сброса."
    ]
  },
  "bronze:CableSpool": {
    "NAME": "Катушка для кабеля",
    "FLAVOR": "Запутанно...",
    "DESCRIPTIONS": [
      "#yЗаписывайте копию первой карты с #yЗаписью, сыгранной в каждом бою."
    ]
  },
  "bronze:ElectromagneticCoil": {
    "NAME": "Электромагнитная катушка",
    "FLAVOR": "Неэффективный, но занятный источник энергии.",
    "DESCRIPTIONS": [
      "Функции теперь создаются из #b4 карт."
    ]
  },
  "bronze:PlatinumCore": {
    "NAME": "Платиновое ядро",
    "FLAVOR": "Список изменений: улучшен пользовательский опыт.",
    "DESCRIPTIONS": [
      "Заменяет ",
      ".[] NL Первые #b",
      " созданные в бою Функции стоят #b0, пока не разыграны."
    ]
  },
  "bronze:BottledCode": {
    "NAME": "Код в бутылке",
    "FLAVOR": "Вообще-то у меня есть код как раз для этого...",
    "DESCRIPTIONS": [
      "При получении выберите карту с #yЗаписью. Начинайте каждый бой с этой #yЗаписанной картой.",
      "Выберите карту для ",
      "Начинайте каждый бой с #yЗаписанной ",
      ".",
      "Карта в бутылке #rудалена из вашей колоды, реликвия больше не работает."
    ]
  },
  "bronze:DonusWashers": {
    "NAME": "Шайбы Дону",
    "FLAVOR": "Совершенно ясно, зачем Дону их коллекционирует.",
    "DESCRIPTIONS": [
      "В начале боя получайте [E] [E] и добавляйте #b1 #yБездну в стопку добора."
    ]
  },
  "bronze:BronzeIdol": {
    "NAME": "Бронзовый идол",
    "FLAVOR": "Древний вооружённый антивирус — кто знает, кто и зачем его создал?",
    "DESCRIPTIONS": [
      "#yСтатусы теперь можно разыгрывать ради полезных эффектов."
    ]
  },
  "bronze:AnalyticalCore": {
    "NAME": "Артефакт парадокса",
    "FLAVOR": "Вы никогда не видели такого безумного кодинга.",
    "DESCRIPTIONS": [
      "В начале каждого хода добавляйте в руку случайную карту с #yЗаписью и давайте ей #yЭфирность."
    ]
  }
}