{
  "bronze:SpecificCardReward": {
    "TEXT": [
      "Добавить «",
      "» в колоду",
      "Выберите карту."
    ]
  },
  "bronze:UnplayableMod": {
    "TEXT": [
      "Неиграбельная. NL ",
      "ERR_NULL_PTR",
      "Это сохранено исключительно для Нулевого указателя."
    ]
  },
  "bronze:EncodeAndShuffleMod": {
    "TEXT": [
      " NL bronze:Запись, затем добавление копии в стопку сброса."
    ]
  },
  "bronze:DoublePlayModifier": {
    "TEXT": [
      " NL Разыгрывается ещё раз."
    ]
  },
  "bronze:MiscStrings": {
    "TEXT": [
      "Выберите карту для возврата в руку. Она получает #yСохранение.",
      " — навсегда увеличивает урон #yУдара #yкультиста на #b",
      ".",
      "ОШИБКА: SEQUENCE_EMPTY",
      " — получает копию #yБесконечного #yцикла с уроном на #b",
      " больше.",
      "Мутировать.",
      "Запись.",
      ""
    ]
  },
  "bronze:AutoTextHelper": {
    "TEXT": [
      " NL bronze:Компиляция",
      "bronze:Компиляция",
      " NL bronze:Запись.",
      "bronze:Запись. NL ",
      "\u202F При bronze:Записи",
      "ПРИМЕЧАНИЕ ДЛЯ ЛОКАЛИЗАТОРОВ: Текст выше должен совпадать с началом дополнительной строки описания карты Replicate.",
      "ОШИБКА — NO_DUPE_FULL_RELEASES"
    ]
  },
  "bronze:CompileDisplayPanel": {
    "TEXT": [
      "При компиляции:",
      "bronze:Компиляция"
    ]
  }
}