{
  "Guardian:Strike_Guardian": {
    "NAME": "Удар",
    "DESCRIPTION": "Наносит !D! урона."
  },
  "Guardian:Defend_Guardian": {
    "NAME": "Оборона",
    "DESCRIPTION": "Даёт !B! Защиты."
  },
  "Guardian:Gem_Red": {
    "NAME": "Рубин",
    "DESCRIPTION": "guardianmod:Самоцвет. NL Даёт 2 временной Силы.",
    "UPGRADE_DESCRIPTION": "Даёт 2 временной Силы."
  },
  "Guardian:Gem_Green": {
    "NAME": "Изумруд",
    "DESCRIPTION": "guardianmod:Самоцвет. NL Даёт 2 временной Ловкости.",
    "UPGRADE_DESCRIPTION": "Даёт 2 временной Ловкости."
  },
  "Guardian:Gem_Lightblue": {
    "NAME": "Турмалин",
    "DESCRIPTION": "guardianmod:Самоцвет. NL Даёт 4 временных Шипов.",
    "UPGRADE_DESCRIPTION": "Даёт 4 временных Шипов."
  },
  "Guardian:Gem_White": {
    "NAME": "Опал",
    "DESCRIPTION": "guardianmod:Самоцвет. NL Вы берёте карту.",
    "UPGRADE_DESCRIPTION": "Вы берёте карту."
  },
  "Guardian:Gem_Orange": {
    "NAME": "Цитрин",
    "DESCRIPTION": "guardianmod:Самоцвет. NL Даёт [E].",
    "UPGRADE_DESCRIPTION": "Даёт [E]."
  },
  "Guardian:Gem_Cyan": {
    "NAME": "Аквамарин",
    "DESCRIPTION": "guardianmod:Самоцвет. NL Добавляет в руку *Кристаллическую *защиту.",
    "UPGRADE_DESCRIPTION": "Добавляет в руку *Кристаллическую *защиту."
  },
  "Guardian:ChargeUp": {
    "NAME": "Зарядить",
    "DESCRIPTION": "Даёт !B! Защиты. NL В следующем ходу даёт !M! временной Силы."
  },
  "Guardian:DonusPower": {
    "NAME": "Перегрузка",
    "DESCRIPTION": "Вы берёте !M! карт. NL Уменьшает каждое ваше ослабление на 1.",
    "UPGRADE_DESCRIPTION": "Вы берёте !M! карт. NL Уменьшает каждое ваше ослабление на 1."
  },
  "Guardian:DecasProtection": {
    "NAME": "Древняя сила",
    "DESCRIPTION": "Даёт !M! временной Силы и Ловкости."
  },
  "Guardian:FierceBash": {
    "NAME": "Яростный удар",
    "DESCRIPTION": "Наносит !D! урона. NL Помещается в guardianmod:Стазис. NL guardianmod:Тик — увеличивает свой урон на !M!."
  },
  "Guardian:PolyBeam": {
    "NAME": "Поли-луч",
    "DESCRIPTION": "{@@}Наносит !D! урона случайному врагу !M! раз{!M!|&4=а|&5=}."
  },
  "Guardian:TwinSlam": {
    "NAME": "Первый удар",
    "DESCRIPTION": "Наносит !D! урона. NL Добавляет в руку *Второй *удар.",
    "UPGRADE_DESCRIPTION": "Наносит !D! урона. NL Добавляет в руку *Второй *удар+."
  },
  "Guardian:GuardianWhirl": {
    "NAME": "Вихрь Стража",
    "DESCRIPTION": "Наносит !D! урона ВСЕМ врагам 2 раза. NL Если у вас 16 или больше Защиты, наносит урон ещё !M! раз.",
    "EXTENDED_DESCRIPTION": [
      "Требуется больше Защиты."
    ]
  },
  "Guardian:VentSteam": {
    "NAME": "Выпустить пар",
    "DESCRIPTION": "Накладывает !M! Уязвимости на ВСЕХ врагов.",
    "UPGRADE_DESCRIPTION": "Накладывает !M! Уязвимости на ВСЕХ врагов."
  },
  "Guardian:CurlUp": {
    "NAME": "Свернуться",
    "DESCRIPTION": "Помещает случайную карту из руки в guardianmod:Стазис. NL guardianmod:Подготовка !M!.",
    "UPGRADE_DESCRIPTION": "Помещает карту из руки в guardianmod:Стазис. NL guardianmod:Подготовка !M!."
  },
  "Guardian:TimeBomb": {
    "NAME": "Бомба замедленного действия",
    "DESCRIPTION": "Наносит !D! урона ВСЕМ врагам. NL guardianmod:Разгоняет ВСЕ карты в *Стазисе. NL Сжигается."
  },
  "Guardian:HyperBeam_Guardian": {
    "NAME": "Гига-луч",
    "DESCRIPTION": "Наносит !D! урона ВСЕМ врагам. Сила влияет на эту карту !M! раз. NL Вы пропускаете следующий ход."
  },
  "Guardian:BronzeArmor": {
    "NAME": "Упругая пластина",
    "DESCRIPTION": "Уменьшает каждое ваше ослабление на !M!. NL guardianmod:Подготовка 8. NL Сжигается.",
    "UPGRADE_DESCRIPTION": "Уменьшает каждое ваше ослабление на !M!. NL guardianmod:Подготовка 8."
  },
  "Guardian:FloatingOrbs": {
    "NAME": "Парящие сферы",
    "DESCRIPTION": "Каждый раз, когда вы разыгрываете карту стоимостью 0, наносит !M! урона случайному врагу."
  },
  "Guardian:OrbSlam": {
    "NAME": "Удар сферы",
    "DESCRIPTION": "Наносит !D! урона !GuardianMulti! раз. NL Сжигается."
  },
  "Guardian:Incinerate": {
    "NAME": "Сжечь",
    "DESCRIPTION": "Наносит !D! урона. NL guardianmod:Разгон.",
    "UPGRADE_DESCRIPTION": "Наносит !D! урона. NL guardianmod:Разгон дважды."
  },
  "Guardian:Orbwalk": {
    "NAME": "Ход сферы",
    "DESCRIPTION": "Даёт !M! Силы. NL guardianmod:Тик — даёт 1 Силы. NL guardianmod:Нестабильная.",
    "UPGRADE_DESCRIPTION": "Даёт !M! Силы. NL guardianmod:Тик — даёт 1 Силы."
  },
  "Guardian:WalkerClaw": {
    "NAME": "Коготь странника",
    "DESCRIPTION": "Наносит !D! урона !M! раз.",
    "UPGRADE_DESCRIPTION": "Наносит !D! урона !M! раз."
  },
  "Guardian:SphericShield": {
    "NAME": "Сферический щит",
    "DESCRIPTION": "Эфирная. NL Добавляет в руку *Полировочное *масло. NL Сжигается.",
    "UPGRADE_DESCRIPTION": "Добавляет в руку *Полировочное *масло. NL Сжигается."
  },
  "Guardian:Harden": {
    "NAME": "Закалка",
    "DESCRIPTION": "Требуется 20 или больше Защиты. NL guardianmod:Подготовка !GuardianSecondM! и даёт !M! Шипов.",
    "EXTENDED_DESCRIPTION": [
      "Требуется больше Защиты."
    ]
  },
  "Guardian:SentryBeam": {
    "NAME": "Выстрел часового",
    "DESCRIPTION": "Наносит !D! урона. NL Помещает *Волну *часового в guardianmod:Стазис. NL Сжигается.",
    "UPGRADE_DESCRIPTION": "Наносит !D! урона. NL Помещает *Волну *часового+ в guardianmod:Стазис. NL Сжигается."
  },
  "Guardian:SentryWave": {
    "NAME": "Волна часового",
    "DESCRIPTION": "Накладывает !M! Слабости. NL Помещает *Выстрел *часового в guardianmod:Стазис. NL Сжигается.",
    "UPGRADE_DESCRIPTION": "Накладывает !M! Слабости. NL guardianmod:Подготовка 2. NL Помещает *Выстрел *часового+ в guardianmod:Стазис. NL Сжигается."
  },
  "Guardian:CompilePackage": {
    "NAME": "Скомпилировать пакет",
    "DESCRIPTION": "Выберите *Пакет для помещения в guardianmod:Стазис. NL Сжигается.",
    "UPGRADE_DESCRIPTION": "Выберите улучшенный *Пакет для помещения в guardianmod:Стазис. NL Сжигается.",
    "EXTENDED_DESCRIPTION": [
      "Выберите Пакет."
    ]
  },
  "Guardian:PackageShapes": {
    "NAME": "Пакет: Формы",
    "DESCRIPTION": "Добавляет в руку *Бомбу *замедленного *действия, *Протокол *нападения и *Репульсор. NL Сжигается.",
    "UPGRADE_DESCRIPTION": "Добавляет в руку *Бомбу *замедленного *действия+, *Протокол *нападения+ и *Репульсор+. NL Сжигается."
  },
  "Guardian:PackageDonuDeca": {
    "NAME": "Пакет: Древние",
    "DESCRIPTION": "Добавляет в руку *Перегрузку, *Древнюю *силу и *Древний *конструкт. NL Сжигается.",
    "UPGRADE_DESCRIPTION": "Добавляет в руку *Перегрузку+, *Древнюю *силу+ и *Древний *конструкт+. NL Сжигается."
  },
  "Guardian:PackageSphere": {
    "NAME": "Пакет: Сферический",
    "DESCRIPTION": "Добавляет в руку *Сферический *щит, *Парящие *сферы и *Закалку. NL Сжигается.",
    "UPGRADE_DESCRIPTION": "Добавляет в руку *Сферический *щит+, *Парящие *сферы+ и *Закалку+. NL Сжигается."
  },
  "Guardian:PackageSentry": {
    "NAME": "Пакет: Часовой",
    "DESCRIPTION": "Добавляет в руку *Выстрел *часового и две *Волны *часового. NL Сжигается.",
    "UPGRADE_DESCRIPTION": "Добавляет в руку *Выстрел *часового+ и две *Волны *часового+. NL Сжигается."
  },
  "Guardian:PackageWalker": {
    "NAME": "Пакет: Сфероход",
    "DESCRIPTION": "Добавляет в руку *Ход *сферы, *Коготь *странника и *Сжечь. NL Сжигается.",
    "UPGRADE_DESCRIPTION": "Добавляет в руку *Ход *сферы+, *Коготь *странника+ и *Сжечь+. NL Сжигается."
  },
  "Guardian:PackageAutomaton": {
    "NAME": "Пакет: Бронзовый",
    "DESCRIPTION": "Добавляет в руку *Гига-луч, *Сферу *поддержки и *Упругую *пластину. NL Сжигается.",
    "UPGRADE_DESCRIPTION": "Добавляет в руку *Гига-луч+, *Сферу *поддержки+ и *Упругую *пластину+. NL Сжигается."
  },
  "Guardian:PackageDefect": {
    "NAME": "Пакет: Дефект",
    "DESCRIPTION": "Добавляет в руку *Перенаправить, *Предпрограмму и *Конденсатор *времени. NL Сжигается.",
    "UPGRADE_DESCRIPTION": "Добавляет в руку *Перенаправить+, *Предпрограмму+ и *Конденсатор *времени+. NL Сжигается."
  },
  "Guardian:Planning": {
    "NAME": "Планирование",
    "DESCRIPTION": "Помещает до !M! карт с верха стопки добора в guardianmod:Стазис."
  },
  "Guardian:Recover": {
    "NAME": "Восстановить",
    "DESCRIPTION": "Даёт !B! Защиты. NL guardianmod:Подготовка !M!. NL Помещает карту из стопки сброса в guardianmod:Стазис."
  },
  "Guardian:Emergency": {
    "NAME": "Аварийный режим",
    "DESCRIPTION": "guardianmod:Разгоняет ВСЕ карты в guardianmod:Стазисе. NL Сжигается.",
    "UPGRADE_DESCRIPTION": "guardianmod:Разгоняет ВСЕ карты в guardianmod:Стазисе дважды. NL Сжигается."
  },
  "Guardian:Clone": {
    "NAME": "Клон",
    "DESCRIPTION": "Выберите карту. NL Помещает её копию в guardianmod:Стазис. NL Сжигается.",
    "UPGRADE_DESCRIPTION": "Выберите карту. NL Помещает её копию в guardianmod:Стазис. NL guardianmod:Разгон. NL Сжигается."
  },
  "Guardian:Preprogram": {
    "NAME": "Предпрограмма",
    "DESCRIPTION": "Посмотрите верхние !M! карт стопки добора. Выберите одну и поместите её в guardianmod:Стазис."
  },
  "Guardian:GemFinder": {
    "NAME": "Искатель самоцветов",
    "DESCRIPTION": "Эфирная. NL В конце боя вы можете добавить случайный guardianmod:Самоцвет в колоду."
  },
  "Guardian:StasisField": {
    "NAME": "Поле стазиса",
    "DESCRIPTION": "Даёт !B! Защиты. NL Помещает эту карту в *Стазис."
  },
  "Guardian:Metallicize": {
    "NAME": "Металлизация",
    "DESCRIPTION": "Даёт !M! expansioncontent:Шипов."
  },
  "Guardian:StasisStrike": {
    "NAME": "Стазисный удар",
    "DESCRIPTION": "Наносит !D! урона. NL Даёт 1 слот для Стазиса."
  },
  "Guardian:FuturePlans": {
    "NAME": "Планы на будущее",
    "DESCRIPTION": "В конце вашего хода вы можете поместить до !M! карт из руки в guardianmod:Стазис.",
    "UPGRADE_DESCRIPTION": "Врождённая. NL В конце вашего хода вы можете поместить до !M! карт из руки в guardianmod:Стазис."
  },
  "Guardian:Suspension": {
    "NAME": "Приостановка",
    "DESCRIPTION": "Даёт !B! Защиты. NL Помещает карту из руки в guardianmod:Стазис.",
    "UPGRADE_DESCRIPTION": "Даёт !B! Защиты. NL Помещает карту из руки в guardianmod:Стазис."
  },
  "Guardian:FastForward": {
    "NAME": "Ускорение",
    "DESCRIPTION": "guardianmod:Разгон !M! раз.",
    "UPGRADE_DESCRIPTION": "Сохраняемая. NL guardianmod:Разгон !M! раз."
  },
  "Guardian:TimeCapacitor": {
    "NAME": "Конденсатор времени",
    "DESCRIPTION": "Даёт !M! слотов для Стазиса."
  },
  "Guardian:ConstructionForm": {
    "NAME": "Форма конструкта",
    "DESCRIPTION": "Эфирная. NL Даёт !M! Буфера. NL В начале каждого хода, если у вас есть хотя бы 1 Буфер, даёт 1 Силы.",
    "UPGRADE_DESCRIPTION": "Даёт !M! Буфера. NL В начале каждого хода, если у вас есть хотя бы 1 Буфер, даёт 1 Силы."
  },
  "Guardian:RollAttack": {
    "NAME": "Атака перекатом",
    "DESCRIPTION": "Наносит !D! урона. NL Если в *Оборонительном *режиме, поражает ВСЕХ врагов. Иначе guardianmod:Подготовка 8."
  },
  "Guardian:GemFire": {
    "NAME": "Самоцветная пушка",
    "DESCRIPTION": "Наносит !D! урона. NL Активирует ВСЕ ваши guardianmod:Самоцветы. NL Сжигается.",
    "UPGRADE_DESCRIPTION": " NL (У вас !M! Самоцвет(ов).)"
  },
  "Guardian:ChargeCore": {
    "NAME": "Заряд ядра",
    "DESCRIPTION": "Наносит !D! урона. NL Помещает эту карту в guardianmod:Стазис. NL guardianmod:Тик — берёт карту. NL guardianmod:Нестабильная."
  },
  "Guardian:Reroute": {
    "NAME": "Перенаправить",
    "DESCRIPTION": "Наносит !D! урона. NL Помещает следующую карту, сыгранную в этом ходу, в guardianmod:Стазис."
  },
  "Guardian:PiercingHide": {
    "NAME": "Колючая шкура",
    "DESCRIPTION": "Даёт !B! Защиты и !M! временных Шипов. NL guardianmod:Подготовка 3.",
    "UPGRADE_DESCRIPTION": "Даёт !B! Защиты и !M! временных Шипов. NL guardianmod:Подготовка 4."
  },
  "Guardian:ShieldSpikes": {
    "NAME": "Шипастый щит",
    "DESCRIPTION": "Даёт !B! Защиты. NL Даёт !M! Шипов, если в *Оборонительном *режиме. guardianmod:Подготовка 8."
  },
  "Guardian:PrismaticBeam": {
    "NAME": "Призматический луч",
    "DESCRIPTION": "Наносит !D! урона за каждый guardianmod:Самоцвет в этой карте."
  },
  "Guardian:PrismaticBarrier": {
    "NAME": "Призматический барьер",
    "DESCRIPTION": "Даёт !B! Защиты за каждый guardianmod:Самоцвет в этой карте."
  },
  "Guardian:TemporalStrike": {
    "NAME": "Временной удар",
    "DESCRIPTION": "Наносит !D! урона. NL Даёт [E], если есть карта в guardianmod:Стазисе.",
    "UPGRADE_DESCRIPTION": "Наносит !D! урона. NL Даёт [E], если есть карта в guardianmod:Стазисе."
  },
  "Guardian:TemporalShield": {
    "NAME": "Временной щит",
    "DESCRIPTION": "Даёт !B! Защиты. NL guardianmod:Разгон."
  },
  "Guardian:ExploitGems": {
    "NAME": "Использовать самоцветы",
    "DESCRIPTION": "Возьмите карту.",
    "UPGRADE_DESCRIPTION": "Возьмите карту."
  },
  "Guardian:RefractedBeam": {
    "NAME": "Преломлённый луч",
    "DESCRIPTION": "Наносит !D! урона !M! раз. NL Может быть улучшена любое количество раз. NL За каждое улучшение +1:"
  },
  "Guardian:MultiBeam": {
    "NAME": "Мульти-луч",
    "DESCRIPTION": "Наносит !D! урона ВСЕМ врагам X раз. NL guardianmod:Тик — увеличивает свой урон на !M!."
  },
  "Guardian:BaubleBeam": {
    "NAME": "Взрыв побрякушек",
    "DESCRIPTION": "Наносит !D! урона. NL Повторяется !M! раз:"
  },
  "Guardian:PrimingBeam": {
    "NAME": "Подготовительный выстрел",
    "DESCRIPTION": "Наносит !D! урона. NL guardianmod:Подготовка !M!."
  },
  "Guardian:EvasiveProtocol": {
    "NAME": "Протокол уклонения",
    "DESCRIPTION": "Каждый раз, когда вы входите в *Оборонительный *режим, уменьшайте каждое своё ослабление на !M!. NL guardianmod:Подготовка !GuardianSecondM!.",
    "UPGRADE_DESCRIPTION": "Каждый раз, когда вы входите в *Оборонительный *режим, уменьшайте каждое своё ослабление на !M!. NL guardianmod:Подготовка !GuardianSecondM!."
  },
  "Guardian:SpikerProtocol": {
    "NAME": "Протокол нападения",
    "DESCRIPTION": "Каждый раз, когда вы входите в *Оборонительный *режим, даёт !M! Шипов. NL guardianmod:Подготовка !GuardianSecondM!.",
    "UPGRADE_DESCRIPTION": "Каждый раз, когда вы входите в *Оборонительный *режим, даёт !M! Шипов. NL guardianmod:Подготовка !GuardianSecondM!."
  },
  "Guardian:ArmoredProtocol": {
    "NAME": "Протокол брони (Устаревшая карта, не переводить!)",
    "DESCRIPTION": "Даёт !M! Защиты в конце каждого хода, пока в *Оборонительном *режиме. NL В начале вашего хода guardianmod:Подготовка 3."
  },
  "Guardian:TimeSifter": {
    "NAME": "Просеиватель времени",
    "DESCRIPTION": "В начале вашего хода guardianmod:Разгон.",
    "UPGRADE_DESCRIPTION": "Врождённая. NL В начале вашего хода guardianmod:Разгон."
  },
  "Guardian:AncientConstruct": {
    "NAME": "Древний конструкт",
    "DESCRIPTION": "Даёт 1 Артефакта. NL В начале вашего хода, если у вас нет Артефакта, даёт !M! Артефакта.",
    "UPGRADE_DESCRIPTION": "Даёт 1 Артефакта. NL В начале вашего хода, если у вас нет Артефакта, даёт !M! Артефакта."
  },
  "Guardian:CrystalBeam": {
    "NAME": "Кристаллический луч",
    "DESCRIPTION": "Наносит !D! урона. NL Наносит на !M! урона больше за каждый guardianmod:Самоцвет в колоде."
  },
  "Guardian:Gem_Synthetic": {
    "NAME": "Оникс",
    "DESCRIPTION": "guardianmod:Самоцвет. NL Уменьшает каждое ваше ослабление на 1.",
    "UPGRADE_DESCRIPTION": "Уменьшает каждое ваше ослабление на 1."
  },
  "Guardian:Gem_Yellow": {
    "NAME": "Янтарь",
    "DESCRIPTION": "guardianmod:Самоцвет. NL guardianmod:Разгон.",
    "UPGRADE_DESCRIPTION": "guardianmod:Разгон."
  },
  "Guardian:Gem_Purple": {
    "NAME": "Аметист",
    "DESCRIPTION": "guardianmod:Самоцвет. NL ВСЕ враги теряют 2 Силы в этом ходу.",
    "UPGRADE_DESCRIPTION": "ВСЕ враги теряют 2 Силы в этом ходу."
  },
  "Guardian:Gem_Crimson": {
    "NAME": "Гранат",
    "DESCRIPTION": "guardianmod:Самоцвет. NL Накладывает 1 Уязвимости на ВСЕХ врагов.",
    "UPGRADE_DESCRIPTION": "Накладывает 1 Уязвимости на ВСЕХ врагов."
  },
  "Guardian:Gem_Blue": {
    "NAME": "Сапфир",
    "DESCRIPTION": "guardianmod:Самоцвет. NL guardianmod:Подготовка 4.",
    "UPGRADE_DESCRIPTION": "guardianmod:Подготовка 4."
  },
  "Guardian:Gem_Fragmented": {
    "NAME": "Осколок самоцвета",
    "DESCRIPTION": "guardianmod:Самоцвет. NL Добавляет в руку *Кристаллическую *заточку.",
    "UPGRADE_DESCRIPTION": "Добавляет в руку *Кристаллическую *заточку."
  },
  "Guardian:CrystalShiv": {
    "NAME": "Кристаллическая заточка",
    "DESCRIPTION": "Наносит !D! урона. NL Сжигается."
  },
  "Guardian:CrystalWard": {
    "NAME": "Кристаллическая защита",
    "DESCRIPTION": "Даёт !B! Защиты. NL Сжигается."
  },
  "Guardian:Repulse": {
    "NAME": "Репульсор",
    "DESCRIPTION": "Когда вы впервые за ход берёте карту Статуса или Проклятия, она Сжигается и вы берёте карту.",
    "UPGRADE_DESCRIPTION": "Когда вы впервые за ход берёте карту Статуса или Проклятия, она Сжигается и вы берёте карту."
  },
  "Guardian:BronzeOrb": {
    "NAME": "Сфера поддержки",
    "DESCRIPTION": "Наносит !D! урона. NL guardianmod:Подготовка на количество неблокированного урона. NL Сжигается."
  },
  "Guardian:RevengeProtocol": {
    "NAME": "Протокол возмездия",
    "DESCRIPTION": "Каждый раз, когда вы входите в *Оборонительный *режим, даёт !M! Силы. NL В начале вашего хода guardianmod:Подготовка !GuardianSecondM!."
  },
  "Guardian:GatlingBeam": {
    "NAME": "Лазерная турель",
    "DESCRIPTION": "Наносит !D! урона. NL Помещает эту карту в guardianmod:Стазис. NL guardianmod:Стазис длится !M! ходов. NL guardianmod:Тик — наносит !D! урона случайному врагу."
  },
  "Guardian:ShieldCharger": {
    "NAME": "Зарядник щитов",
    "DESCRIPTION": "Помещает эту карту в guardianmod:Стазис. NL guardianmod:Тик — guardianmod:Подготовка !M! и даёт !B! Защиты. NL guardianmod:Нестабильная."
  },
  "Guardian:StasisEngine": {
    "NAME": "Стазисный двигатель",
    "DESCRIPTION": "Когда вы разыгрываете 3-ю карту стоимостью 0 за один ход, получайте [E] и берите карту.",
    "UPGRADE_DESCRIPTION": "Врождённая. NL Когда вы разыгрываете 3-ю карту стоимостью 0 за один ход, получайте [E] и берите карту."
  },
  "Guardian:HammerDown": {
    "NAME": "Удар молота",
    "DESCRIPTION": "Наносит !D! урона. NL Удваивает вашу Силу и Ловкость. NL Сжигается."
  },
  "Guardian:OmegaCannon": {
    "NAME": "Омега-пушка",
    "DESCRIPTION": "Наносит !D! урона. NL Стоит на 1 [E] меньше за каждую единицу Силы."
  },
  "Guardian:ModeShift": {
    "NAME": "Смена режима",
    "DESCRIPTION": "Меняет местами ваши Силу и Ловкость. NL Берите карту.",
    "UPGRADE_DESCRIPTION": "Сохраняемая. NL Меняет местами ваши Силу и Ловкость. NL Берите карту."
  },
  "Guardian:PackageConstruct": {
    "NAME": "Пакет: Конструкт",
    "DESCRIPTION": "Добавляет в руку *Удар *молота, *Омега-пушку и *Смену *режима. NL Сжигается.",
    "UPGRADE_DESCRIPTION": "Добавляет в руку *Удар *молота+, *Омега-пушку+ и *Смену *режима+. NL Сжигается."
  },
  "Guardian:PackageMass": {
    "NAME": "Пакет: Масса",
    "DESCRIPTION": "Добавляет в руку *Массу *шипов, *Массу *бомб и *Групповой *удар. NL Сжигается.",
    "UPGRADE_DESCRIPTION": "Добавляет в руку *Массу *шипов+, *Массу *бомб+ и *Групповой *удар+. NL Сжигается."
  },
  "Guardian:MassOfThorns": {
    "NAME": "Масса шипов",
    "DESCRIPTION": "Даёт !M! временных Шипов. NL Сжигается, если у вас есть Артефакт."
  },
  "Guardian:MassTimeBomb": {
    "NAME": "Масса бомб",
    "DESCRIPTION": "Помещает *Бомбу *замедленного *действия в каждый пустой слот guardianmod:Стазиса. NL Сжигается, если было создано 2 или больше бомб.",
    "UPGRADE_DESCRIPTION": "Помещает улучшенную *Бомбу *замедленного *действия в каждый пустой слот guardianmod:Стазиса. NL Сжигается, если было создано 2 или больше бомб."
  },
  "Guardian:MassSlam": {
    "NAME": "Групповой удар",
    "DESCRIPTION": "Наносит !D! урона !M! раз. NL Сжигается, если у вас 3 или больше Силы."
  },
  "Guardian:GemstoneGunCard": {
    "NAME": "Самоцветная пушка",
    "DESCRIPTION": "Сохраняемая.",
    "UPGRADE_DESCRIPTION": " NL Сжигается."
  },
  "Guardian:BodySlam": {
    "NAME": "Удар телом",
    "DESCRIPTION": "Даёт !B! Защиты. NL Наносит урон, равный вашей Защите.",
    "UPGRADE_DESCRIPTION": " NL (Наносит !D! урона.)"
  },
  "Guardian:SecondStrike": {
    "NAME": "Второй удар",
    "DESCRIPTION": "Эфирная. NL Наносит !D! урона. NL Сжигается."
  },
  "Guardian:SecondStrikePreviewCard": {
    "NAME": "Второй удар",
    "DESCRIPTION": "Эфирная. NL Наносит !D! урона. NL Копирует *Самоцветы из *Первого *удара. NL Сжигается."
  },
  "Guardian:StrikeForStrike": {
    "NAME": "Удар за удар",
    "DESCRIPTION": "Наносит !D! урона. NL Враг наносит вам !M! урона."
  },
  "Guardian:GearUp": {
    "NAME": "Подготовка",
    "DESCRIPTION": "Сохраняемая. NL guardianmod:Подготовка !M!. NL Сжигается."
  }
}