[
  {
    "NAMES": [
      "гнездо",
      "гнезда",
      "гнёзд",
      "гнезде",
      "гнезду",
      "инкрустированный",
      "инкрустированные",
      "инкрустировать",
      "socket",
      "sockets",
      "socketed"
    ],
    "PROPER_NAME": "Гнездо",
    "DESCRIPTION": "Вы можете поместить #yСамоцвет в это Гнездо на стоянке."
  },
  {
    "NAMES": [
      "стазис",
      "стазисе",
      "стазиса",
      "стазису",
      "stasis"
    ],
    "PROPER_NAME": "Стазис",
    "DESCRIPTION": "Карта в Стазисе остаётся там количество ходов, равное её стоимости + #b1. NL При выходе она возвращается в руку и стоит #b0, пока не разыграна."
  },
  {
    "NAMES": [
      "самоцвет",
      "самоцветы",
      "самоцвета",
      "самоцветов",
      "gem",
      "gems"
    ],
    "PROPER_NAME": "Самоцвет",
    "DESCRIPTION": "Самоцветы можно помещать в #yГнёзда карт на стоянке. Не могут быть #yУлучшены."
  },
  {
    "NAMES": [
      "оборонительный режим",
      "оборонительный_режим",
      "оборонительном режиме",
      "оборонительном_режиме",
      "defensive mode",
      "defensive_mode"
    ],
    "PROPER_NAME": "Оборонительный режим",
    "DESCRIPTION": "#yСтойка. NL В Оборонительном режиме у вас #b3 #yШипов, и ваша #yЗащита не снимается."
  },
  {
    "NAMES": [
      "разгон",
      "разгоняет",
      "разгона",
      "accelerate"
    ],
    "PROPER_NAME": "Разгон",
    "DESCRIPTION": "Уменьшает счётчик ходов самой правой карты в #yСтазисе на #b1."
  },
  {
    "NAMES": [
      "пакет",
      "пакета",
      "пакетов",
      "package",
      "packages"
    ],
    "PROPER_NAME": "Пакет",
    "DESCRIPTION": "#yНавык, который создаёт три карты, вдохновлённые выбранным Конструктом Шпиля."
  },
  {
    "NAMES": [
      "нестабильная",
      "нестабильной",
      "volatile"
    ],
    "PROPER_NAME": "Нестабильная",
    "DESCRIPTION": "Когда эта карта покидает #yСтазис, она #yСжигается."
  },
  {
    "NAMES": [
      "полировочное масло",
      "полировочное_масло",
      "polishing oil",
      "polishing_oil"
    ],
    "PROPER_NAME": "Полировочное масло",
    "DESCRIPTION": "#yЗелье: даёт #b16 #yЗащиты. Вход в #yОборонительный #yрежим."
  },
  {
    "NAMES": [
      "тик",
      "тика",
      "tick"
    ],
    "PROPER_NAME": "Тик",
    "DESCRIPTION": "Срабатывает, когда уменьшается счётчик ходов этой карты в #yСтазисе."
  },
  {
    "NAMES": [
      "буфер",
      "буфера",
      "буферу",
      "buffer"
    ],
    "PROPER_NAME": "Буфер",
    "DESCRIPTION": "Предотвращает следующую потерю ОЗ."
  },
  {
    "NAMES": [
      "подготовка",
      "подготовке",
      "подготовки",
      "brace"
    ],
    "PROPER_NAME": "Подготовка X",
    "DESCRIPTION": "Уменьшает потерю ОЗ, необходимую для входа в #yОборонительный #yрежим, на X."
  }
]