{
  "Guardian:EmptyStasisSlot": {
    "NAME": "Слот Стазиса",
    "DESCRIPTION": [
      "Карты могут быть помещены в этот слот через #yСтазис."
    ]
  },
  "Guardian:StasisOrb": {
    "NAME": "Стазис: ",
    "DESCRIPTION": [
      " вернётся в руку со стоимостью 0 в начале вашего следующего хода.",
      " вернётся в руку со стоимостью 0 через #b",
      " хода.",
      " #yСжигается в начале вашего следующего хода.",
      " #yСжигается через #b",
      " хода."
    ]
  }
}





