{
  "Guardian:AcceleratePotion": {
    "NAME": "Аварийное зелье",
    "DESCRIPTIONS": [
      "#yРазгоняет все карты в #yСтазисе #b",
      " раз."
    ]
  },
  "Guardian:DefensiveModePotion": {
    "NAME": "Полировочное масло",
    "DESCRIPTIONS": [
      "Даёт #b",
      " #yЗащиты. Перейти в #yОборонительный #yрежим."
    ]
  },
  "Guardian:BlockOnCardUsePotion": {
    "NAME": "Настойка оружейника",
    "DESCRIPTIONS": [
      "Даёт #b",
      " #yЗащиты каждый раз, когда вы разыгрываете карту в этом ходу."
    ]
  },
  "Guardian:StasisDiscoveryPotion": {
    "NAME": "Квантовый эликсир",
    "DESCRIPTIONS": [
      "Добавляет слоты Стазиса, пока их не станет #b",
      ". NL Повторяется #b",
      " раз: выберите #b1 из #b3 карт для помещения в #yСтазис."
    ]
  }
}