{
  "Guardian:NextTurnGainTemporaryStrengthPower": {
    "NAME": "Зарядка",
    "DESCRIPTIONS": [
      "Вы получите #b",
      " временной #yСилы в следующем ходу."
    ]
  },
  "Guardian:StunnedPower": {
    "NAME": "Оглушён",
    "DESCRIPTIONS": [
      "Пропускает свой следующий ход.",
      "Пропускает свои следующие #b",
      " хода."
    ]
  },
  "Guardian:FloatingOrbsPower": {
    "NAME": "Парящие сферы",
    "DESCRIPTIONS": [
      "Каждый раз, когда вы разыгрываете карту стоимостью #b0, наносит #b",
      " урона случайному врагу."
    ]
  },
  "Guardian:OrbwalkPower": {
    "NAME": "Ход сферы",
    "DESCRIPTIONS": [
      "В начале каждого хода даёт #b",
      " #yСилы."
    ]
  },
  "Guardian:ClonePower": {
    "NAME": "Перенаправление",
    "DESCRIPTIONS": [
      "Помещает следующую карту, сыгранную в этом ходу, в #yСтазис.",
      "Помещает следующие #b",
      " карты, сыгранные в этом ходу, в #yСтазис."
    ]
  },
  "Guardian:GemFinderPower": {
    "NAME": "Искатель самоцветов",
    "DESCRIPTIONS": [
      "В конце боя вы можете добавить случайный #yСамоцвет в колоду.",
      "В конце боя вы можете добавить #b",
      " случайных #yСамоцвета в колоду."
    ]
  },
  "Guardian:FuturePlansPower": {
    "NAME": "Планы на будущее",
    "DESCRIPTIONS": [
      "В конце вашего хода вы можете поместить #b",
      " карту в #yСтазис.",
      " карты в #yСтазис."
    ]
  },
  "Guardian:DefenseModePower": {
    "NAME": "Оборонительный режим",
    "DESCRIPTIONS": [
      "#yОборонительный #yрежим будет активен ещё #b",
      " хода. #yОборонительный #yрежим даёт #b",
      " #yШипов, уменьшает наносимый урон на #b25% и даёт #b2 #yЗащиты при разыгрывании карты."
    ]
  },
  "Guardian:ConstructModePower": {
    "NAME": "Форма конструкта",
    "DESCRIPTIONS": [
      "В начале каждого хода, если у вас есть хотя бы #b",
      " #yБуфера, даёт #b",
      " #yСилы."
    ]
  },
  "Guardian:MultiBoostPower": {
    "NAME": "Мульти-ускорение",
    "DESCRIPTIONS": [
      "#yАтаки, наносящие урон несколько раз, делают это на один раз больше.",
      "#yАтаки, наносящие урон несколько раз, делают это на #b",
      " раз больше."
    ]
  },
  "Guardian:TargetedPower": {
    "NAME": "Под прицелом",
    "DESCRIPTIONS": [
      "Каждый раз, когда этот враг получает урон, даёт #b",
      " временной #yСилы в этом ходу."
    ]
  },
  "Guardian:LoseThornsPower": {
    "NAME": "Спад шипов",
    "DESCRIPTIONS": [
      "В начале вашего следующего хода теряет #b",
      " #yШипов."
    ]
  },
  "Guardian:BeamBuffPower": {
    "NAME": "Заряжен",
    "DESCRIPTIONS": [
      "Карты-лучи наносят на #b",
      " урона больше."
    ]
  },
  "Guardian:DefensiveModeBuffsPower": {
    "NAME": "Оборонительный режим+",
    "DESCRIPTIONS": [
      "В дополнение к обычным эффектам #yОборонительный #yрежим даёт: NL #b",
      " #yШипов.",
      " #yЛовкости.",
      " #yЗащиты в конце каждого хода.",
      "#yСжигает первый взятый #yСтатус или #yПроклятие в каждом ходу.",
      "#yСжигает первые #b",
      " взятых #yСтатуса или #yПроклятия в каждом ходу.",
      "Даёт #b",
      " #yСилы за каждый ход, проведённый в #yОборонительном #yрежиме, при выходе из него."
    ]
  },
  "Guardian:AutomayhemPower": {
    "NAME": "Просеиватель времени",
    "DESCRIPTIONS": [
      "В начале вашего хода даёт #yРазгон.",
      "В начале вашего хода даёт #yРазгон #b",
      " раз."
    ]
  },
  "Guardian:ConstructPower": {
    "NAME": "Древний конструкт",
    "DESCRIPTIONS": [
      "В начале вашего хода, если у вас нет #yАртефакта, даёт #b",
      " #yАртефакта.",
      " #yАртефакта."
    ]
  },
  "Guardian:ModeShiftPower": {
    "NAME": "Смена режима",
    "DESCRIPTIONS": [
      "При потере #b",
      " ОЗ получает #b16 #yЗащиты, входит в #yОборонительный #yрежим до следующего хода и увеличивает порог для следующей активации на #b10 (максимум #b50)."
    ]
  },
  "Guardian:ExhaustStatusesPower": {
    "NAME": "Репульсор",
    "DESCRIPTIONS": [
      "Когда вы берёте первый #yСтатус или #yПроклятие в ход, #yСжигайте его и берите карту.",
      "Когда вы берёте первые #b",
      " #yСтатуса или #yПроклятия в ход, #yСжигайте их и берите карту."
    ]
  },
  "Guardian:RevengePower": {
    "NAME": "Возмездие",
    "DESCRIPTIONS": [
      "Каждый раз, когда вы входите в #yОборонительный #yрежим, даёт #b",
      " #yСилы."
    ]
  },
  "Guardian:StasisEnginePower": {
    "NAME": "Стазисный двигатель",
    "DESCRIPTIONS": [
      "Когда вы разыгрываете 3-ю карту стоимостью 0 за один ход, получайте #b",
      " [E] и берите #b",
      " карту.",
      " карты.",
      ""
    ]
  },
  "Guardian:EnergizedGuardianPower": {
    "NAME": "Энергичность",
    "DESCRIPTIONS": [
      "В следующем ходу получите на #b",
      " [E] больше.",
      " [E] больше.",
      " —"
    ]
  },
  "Guardian:BlockOnCardUsePower": {
    "NAME": "Масло оружейника",
    "DESCRIPTIONS": [
      "Каждый раз, когда вы разыгрываете карту в этом ходу, получайте #b",
      " #yЗащиты."
    ]
  },
  "Guardian:EvasiveProtocolPower": {
    "NAME": "Протокол уклонения",
    "DESCRIPTIONS": [
      "При входе в #yОборонительный #yрежим уменьшает ваши ослабления на #b",
      "."
    ]
  },
  "Guardian:SpikerProtocolPower": {
    "NAME": "Протокол нападения",
    "DESCRIPTIONS": [
      "При входе в #yОборонительный #yрежим даёт #b",
      " #yШипов."
    ]
  },
  "Guardian:ArmoredProtocolPower": {
    "NAME": "Протокол брони",
    "DESCRIPTIONS": [
      "В конце вашего хода, пока вы в #yОборонительном #yрежиме, даёт #b",
      " #yЗащиты."
    ]
  },
  "Guardian:DontLeaveDefensiveModePower": {
    "NAME": "Оборонительный режим",
    "DESCRIPTIONS": [
      "Вы выйдете из #yОборонительного #yрежима в конце этого хода.",
      "#yОборонительный #yрежим будет активен ещё #b",
      " хода."
    ]
  },
  "Guardian:BracePerTurnPower": {
    "NAME": "Подготовка",
    "DESCRIPTIONS": [
      "В начале вашего хода #yПодготовка: #b",
      "."
    ]
  }
}