{
  "Guardian:ModeShifter": {
    "NAME": "Бронзовая шестерня",
    "FLAVOR": "Защита там, где она нужна больше всего.",
    "DESCRIPTIONS": [
      "В начале каждого боя получайте #yУскорение. NL Страж начинает забег со случайным обычным #yСамоцветом."
    ]
  },
  "Guardian:ModeShifterPlus": {
    "NAME": "Шестерня Стража",
    "FLAVOR": "Заменять каждые 3000 этажей.",
    "DESCRIPTIONS": [
      "Заменяет ",
      ".[] NL В начале боя получайте #yУскорение. NL Каждый раз, когда вы входите в #yОборонительный #yрежим, получайте [E] и берите #b2 карты."
    ]
  },
  "Guardian:ObsidianScales": {
    "NAME": "Обсидиановая чешуя",
    "FLAVOR": "Окрась небо в чёрный своей кровью. Отомсти всем, кто нападал на тебя.",
    "DESCRIPTIONS": [
      "В начале боя получайте #b",
      " #yШипов. Каждый раз, когда на вас накладывают ослабление, получайте #b",
      " #yШипов."
    ]
  },
  "Guardian:DefensiveModeMoreBlock": {
    "NAME": "Латный доспех Баалора",
    "FLAVOR": "Защиты много не бывает.",
    "DESCRIPTIONS": [
      "Каждый раз, когда вы #yПодготавливаетесь, #yПодготовка даёт на #b1 больше."
    ]
  },
  "Guardian:guardianmod:GemCopier": {
    "NAME": "Гранильный барабан",
    "FLAVOR": "Подойдут только самые безупречные.",
    "DESCRIPTIONS": [
      "Когда вы разыгрываете #yСамоцвет, разыгрывайте его копию."
    ]
  },
  "Guardian:PocketSentry": {
    "NAME": "Карманный часовой Арумбы",
    "FLAVOR": "Режим часового. Цель захвачена. Без обид.",
    "DESCRIPTIONS": [
      "Каждые #b3 хода накладывает #b1 #yСлабость на ВСЕХ врагов."
    ]
  },
  "Guardian:SackOfGems": {
    "NAME": "Мешок самоцветов",
    "FLAVOR": "Ух ты... блестит!",
    "DESCRIPTIONS": [
      "При получении вы можете выбрать до #b5 случайных #yСамоцветов для добавления в колоду."
    ]
  },
  "Guardian:StasisCodex": {
    "NAME": "Кодекс пилота",
    "FLAVOR": "Чертежи и схемы первых прототипов Шпиля с ручным управлением от мастера-пилота Дэвида.",
    "DESCRIPTIONS": [
      "В конце первых #b3 ходов, если ваши слоты #yСтазиса не заполнены, выберите #b1 из #b3 карт для помещения в #yСтазис."
    ]
  },
  "Guardian:StasisSlotIncreaseRelic": {
    "NAME": "Крошечная полицейская будка",
    "FLAVOR": "Внутри она больше, чем снаружи...",
    "DESCRIPTIONS": [
      "Начинайте каждый бой с #b2 дополнительными слотами Стазиса."
    ]
  },
  "Guardian:StasisSlotReductionRelic": {
    "NAME": "Дроны-бродяги",
    "FLAVOR": "Эти дроны находят самые чудесные трофеи, но требуют вычислительной мощности для поддержки.",
    "DESCRIPTIONS": [
      "В начале каждого боя теряйте #b1 слот Стазиса. NL В начале хода получайте [E]."
    ]
  },
  "Guardian:StasisUpgradeRelic": {
    "NAME": "Криокамера",
    "FLAVOR": "Всё всегда кажется лучше на выходе, чем на входе.",
    "DESCRIPTIONS": [
      "В начале каждого боя получайте #b1 слот Стазиса. Каждый раз, когда карта входит в #yСтазис, #yУлучшайте её."
    ]
  },
  "Guardian:BottledStasis": {
    "NAME": "Чёрная дыра в бутылке",
    "FLAVOR": "Где-то нас ждёт нечто невероятное.",
    "DESCRIPTIONS": [
      "При получении выберите карту. Начинайте каждый бой с этой картой в #yСтазисе.",
      "Выберите карту для ",
      "Начинайте каждый бой с ",
      " в #yСтазисе.",
      "Карта в бутылке была #rудалена из вашей колоды, реликвия больше не работает."
    ]
  },
  "Guardian:StasisEgg": {
    "NAME": "Квантовая камера",
    "FLAVOR": "Цыплёнка получают, высиживая яйцо, а не разбивая его.",
    "DESCRIPTIONS": [
      "При получении выберите карту. Начинайте каждый бой с удалением этой карты из колоды. В начале вашего 4-го хода верните её и #b2 её копии в руку.",
      "Выберите карту для ",
      "Начинайте каждый бой с удалением ",
      " из колоды. В начале вашего 4-го хода верните её и #b2 её копии в руку.",
      "Карта, связанная с этой реликвией, была #rудалена из вашей колоды, реликвия больше не работает."
    ]
  },
  "Guardian:TickHelperRelic": {
    "NAME": "Охлаждающая жидкость",
    "FLAVOR": "Опасно. Не употреблять внутрь.",
    "DESCRIPTIONS": [
      "Начинайте каждый бой с #b2 дополнительными слтами Стазиса. NL Когда карта входит в #yСтазис, увеличьте её счётчик ходов на #b2."
    ]
  },
  "Guardian:PickAxe": {
    "NAME": "Кирка Рапсодии",
    "FLAVOR": "При таком количестве самоцветов, усеивающих Шпиль, трудно представить кого-то настолько неудачливого, кому понадобилась бы эта кирка.",
    "DESCRIPTIONS": [
      "Каждый раз, когда вы побеждаете Элитного врага, добавляйте случайный #yСамоцвет в награду."
    ]
  },
  "Guardian:GemstoneGun": {
    "NAME": "Самоцветная пушка",
    "FLAVOR": "Бах! Бах! Бах! Эй, я собрал три!",
    "DESCRIPTIONS": [
      "При получении выберите #b3 #yСамоцвета. В начале каждого боя получайте карту с #yСохранением, #yСжиганием и каждым из выбранных #yСамоцветов в гнёздах.",
      "Выберите Самоцвет для зарядки Самоцветной пушки."
    ]
  },
  "Guardian:BottledAnomaly": {
    "NAME": "Аномалия в бутылке",
    "FLAVOR": "Крутится, крутится и наконец ломается.",
    "DESCRIPTIONS": [
      "При получении выберите карту. В начале каждого боя удаляйте её из стопки добора. В начале 3-го хода добавляйте её в руку. В этом ходу она стоит #b0.",
      "Выберите карту для ",
      "Начинайте каждый бой с удаления ",
      " из стопки добора. В начале 3-го хода добавляйте её в руку. NL В этом ходу она стоит #b0.",
      "Карта в бутылке была #rудалена из вашей колоды, реликвия больше не работает."
    ]
  }
}