{
  "Guardian:EnhanceBonfireOptions": {
    "TEXT": [
      "Усилить",
      "(Бесплатное действие) Поместить Самоцвет в свободное Гнездо.",
      "Требуется Самоцвет и свободное Гнездо.",
      "Выберите Самоцвет.",
      "Выберите карту для инкрустации Самоцвета."
    ]
  },
  "Guardian:UIOptions": {
    "TEXT": [
      "Выберите карту для помещения в Стазис.",
      "Выберите Самоцвет.",
      "Добавить Самоцвет в колоду",
      "поместить в Стазис.",
      "~ОШИБКА:~ Нельзя #rатаковать в режиме Конструкта.",
      "~ОШИБКА:~ #rСтазис в процессе.",
      "Добавить Самоцвет в колоду",
      " (Выбранные карты будут помещены в Стазис в обратном порядке)"
    ]
  },
  "Guardian:FindGemsOption": {
    "TEXT": [
      "Добыть",
      "Получить 2 случайных Самоцвета.",
      "Кирка сломана."
    ]
  },
  "Guardian:BraceMod": {
    "TEXT": [
      " NL guardianmod:Подготовка 2."
    ]
  },
  "Guardian:gemDescriptor": {
    "TEXT": [
      "Самоцвет",
      "guardianmod:Самоцвет. NL "
    ]
  }
}