{
  "champ:Strike": {
    "NAME": "Удар",
    "DESCRIPTION": "Наносит !D! урона."
  },
  "champ:Defend": {
    "NAME": "Оборона",
    "DESCRIPTION": "Даёт !B! Защиты."
  },
  "champ:Taunt": {
    "NAME": "Насмешка",
    "DESCRIPTION": "Накладывает !M! Слабости и 1 Уязвимости.",
    "UPGRADE_DESCRIPTION": "Накладывает 1 Слабости и 1 Уязвимости на ВСЕХ врагов."
  },
  "champ:Execute": {
    "NAME": "Казнь",
    "DESCRIPTION": "{@@}Наносит !D! урона !cool! раз{!cool!|@=|&2,&3,&4=а|&12,&13,&14=}.",
    "UPGRADE_DESCRIPTION": "{@@}Наносит !D! урона !cool! раз{!cool!|@=|&2,&3,&4=а|&12,&13,&14=}."
  },
  "champ:StanceDance": {
    "NAME": "Танец со стойками",
    "DESCRIPTION": "Перейти в стойку champ:Берсерка или champ:Рыцаря. NL Если уже в выбранной стойке — добавляет в руку случайное champ:Комбо этой стойки.",
    "UPGRADE_DESCRIPTION": "Перейти в стойку на выбор. NL Добавляет в руку случайное champ:Комбо этой стойки.",
    "EXTENDED_DESCRIPTION": [
      "Перейти в стойку champ:Берсерка.",
      "Перейти в стойку champ:Рыцаря."
    ]
  },
  "champ:SwordSigil": {
    "NAME": "Символ победы",
    "DESCRIPTION": "Вы получаете champ:Бонус навыка текущей стойки !M! раз. NL Сжигается."
  },
  "champ:FaceSlap": {
    "NAME": "Пощёчина",
    "DESCRIPTION": "Наносит !D! урона. NL champ:Комбо champ:Берсерка — накладывает !M! Уязвимости."
  },
  "champ:FlashCut": {
    "NAME": "Мгновенный удар",
    "DESCRIPTION": "Наносит !D! урона. NL champ:Комбо champ:Рыцаря — даёт !M! champ:Контратаки и !B! Защиты."
  },
  "champ:DefensiveShout": {
    "NAME": "Держать оборону!",
    "DESCRIPTION": "Даёт !M! champ:Контратаки. NL Перейти в стойку champ:Рыцаря."
  },
  "champ:ShieldSigil": {
    "NAME": "Хлестнуть цепью",
    "DESCRIPTION": "Наносит !D! урона. NL Увеличивает champ:Бонус навыка на !M! до конца хода."
  },
  "champ:FocusedDefense": {
    "NAME": "Прыг-скок",
    "DESCRIPTION": "Даёт !B! Защиты и !M! champ:Бодрости. NL Перейти в стойку champ:Берсерка."
  },
  "champ:FocusedBerserking": {
    "NAME": "Изо всех сил",
    "DESCRIPTION": "Сжигается. NL Не выходя из стойки, !M! раз выполняет:"
  },
  "champ:SetATrap": {
    "NAME": "Расставить ловушки",
    "DESCRIPTION": "Даёт !B! Защиты. NL champ:Комбо champ:Рыцаря — накладывает !M! Слабости на ВСЕХ врагов."
  },
  "champ:Backstep": {
    "NAME": "Шаг назад",
    "DESCRIPTION": "Перейти в стойку champ:Рыцаря. NL Даёт !B! Защиты. NL champ:Бодрость влияет на эту карту."
  },
  "champ:BerserkersShout": {
    "NAME": "В атаку!",
    "DESCRIPTION": "Даёт !M! champ:Бодрости. NL Перейти в стойку champ:Берсерка."
  },
  "champ:RageSigil": {
    "NAME": "План битвы",
    "DESCRIPTION": "Даёт !B! Защиты. NL Вы Предсказываете !M! карт."
  },
  "champ:GutPunch": {
    "NAME": "Удар в живот",
    "DESCRIPTION": "Наносит !D! урона. NL champ:Комбо любой стойки — перейти в champ:Совершенную стойку. NL Сжигается."
  },
  "champ:FanOfKnives": {
    "NAME": "Веер ножей",
    "DESCRIPTION": "Наносит !D! урона ВСЕМ врагам. NL champ:Комбо champ:Берсерка — наносит урон дважды.",
    "UPGRADE_DESCRIPTION": "Наносит !D! урона ВСЕМ врагам. NL champ:Комбо champ:Берсерка — наносит урон трижды."
  },
  "champ:Devastate": {
    "NAME": "Опустошение",
    "DESCRIPTION": "Наносит !D! урона !M! раз. NL Стоит на 1 [E] меньше за каждый сыгранный в этом бою champ:Финишер."
  },
  "champ:Circumvent": {
    "NAME": "Обойти",
    "DESCRIPTION": "Даёт !B! Защиты. NL Вы берёте и сбрасываете !M! карт."
  },
  "champ:SkillfulDodge": {
    "NAME": "Искусный уворот",
    "DESCRIPTION": "Даёт !B! Защиты и !M! champ:Контратаки. NL champ:Комбо champ:Рыцаря — увеличивает свои эффекты на !cool! до конца боя."
  },
  "champ:TornadoPunch": {
    "NAME": "Торнадо кулаков",
    "DESCRIPTION": "Наносит !D! урона ВСЕМ врагам. NL champ:Комбо champ:Рыцаря — даёт !B! Защиты за каждого врага.",
    "UPGRADE_DESCRIPTION": "Наносит !D! урона ВСЕМ врагам. NL champ:Комбо champ:Рыцаря — даёт !B! Защиты за каждого врага."
  },
  "champ:EnGarde": {
    "NAME": "Ан гард",
    "DESCRIPTION": "Даёт !B! Защиты. NL Даёт !B! Защиты в начале следующего хода, если вы теряете всю Защиту."
  },
  "champ:ShieldSlam": {
    "NAME": "Момент истины",
    "DESCRIPTION": "Оставляется. NL Вы берёте карту.",
    "UPGRADE_DESCRIPTION": "Оставляется. NL Вы берёте !M! карт."
  },
  "champ:EnchantShield": {
    "NAME": "Зачаровать щит",
    "DESCRIPTION": "Выберите карту в руке и увеличьте её Защиту на !M! до конца боя. NL Сжигается.",
    "EXTENDED_DESCRIPTION": [
      "Сейчас не подходящее время для этого."
    ]
  },
  "champ:BringItOn": {
    "NAME": "Давай, нападай!",
    "DESCRIPTION": "Даёт !B! Защиты и !M! champ:Контратаки.",
    "EXTENDED_DESCRIPTION": [
      "Я не в стойке."
    ]
  },
  "champ:ShieldThrow": {
    "NAME": "Метание щита",
    "DESCRIPTION": "Наносит урон, равный вашей Защите, дважды. NL Вы получите 2 Хрупкости. NL champ:Комбо champ:Рыцаря — вы не получите 2 Хрупкости.",
    "EXTENDED_DESCRIPTION": [
      "Наносит урон, равный вашей Защите, дважды. NL Вы получите 2 Хрупкости. NL champ:Комбо champ:Рыцаря — вы теряете 2 Хрупкости"
    ]
  },
  "champ:FalseCounter": {
    "NAME": "Изнурение",
    "DESCRIPTION": "Даёт !B! Защиты. NL Вы получите [E] и возьмёте 2 карты в следующем ходу.",
    "UPGRADE_DESCRIPTION": "Даёт !B! Защиты. NL Вы получите [E] [E] и возьмёте 2 карты в следующем ходу."
  },
  "champ:IronFortress": {
    "NAME": "Железная крепость",
    "DESCRIPTION": "Даёт !M! Защиты при каждом переходе в стойку."
  },
  "champ:Lariat": {
    "NAME": "Укрепление тела",
    "DESCRIPTION": "Даёт !B! Защиты X раз."
  },
  "champ:HoldFirm": {
    "NAME": "Стоять до последнего!",
    "DESCRIPTION": "Даёт !B! Защиты, !M! champ:Контратаки и 1 bronze:Неуловимости."
  },
  "champ:ShieldWall": {
    "NAME": "Железная крепость",
    "DESCRIPTION": "Даёт 2 Ловкости. NL Вы получаете !M! Защиты в конце каждого хода."
  },
  "champ:Haymaker": {
    "NAME": "Кувалда",
    "DESCRIPTION": "Наносит !D! урона. NL Накладывает 2 Уязвимости и 2 Слабости."
  },
  "champ:ViciousMockery": {
    "NAME": "Жестокая насмешка",
    "DESCRIPTION": "Даёт !M! champ:Бодрости. NL Накладывает !DM! Слабости.",
    "EXTENDED_DESCRIPTION": [
      "champ:Комбо champ:Берсерка — даёт !M! временной Силы. NL ",
      "champ:Комбо champ:Рыцаря — даёт !M! временной Ловкости."
    ]
  },
  "champ:PreciseThrust": {
    "NAME": "Точный укол",
    "DESCRIPTION": "Наносит !D! урона. NL champ:Комбо champ:Берсерка — наносит !D! урона. NL champ:Комбо champ:Рыцаря — даёт !B! Защиты."
  },
  "champ:CrookedStrike": {
    "NAME": "Грязный удар",
    "DESCRIPTION": "Наносит !D! урона. NL Не снимает champ:Бодрость."
  },
  "champ:RapidStrikes": {
    "NAME": "Стремительные удары",
    "DESCRIPTION": "Наносит !D! урона !M! раз. NL Уменьшает стоимость случайного champ:Удара в руке до 0 в этом ходу."
  },
  "champ:EnchantSword": {
    "NAME": "Зачаровать меч",
    "DESCRIPTION": "Выберите карту в руке и увеличьте её урон на !M! до конца боя. NL Сжигается.",
    "EXTENDED_DESCRIPTION": [
      "Сейчас не подходящее время для этого."
    ]
  },
  "champ:BladeFlurry": {
    "NAME": "Шквал ударов",
    "DESCRIPTION": "Наносит !D! урона. NL Следующий champ:Удар разыгрывается дважды."
  },
  "champ:SwordThrow": {
    "NAME": "Метнуть меч",
    "DESCRIPTION": "Наносит !D! урона !M! раз. NL Вы получите 2 Слабости. NL champ:Комбо champ:Берсерка — вы не получите 2 Слабости."
  },
  "champ:MurderStrike": {
    "NAME": "Смертельный удар",
    "DESCRIPTION": "Оставляется. NL Наносит !D! урона. NL Наносит на !M! больше урона до конца боя, когда вы разыгрываете Навык."
  },
  "champ:HeavySlash": {
    "NAME": "Тяжёлый удар",
    "DESCRIPTION": "Наносит !D! урона. NL Добавляет в руку случайный Навык. Он стоит 0 до конца боя.",
    "UPGRADE_DESCRIPTION": "Наносит !D! урона. NL Добавляет в руку случайный улучшенный Навык. Он стоит 0 до конца боя."
  },
  "champ:CheapShot": {
    "NAME": "Подлый удар",
    "DESCRIPTION": "Наносит !D! урона. NL Наносит урон трижды, если враг — босс. Если нет: hermit:Оглушает врага. NL Сжигается."
  },
  "champ:RisingSlash": {
    "NAME": "Восходящий удар",
    "DESCRIPTION": "Наносит !D! урона. NL Наносит урон дважды, если последняя сыгранная карта — champ:Финишер."
  },
  "champ:Shatter": {
    "NAME": "Раздробить",
    "DESCRIPTION": "Снимает Защиту с врага. NL Наносит !D! урона.",
    "UPGRADE_DESCRIPTION": "Снимает Защиту и Артефакт с врага. NL Наносит !D! урона."
  },
  "champ:EnragedBash": {
    "NAME": "Разъярённый бросок",
    "DESCRIPTION": "Наносит !D! урона. NL champ:Комбо champ:Берсерка — наносит урон ещё дополнительный раз до конца боя.",
    "EXTENDED_DESCRIPTION": [
      "{@@}Наносит !D! урона !M! раз{!cool!|@=|&2,&3,&4=а}. NL champ:Комбо champ:Берсерка — наносит урон ещё дополнительный раз до конца боя."
    ]
  },
  "champ:VampiricStrike": {
    "NAME": "Вампирический удар",
    "DESCRIPTION": "Наносит !D! урона. NL Даёт Защиту, равную нанесённому по ОЗ урону."
  },
  "champ:AdrenalArmor": {
    "NAME": "Адреналиновая броня",
    "DESCRIPTION": "Даёт !B! Защиты. NL Даёт !M! временной Силы."
  },
  "champ:HeartStrike": {
    "NAME": "Удар в сердце",
    "DESCRIPTION": "Наносит !D! урона. NL Дважды, если у врага меньше !M!% ОЗ.",
    "EXTENDED_DESCRIPTION": [
      "Плохой выбор.",
      "Этот враг ещё не при смерти."
    ]
  },
  "champ:CrownThrow": {
    "NAME": "Бросок короны",
    "DESCRIPTION": "Наносит !D! урона. NL champ:Комбо champ:Берсерка — вы берёте !M! Атак."
  },
  "champ:Encircle": {
    "NAME": "Окружить",
    "DESCRIPTION": "Наносит !D! урона ВСЕМ врагам. NL Вы получаете champ:Бонус навыка за каждого врага, которому был нанесён урон."
  },
  "champ:LastStand": {
    "NAME": "Последний рубеж",
    "DESCRIPTION": "Снимает все ваши ослабления и даёт !M! Силы при потере 50% ОЗ.",
    "EXTENDED_DESCRIPTION": [
      "~Этого~ ~я~ ~не~ ~потерплю...~",
      "@ПОРАЖЕНИЕ??@ NL @НЕВОЗМОЖНО!!@"
    ]
  },
  "champ:RecklessLeap": {
    "NAME": "Безрассудный прыжок",
    "DESCRIPTION": "Наносит !D! урона. NL Даёт 2 Силы и отнимает 1 Ловкости. NL Сжигается.",
    "UPGRADE_DESCRIPTION": "Наносит !D! урона. NL Даёт 2 Силы и отнимает 1 Ловкости.",
    "EXTENDED_DESCRIPTION": [
      "Нужно найти подходящий момент."
    ]
  },
  "champ:IgnorePain": {
    "NAME": "Игнорировать боль",
    "DESCRIPTION": "Вы игнорируете любую потерю ОЗ до следующего хода. NL Сжигается.",
    "UPGRADE_DESCRIPTION": "Вы игнорируете любую потерю ОЗ до следующего хода. NL Сжигается."
  },
  "champ:DeathBlow": {
    "NAME": "Смертельный удар",
    "DESCRIPTION": "Наносит !D! урона ВСЕМ врагам. NL Даёт !M! champ:Бодрости. NL Сжигается."
  },
  "champ:ArenaPreparation": {
    "NAME": "Подготовка арены",
    "DESCRIPTION": "Добавляет в руку !M! случайных Навыков. Они *Оставляются. NL Сжигается."
  },
  "champ:SteelEdge": {
    "NAME": "Стальное лезвие",
    "DESCRIPTION": "Наносит !D! урона X раз.",
    "EXTENDED_DESCRIPTION": [
      "champ:Комбо champ:Берсерка — наносит !D! урона X раз. NL ",
      "champ:Комбо champ:Рыцаря — даёт !B! Защиты X раз.",
      "champ:Гладиатора — вы берёте карту и получаете [E].",
      "champ:Гладиатора — вы берёте 2 карты и получаете [E].",
      "champ:Комбо NL "
    ]
  },
  "champ:Improvising": {
    "NAME": "Импровизация",
    "DESCRIPTION": "В начале каждого хода вы переходите в случайную стойку, если у вас не было стойки."
  },
  "champ:CalledShot": {
    "NAME": "Прицельный выстрел",
    "DESCRIPTION": "champ:Комбо champ:Берсерка — даёт [E] [E], затем Сжигается. NL champ:Комбо champ:Рыцаря — вы берёте !M! карт.",
    "UPGRADE_DESCRIPTION": "champ:Комбо champ:Берсерка — даёт [E] [E] [E], затем Сжигается. NL champ:Комбо champ:Рыцаря — вы берёте !M! карт.",
    "EXTENDED_DESCRIPTION": [
      "champ:Комбо champ:Берсерка — даёт [E] [E], затем Сожгите её. NL ",
      "champ:Комбо champ:Берсерка — даёт [E] [E] [E], затем Сожгите её. NL ",
      "champ:Комбо champ:Рыцаря — вы берёте !M! карт.",
      "Сейчас не подходящее время для этого."
    ]
  },
  "champ:PerfectedStrike": {
    "NAME": "Идеальный удар",
    "DESCRIPTION": "Наносит !D! урона. NL Наносит по !M! дополнительного урона за каждый champ:Удар в колоде."
  },
  "champ:GladiatorForm": {
    "NAME": "Облик гладиатора",
    "DESCRIPTION": "В начале вашего хода даёт !M! champ:Бодрости за каждые 3 champ:Бодрости, потраченные в прошлом ходу. То же самое для champ:Контратаки."
  },
  "champ:Duel": {
    "NAME": "Дуэль",
    "DESCRIPTION": "Даёт !B! Защиты. NL Наносит !D! урона. NL Разыгрывается дважды, если у выбранного врага есть Сила.",
    "UPGRADE_DESCRIPTION": "Даёт !B! Защиты. NL Наносит !D! урона. NL Разыгрывается дважды, если у выбранного врага есть Сила."
  },
  "champ:DancingMaster": {
    "NAME": "Танцующий мастер",
    "DESCRIPTION": "Вы получаете [E] и берёте карту, когда разыгрываете первый в ходу champ:Финишер."
  },
  "champ:StrikeOfGenius": {
    "NAME": "Удар гения",
    "DESCRIPTION": "В начале каждого хода добавляет в руку случайный champ:Удар. Он стоит 0, пока не разыгран, и Сжигается.",
    "UPGRADE_DESCRIPTION": "В начале каждого хода добавляет в руку случайный улучшенный champ:Удар. Он стоит 0, пока не разыгран, и Сжигается."
  },
  "champ:DefensiveStyle": {
    "NAME": "Защитный стиль",
    "DESCRIPTION": "Перейти в стойку champ:Рыцаря. NL Увеличивает champ:Бонус навыка в стойке champ:Рыцаря на !M!.",
    "UPGRADE_DESCRIPTION": "Врождённая. NL Перейти в стойку champ:Рыцаря. NL Увеличивает champ:Бонус навыка в стойке champ:Рыцаря на !M!."
  },
  "champ:GladiatorStyle": {
    "NAME": "Стиль гладиатора",
    "DESCRIPTION": "Даёт !M! Силы. NL Даёт !M! Ловкости."
  },
  "champ:BerserkerStyle": {
    "NAME": "Стиль берсерка",
    "DESCRIPTION": "Перейти в стойку champ:Берсерка. NL Увеличивает champ:Бонус навыка в стойке champ:Берсерка на !M!.",
    "UPGRADE_DESCRIPTION": "Врождённая. NL Перейти в стойку champ:Берсерка. NL Увеличивает champ:Бонус навыка в стойке champ:Берсерка на !M!."
  },
  "champ:Riposte": {
    "NAME": "Ответный удар",
    "DESCRIPTION": "Эфирная. NL Наносит !D! урона. NL Сжигается."
  },
  "champ:Endure": {
    "NAME": "Терпение",
    "DESCRIPTION": "Даёт !B! Защиты. NL Сила влияет на эту карту вместо Ловкости.",
    "UPGRADE_DESCRIPTION": "Даёт !B! Защиты. NL Сила влияет на эту карту."
  },
  "champ:PreemptiveStrike": {
    "NAME": "Упреждающий удар",
    "DESCRIPTION": "Наносит урон, равный вашей champ:Контратаке, ВСЕМ врагам. NL Снимает половину champ:Контратаки.",
    "EXTENDED_DESCRIPTION": [
      " NL (Наносит !D! урона)",
      "Так себе момент для этого удара."
    ]
  },
  "champ:Parry": {
    "NAME": "Парирование",
    "DESCRIPTION": "Даёт !B! Защиты и !M! champ:Контратаки. NL Добавляет в руку *Ответный *удар, если в прошлом ходу сработала *Контратака.",
    "UPGRADE_DESCRIPTION": "Эфирная. NL Наносит урон, равный использованной champ:Контратаке. NL Сжигается."
  },
  "champ:EnchantCrown": {
    "NAME": "Зачаровать корону",
    "DESCRIPTION": "Выберите карту в руке. Уменьшает её стоимость до 0 в этом бою. NL Сжигается.",
    "EXTENDED_DESCRIPTION": [
      "Не время баловаться с короной."
    ]
  },
  "champ:ModFinisherStrike": {
    "NAME": "Завершающий удар",
    "DESCRIPTION": "Оставляется. NL Наносит !D! урона."
  },
  "champ:UltimateStance": {
    "NAME": "Совершенная стойка",
    "DESCRIPTION": "Перейти в champ:Совершенную стойку на следующий ход. NL Сжигается.",
    "UPGRADE_DESCRIPTION": "Требует находиться в стойке champ:Рыцаря или champ:Берсерка. NL Перейти в champ:Совершенную стойку на !M! хода.",
    "EXTENDED_DESCRIPTION": [
      "Я не в стойке."
    ]
  },
  "champ:FancyFootwork": {
    "NAME": "Работа ног",
    "DESCRIPTION": "Перейти в другую стойку. NL Отнимает !M! ОЗ у ВСЕХ врагов, когда вы разыгрываете champ:Финишер в этом ходу."
  },
  "champ:TripleStrike": {
    "NAME": "Тройной удар",
    "DESCRIPTION": "Наносит !D! урона. NL Добавляет в руку 2 *Удара. Они стоят 0 и активируют champ:Бонус навыка. NL Сжигается.",
    "UPGRADE_DESCRIPTION": "Наносит !D! урона. NL Добавляет в руку 2 улучшенных *Удара. Они стоят 0 и активируют champ:Бонус навыка. NL Сжигается."
  },
  "champ:WindUp": {
    "NAME": "Завод",
    "DESCRIPTION": "Перейти в стойку champ:Берсерка или champ:Рыцаря. NL Вы кладёте champ:Финишер из стопки добора в руку. NL Сжигается.",
    "UPGRADE_DESCRIPTION": "Перейти в стойку champ:Берсерка или champ:Рыцаря. NL Вы кладёте champ:Финишер из стопки добора в руку.",
    "EXTENDED_DESCRIPTION": [
      "Перейти в стойку champ:Берсерка.",
      "Перейти в стойку champ:Рыцаря."
    ]
  },
  "champ:Headbutt": {
    "NAME": "Удар головой",
    "DESCRIPTION": "Наносит !D! урона. NL Вы кладёте карту из стопки сброса на верх стопки добора."
  }
}