[
  {
    "PROPER_NAME": "Бонус навыка",
    "NAMES": [
      "бонус навыка",
      "бонус",
      "бонуса",
      "technique",
      "champ:[crown_icon]",
      "[crown_icon]"
    ],
    "DESCRIPTION": "Вторичный эффект от применения #yНавыков и #yФинишеров в указанной стойке."
  },
  {
    "PROPER_NAME": "Комбо",
    "NAMES": [
      "комбо"
    ],
    "DESCRIPTION": "Карты с дополнительным эффектом, срабатывающим только при разыгрывании в нужной #yСтойке."
  },
  {
    "PROPER_NAME": "Финишер",
    "NAMES": [
      "финишер",
      "финишера",
      "финишеры",
      "финишером",
      "[fist_icon]",
      "champ:[fist_icon]"
    ],
    "DESCRIPTION": "Требует, чтобы вы были в #yСтойке. NL После разыгрывания активирует #yБонус #yфинишера соответствующей #yСтойки и выходит из неё."
  },
  {
    "PROPER_NAME": "Контратака",
    "NAMES": [
      "контратака",
      "контратаки",
      "контратаке",
      "контратаку",
      "counter"
    ],
    "DESCRIPTION": "Возвращает урон врагу от следующей полученной #yАтаки."
  },
  {
    "PROPER_NAME": "Стойка Рыцаря",
    "NAMES": [
      "стойка рыцаря",
      "рыцаря"
    ],
    "DESCRIPTION": "#bОборонительная #yстойка. NL Бонус #yнавыка — даёт #b3 #yКонтратаки. NL Бонус #yфинишера — даёт #b6 #yЗащиты."
  },
  {
    "PROPER_NAME": "Стойка Берсерка",
    "NAMES": [
      "стойка берсерка",
      "берсерка"
    ],
    "DESCRIPTION": "#rЯростная #yстойка. NL Бонус #yнавыка — даёт #b2 #yБодрости. NL Бонус #yфинишера — даёт #b1 #yСилы."
  },
  {
    "PROPER_NAME": "Стойка Гладиатора",
    "NAMES": [
      "стойка гладиатора",
      "гладиатора",
      "гладиаторскую"
    ],
    "DESCRIPTION": "#gЗавершающая #yстойка. NL Бонус #yнавыка — вы берёте карту. NL Бонус #yфинишера — даёт [E] и вы берёте карту в следующем ходу. Завершает ваш ход."
  },
  {
    "PROPER_NAME": "Совершенная стойка",
    "NAMES": [
      "совершенная стойка",
      "совершенная",
      "совершенную",
      "совершенной",
      "ultimate"
    ],
    "DESCRIPTION": "#pОсобая #yстойка. Её бонусы срабатывают как за стойку #rБерсерка, так и за #bРыцаря. NL Вы не можете выйти из этой #yСтойки в этом ходу."
  },
  {
    "PROPER_NAME": "Изнурение",
    "NAMES": [
      "изнурение",
      "изнурения",
      "изнурённые",
      "изнуряет"
    ],
    "DESCRIPTION": "Отнимает ОЗ. Восполняет #yИзнурённые ОЗ в конце боя. Вы не можете умереть от этого эффекта."
  },
  {
    "PROPER_NAME": "Бодрость",
    "NAMES": [
      "бодрость",
      "бодрости",
      "бодростью",
      "vigor"
    ],
    "DESCRIPTION": "Ваша следующая #yАтака наносит дополнительный урон."
  },
  {
    "PROPER_NAME": "Удар",
    "NAMES": [
      "удар",
      "удары",
      "удара",
      "ударов",
      "strike"
    ],
    "DESCRIPTION": "Карты, содержащие слово «Удар» в названии."
  }
]