{
  "champ:OpenerPotion": {
    "NAME": "Зелье стратега",
    "DESCRIPTIONS": [
      "Выберите #b1 из #b2 карт, меняющих #yСтойку, и добавьте её в руку (по одной на каждую #yСтойку). В этом ходу она стоит #b0.",
      " Добавляет #b",
      " её копию в руку.",
      " её копии в руку."
    ]
  },
  "champ:TechniquePotion": {
    "NAME": "Запечатанная техника",
    "DESCRIPTIONS": [
      "Вы получаете #yБонус #yнавыка от текущей #yСтойки #b",
      " раз."
    ]
  },
  "champ:UltimateStancePotion": {
    "NAME": "Стимулятор",
    "DESCRIPTIONS": [
      "Перейти в #pСовершенную #yстойку на #b",
      " хода."
    ]
  },
  "champ:CounterPotion": {
    "NAME": "Острый напиток",
    "DESCRIPTIONS": [
      "Даёт #b",
      " #yКонтратаки."
    ]
  }
}