{
  "champ:CounterPower": {
    "NAME": "Контратака",
    "DESCRIPTIONS": [
      "Наносит #b",
      " урона в ответ на следующую атаку."
    ]
  },
  "champ:FocusedDefPower": {
    "NAME": "Сосредоточенная оборона",
    "DESCRIPTIONS": [
      "Даёт #b",
      " #yЗащиты, когда вы разыгрываете следующий #yФинишер в этом ходу."
    ]
  },
  "champ:FocusedBerPower": {
    "NAME": "Сосредоточенная ярость",
    "DESCRIPTIONS": [
      "Отнимает #b",
      " ОЗ у ВСЕХ врагов, когда вы разыгрываете следующий #yФинишер в этом ходу."
    ]
  },
  "champ:ShieldWallPower": {
    "NAME": "Стена щитов",
    "DESCRIPTIONS": [
      "Даёт #b",
      " #yКонтратаки в конце вашего хода."
    ]
  },
  "champ:EntangleNextTurnPower": {
    "NAME": "Бросок меча",
    "DESCRIPTIONS": [
      "Вы не сможете разыгрывать #yАтаки в следующем ходу.",
      "Вы не сможете разыгрывать #yАтаки следующие #b",
      " хода."
    ]
  },
  "champ:DrawLessNextTurnPower": {
    "NAME": "Снижение добора",
    "DESCRIPTIONS": [
      "Вы берёте на #b",
      " карту меньше в следующем ходу.",
      " карты меньше в следующем ходу."
    ]
  },
  "champ:PushThroughPower": {
    "NAME": "Игнорировать боль",
    "DESCRIPTIONS": [
      "Вы игнорируете любую потерю ОЗ в этом ходу.",
      "Вы игнорируете любую потерю ОЗ в этом ходу и в следующие #b",
      " хода."
    ]
  },
  "champ:WorseRupturePower": {
    "NAME": "Бесконечная ярость",
    "DESCRIPTIONS": [
      "Даёт #b",
      " временной #yСилы при потере ОЗ в вашем ходу."
    ]
  },
  "champ:ImprovisingPower": {
    "NAME": "Импровизация",
    "DESCRIPTIONS": [
      "В начале каждого хода вы переходите в случайную стойку, если у вас не было стойки."
    ]
  },
  "champ:CalledShotPower": {
    "NAME": "Командование",
    "DESCRIPTIONS": [
      "Вы не выйдете из #yстойки при разыгрывании следующего #yФинишера.",
      "Вы не выйдете из #yстойки при разыгрывании следующих #b",
      " #yФинишеров."
    ]
  },
  "champ:DancingMasterPower": {
    "NAME": "Танцующий мастер",
    "DESCRIPTIONS": [
      "Вы получаете #b",
      " [E] и берёте #b",
      " карты при первом разыгрывании #yФинишера за ход.",
      "",
      "Этот эффект уже был активирован в этом ходу.",
      ""
    ]
  },
  "champ:StrikeOfGeniusPower": {
    "NAME": "Удар гения",
    "DESCRIPTIONS": [
      "В начале вашего хода добавляет в руку случайный #yУдар. Он стоит #b0, пока не разыгран, и #yСжигается.",
      "В начале вашего хода добавляет в руку #b",
      " случайных #yУдара. Они стоят #b0, пока не разыграны, и #yСжигаются."
    ]
  },
  "champ:StrikeOfGeniusUpgradedPower": {
    "NAME": "Удар гения+",
    "DESCRIPTIONS": [
      "В начале вашего хода добавляет в руку случайный улучшенный #yУдар. Он стоит #b0, пока не разыгран, и #yСжигается.",
      "В начале вашего хода добавляет в руку #b",
      " случайных улучшенных #yУдара. Они стоят #b0, пока не разыграны, и #yСжигаются."
    ]
  },
  "champ:DefensiveStylePower": {
    "NAME": "Защитный стиль",
    "DESCRIPTIONS": [
      "Увеличивает #yБонус #yнавыка в стойке #bРыцаря на #b",
      "."
    ]
  },
  "champ:GladiatorStylePower": {
    "NAME": "Стиль гладиатора",
    "DESCRIPTIONS": [
      "Даёт #b",
      " временной #yСилы и #yЛовкости, если вы не в #yстойке в начале вашего хода."
    ]
  },
  "champ:BerserkerStylePower": {
    "NAME": "Стиль берсерка",
    "DESCRIPTIONS": [
      "#yБонус #yнавыка в стойке #rБерсерка даёт на #b",
      " #yБодрости больше."
    ]
  },
  "champ:FalseCounterPower": {
    "NAME": "Обманный манёвр",
    "DESCRIPTIONS": [
      "После следующего срабатывания #yКонтратака уменьшится только наполовину.",
      "После следующих #b",
      " срабатываний #yКонтратака уменьшится только наполовину."
    ]
  },
  "champ:EnergizedDurationPower": {
    "NAME": "Энергичность",
    "DESCRIPTIONS": [
      "Даёт #b",
      " [E] в следующем ходу.",
      " [E] в следующем ходу.",
      " —"
    ]
  },
  "champ:IronFortressPower": {
    "NAME": "Железная крепость",
    "DESCRIPTIONS": [
      "Даёт #b",
      " Защиты при переходе в #yстойку."
    ]
  },
  "champ:IronFortressVigorPower": {
    "NAME": "Железная крепость ярости",
    "DESCRIPTIONS": [
      "Вы получаете #yБонус #yнавыка при переходе в стойку #rБерсерка",
      " #b",
      " раз."
    ]
  },
  "champ:LastStandMod": {
    "NAME": "Последний рубеж",
    "DESCRIPTIONS": [
      "Даёт ",
      " #yСилы и снимает все ослабления в начале вашего хода при потере #b50% ОЗ. Затем снимает этот эффект."
    ]
  },
  "champ:GladiatorFormPower": {
    "NAME": "Облик гладиатора",
    "DESCRIPTIONS": [
      "В начале вашего хода даёт #b",
      " #yБодрости за каждые #b3 #yБодрости, потраченные в этом ходу. То же самое для #yКонтратаки."
    ]
  },
  "champ:NoBlockNextTurnPower": {
    "NAME": "Бросок щита",
    "DESCRIPTIONS": [
      "Вы не сможете получать #yЗащиту в следующем ходу.",
      "Вы не сможете получать #yЗащиту следующие #b",
      " хода."
    ]
  },
  "champ:UltimateStancePower": {
    "NAME": "Предел совершенства",
    "DESCRIPTIONS": [
      "Вы выйдете из #pСовершенной #yстойки в конце этого хода.",
      "Вы выйдете из #pСовершенной #yстойки через #b",
      " хода."
    ]
  },
  "champ:UltimateFormNextTurnPower": {
    "NAME": "Подготовка к совершенству",
    "DESCRIPTIONS": [
      "Вы перейдёте в #pСовершенную #yстойку в начале вашего следующего хода.",
      " NL Вы выйдете из неё через #b",
      " хода."
    ]
  },
  "champ:EnGardePower": {
    "NAME": "Ан гард",
    "DESCRIPTIONS": [
      "Вы получите #b",
      " #yЗащиты в следующем ходу при потере всей #yЗащиты в этом ходу."
    ]
  },
  "champ:ParryPower": {
    "NAME": "Парирование",
    "DESCRIPTIONS": [
      "Добавляет в руку #yОтветный #yудар, если в этом ходу будет использована #yКонтратака."
    ]
  },
  "champ:BoomerangPower": {
    "NAME": "Бумеранг",
    "DESCRIPTIONS": [
      "Возвращает ",
      " в руку в начале вашего следующего хода. Стоит #b0 до конца боя."
    ]
  },
  "champ:ResolvePower": {
    "NAME": "Изнурение",
    "DESCRIPTIONS": [
      "Вы восполните потерянные ОЗ в конце боя."
    ]
  },
  "champ:DualPlaySrikePower": {
    "NAME": "Шквал ударов",
    "DESCRIPTIONS": [
      "Следующий #yУдар в этом ходу разыгрывается дважды.",
      "Следующие #b",
      " #yУдара в этом ходу разыгрываются дважды."
    ]
  },
  "champ:LastStandPower": {
    "NAME": "Последний рубеж",
    "DESCRIPTIONS": [
      "Даёт #b",
      " #yСилы и снимает все ослабления при потере #b50% ОЗ.",
      "~Этого~ ~я~ ~не~ ~потерплю...~",
      "@ПОРАЖЕНИЕ??@ NL @НЕВОЗМОЖНО!!@"
    ]
  },
  "champ:DoubleStyleThisTurnPower": {
    "NAME": "Хлестнуть цепью",
    "DESCRIPTIONS": [
      "Увеличивает #yБонус #yнавыка на #b",
      " в этом ходу."
    ]
  }
}