{
  "champ:ChampionCrown": {
    "NAME": "Корона чемпиона",
    "FLAVOR": "ТЫ ПОБЕДИТЕЛЬ!",
    "DESCRIPTIONS": [
      "Один раз за бой вы можете перейти в #yстойку, в которой не находитесь."
    ]
  },
  "champ:BlackKnightHelmet": {
    "NAME": "Шлем чёрного рыцаря",
    "FLAVOR": "Всего лишь царапина.",
    "DESCRIPTIONS": [
      "Первый раз за бой, когда вы входите в каждую #yстойку: NL стойка #bРыцаря — получите #b2 #yЛовкости и потеряйте #b1 #yСилы. NL стойка #rБерсерка — получите #b2 #yСилы и потеряйте #b1 #yЛовкости."
    ]
  },
  "champ:Barbells": {
    "NAME": "Гантель",
    "FLAVOR": "1000 повторений? Пфф. Я могу сделать 1001.",
    "DESCRIPTIONS": [
      "Каждый раз, посещая стоянку, если у вас в колоде есть хотя бы #b",
      " улучшаемых карт, #yУлучшайте одну случайную."
    ]
  },
  "champ:BerserkersGuideToSlaughter": {
    "NAME": "Руководство берсерка",
    "FLAVOR": "Текст неразборчив.",
    "DESCRIPTIONS": [
      "В начале вашего хода получайте #b",
      " #yБодрости."
    ]
  },
  "champ:ChampionCrownUpgraded": {
    "NAME": "Победоносная корона",
    "FLAVOR": "Поздравляю!! Вы величайший победитель.",
    "DESCRIPTIONS": [
      "Заменяет ",
      ".[] NL Первый раз, когда вы разыгрываете #yФинишер в ход, берите #b",
      " карт и переходите в случайную #yстойку."
    ]
  },
  "champ:DefensiveTrainingManual": {
    "NAME": "Защитный трактат",
    "FLAVOR": "Совет профи: «Не получай урона».",
    "DESCRIPTIONS": [
      "#yБонус #yфинишера в стойке #bРыцаря даёт на #b",
      " #yЗащиты больше."
    ]
  },
  "champ:DeflectingBracers": {
    "NAME": "Отражающие наручи",
    "FLAVOR": "Если вы думали, что блокировать — хорошо, то...",
    "DESCRIPTIONS": [
      "В начале вашего хода получайте #yКонтратаку, равную половине потерянной в конце хода #yЗащиты."
    ]
  },
  "champ:DuelingGlove": {
    "NAME": "Дуэльная перчатка",
    "FLAVOR": "Считаем с десяти...",
    "DESCRIPTIONS": [
      "После использования одноцелевой #yАтаки, если у цели нет #yУязвимости, накладывайте #b1 #yУязвимость."
    ]
  },
  "champ:FightingForDummies": {
    "NAME": "Руководство для чайников",
    "FLAVOR": "Автор — известный исследователь и боец Дельфин К. Мист.",
    "DESCRIPTIONS": [
      "Если вы заканчиваете ход не в #yстойке, в следующем ходу берите на #b1 карту больше."
    ]
  },
  "champ:GladiatorsBookOfMartialProwess": {
    "NAME": "Руководство гладиатора",
    "FLAVOR": "Пробуйте всё — что-нибудь да пригодится.",
    "DESCRIPTIONS": [
      "Каждый раз, когда вы разыгрываете #yКомбо, #yФинишер и входите в #yстойку в одном ходу, получайте #b1 #yСилы и #yЛовкости."
    ]
  },
  "champ:PowerArmor": {
    "NAME": "Силовая броня",
    "FLAVOR": "Куплено с рук.",
    "DESCRIPTIONS": [
      "В начале хода получайте [E]. NL Максимальное количество #yБодрости и #yКонтратаки — #b",
      "."
    ]
  },
  "champ:RageAmulet": {
    "NAME": "Амулет несгибаемости",
    "FLAVOR": "Сила, которую считали мимолётной, течёт сквозь вас, словно всегда была здесь.",
    "DESCRIPTIONS": [
      "Каждый раз, когда вы тратите #yБодрость, получайте #b1 #yСилы за каждые #b",
      " потраченной #yБодрости."
    ]
  },
  "champ:SignatureFinisher": {
    "NAME": "Фирменный финишер",
    "FLAVOR": "А теперь время для моего СОВЕРШЕННОГО ПРИЁМА!",
    "DESCRIPTIONS": [
      "При получении выберите #yФинишер. Этот #yФинишер стоит #b0, может быть использован без #yстойки и никогда не заставляет вас выходить из #yстойки.",
      "Выберите карту для ",
      " стоит #b0, может быть использован без #yстойки и никогда не заставляет вас выходить из #yстойки.",
      "Карта, связанная с этой реликвией, была #rудалена из вашей колоды, реликвия больше не работает."
    ]
  },
  "champ:SpectersHand": {
    "NAME": "Рука призрака",
    "FLAVOR": "Некоторые победы остаются с тобой.",
    "DESCRIPTIONS": [
      "Каждый раз, когда вы входите в #yстойку, получайте gremlin:Эхо базового #yУдара или #yОбороны. Оно стоит #b0."
    ]
  },
  "champ:LiftRelic": {
    "NAME": "Внутренняя сила",
    "FLAVOR": "Дело в гигантском мече в твоём сердце.",
    "DESCRIPTIONS": [
      "Начинайте каждый бой с #b",
      " #yСилы."
    ]
  },
  "champ:ChampStancesModRelic": {
    "NAME": "Новый претендент",
    "FLAVOR": "Сможете ли вы забрать корону?",
    "DESCRIPTIONS": [
      "Начинайте каждый бой в случайной #yстойке Чемпиона."
    ]
  },
  "champ:BustedCrownGagText": {
    "NAME": "Сломанная корона",
    "FLAVOR": "Подражание — самая искренняя форма лести... или нет? Она даже не особо похожа на твою корону. На самом деле это даже оскорбительно.",
    "DESCRIPTIONS": [
      "В начале хода получайте [E]. В будущих наградах за карты будет на 2 карты меньше для выбора."
    ]
  }
}