{
  "champ:SealCommonReward": {
    "TEXT": [
      "Добавить обычную карту в колоду"
    ]
  },
  "champ:SealSealReward": {
    "TEXT": [
      "Добавить Печать в колоду"
    ]
  },
  "champ:TechniqueMod": {
    "TEXT": [
      " Активирует *бонус навыка. NL "
    ]
  },
  "champ:OpenerMod": {
    "TEXT": [
      " NL Перейти в стойку champ:Берсерка.",
      " NL Перейти в стойку champ:Рыцаря.",
      "Перейти в стойку champ:Гладиатора. NL "
    ]
  },
  "champ:RetainCardMod": {
    "TEXT": [
      "Оставляется. NL "
    ]
  },
  "champ:EnchantUI": {
    "TEXT": [
      "Стоимость 0.",
      "Увеличение урона.",
      "Увеличение Защиты."
    ]
  },
  "champ:highlightCombos": {
    "TEXT": [
      "champ:Комбо Берсерка:",
      "champ:Комбо [#5ebf2a]Берсерка:",
      "champ:Комбо Рыцаря:",
      "champ:Комбо [#5ebf2a]Рыцаря:"
    ]
  }
}